Marque,Libelle_modele,Modele,Energie,Cylindree,Poids_a_vide,Essai_CO2_type_1,Essai_HC,Essai_Nox,Essai_HCNox,Prix_vehicule,PGR_CO2,PGR_HC,PGR_cumul
RENAULT,KANGOO,KANGOO,ESSENCE,1332,1519,0.234,0.012,0.022,,31000,0.234,0.3,0.534
DS,DS_7_CROSSBACK,7_CROSSBACK,ELEC+ESSENC_HR,1598,1760,0.46,0.015,0.016,,57560,0.46,0.375,0.835
RENAULT,AUSTRAL,AUSTRAL,ESS+ELEC_HNR,1199,1421,0.439,0.024,0.018,,33000,0.439,0.6,1.039
B.M.W.,SERIE_2,218,ESSENCE,1499,1470,0.204,0.007,0.009,,36688,0.204,0.17500000000000002,0.379
RENAULT,KADJAR,KADJAR,ESSENCE,1332,1353,0.162,0.015,0.013,,33500,0.162,0.375,0.537
SKODA,OCTAVIA,OCTAVIA,GAZOLE,1968,1386,0.026,0.008999999999999998,0.028,0.037,35218,0.026,0.22499999999999995,0.25099999999999995
B.M.W.,SERIE_X,X5,ELEC+GAZOLE_HR,2993,2190,0.141,0.018000000000000002,0.045,0.063,79017,0.141,0.45000000000000007,0.5910000000000001
JEEP,COMPASS,COMPASS,ELEC+ESSENC_HR,1332,1860,0.326,0.033,0.019,,50100,0.326,0.8250000000000001,1.151
RENAULT,ARKANA_E_TECH,ARKANA,ESS+ELEC_HNR,1598,1435,0.383,0.02,0.003,,35656,0.383,0.5,0.883
RENAULT,ARKANA,ARKANA,ESS+ELEC_HNR,1332,1336,0.307,0.011,0.021,,33288,0.307,0.27499999999999997,0.582
MINI,MINI,CLUBMAN,ESSENCE,1499,1335,0.217,0.021,0.015,,34014,0.217,0.525,0.742
NISSAN,QASHQAI,QASHQAI,ESS+ELEC_HNR,1332,1457,0.312,0.015,0.024,,42920,0.312,0.375,0.687
RENAULT,AUSTRAL,AUSTRAL,ESS+ELEC_HNR,1199,1421,0.439,0.024,0.018,,34650,0.439,0.6,1.039
B.M.W.,SERIE_X,X3,ELEC+GAZOLE_HR,1995,1840,0.165,0.044000000000000004,0.025,0.069,59100,0.165,1.1,1.2650000000000001
VOLKSWAGEN,TIGUAN,TIGUAN,ELEC+ESSENC_HR,1395,1744,0.213,0.013,0.011,,50806,0.213,0.325,0.538
B.M.W.,SERIE_4,420,ESSENCE,1998,1525,0.355,0.027,0.014,,53100,0.355,0.675,1.03
ALFA_ROMEO,GIULIA,GIULIA,ESSENCE,1995,1429,0.241,0.045,0.023,,51625,0.241,1.125,1.366
RENAULT,KANGOO,KANGOO,ESSENCE,1332,1519,0.234,0.012,0.022,,31000,0.234,0.3,0.534
B.M.W.,SERIE_X,X3,ELEC+ESSENC_HR,1998,1990,0.642,0.017,0.012,,64950,0.642,0.42500000000000004,1.0670000000000002
DACIA,DUSTER,DUSTER,GAZOLE,1461,1354,0.146,0.049,0.019,0.068,21013,0.146,1.225,1.371
CITROEN,JUMPY_SPACE_TOURER,SPACE_TOURER,GAZOLE,1997,1660,0.028,0.004,0.023,0.027,35250,0.028,0.1,0.128
KIA,RIO,RIO,ESSENCE,998,1100,0.11,0.018,0.03,,19465,0.11,0.44999999999999996,0.5599999999999999
VOLKSWAGEN,CADDY,CADDY,ESSENCE,1498,1467,0.245,0.029,0.031,,29190,0.245,0.7250000000000001,0.9700000000000001
MERCEDES,CLASSE_GLC,GLC_300,ELEC+GAZOLE_HR,1950,2060,0.031,0.0,0.04,0.04,77775,0.031,0.0,0.031
DACIA,DUSTER,DUSTER,ESS+G.P.L.,999,1262,0.632,0.053,0.015,,18685,0.632,1.325,1.9569999999999999
DACIA,DUSTER,DUSTER,ESS+G.P.L.,999,1262,0.388,0.018,0.026,,18685,0.388,0.44999999999999996,0.838
SKODA,KAROQ,KAROQ,ESSENCE,1498,1321,0.192,0.027,0.022,,33965,0.192,0.675,0.867
SEAT,ATECA,ATECA,ESSENCE,999,1284,0.216,0.022,0.035,,30622,0.216,0.5499999999999999,0.7659999999999999
B.M.W.,M4,M4,ESSENCE,2993,1920,0.177,0.008,0.018,,115550,0.177,0.2,0.377
SEAT,ATECA,ATECA,GAZOLE,1968,1456,0.036,0.012,0.027,0.037,40423,0.036,0.3,0.33599999999999997
B.M.W.,SERIE_2,220,GAZOLE,1995,1505,0.19,0.053000000000000005,0.016,0.069,47413,0.19,1.3250000000000002,1.5150000000000001
B.M.W.,SERIE_1,118,GAZOLE,1995,1430,0.171,0.049,0.013,0.062,40410,0.171,1.225,1.3960000000000001
PORSCHE,MACAN_GTS,MACAN,ESSENCE,2894,1960,0.38,0.014,0.015,,93699,0.38,0.35000000000000003,0.73
MERCEDES,CLASSE_T,CLASSE_T,GAZOLE,1461,1603,0.149,0.054,0.03,0.084,35632,0.149,1.35,1.499
B.M.W.,SERIE_X,X2,GAZOLE,1995,1510,0.192,0.061000000000000006,0.024,0.085,43167,0.192,1.5250000000000001,1.717
SKODA,FABIA,FABIA,ESSENCE,999,1076,0.193,0.021,0.042,,22347,0.193,0.525,0.718
B.M.W.,SERIE_1,118,GAZOLE,1995,1430,0.171,0.049,0.013,0.062,40410,0.171,1.225,1.3960000000000001
RENAULT,KANGOO,KANGOO,ESSENCE,1332,1475,0.28,0.011,0.012,,25900,0.28,0.27499999999999997,0.5549999999999999
KIA,CEED,CEED,ELEC+ESSENC_HR,1580,1533,0.053,0.017,0.01,,38722,0.053,0.42500000000000004,0.47800000000000004
NISSAN,QASHQAI,QASHQAI,ESS+ELEC_HNR,1332,1457,0.312,0.015,0.024,,42920,0.312,0.375,0.687
B.M.W.,SERIE_4,420,ESSENCE,1998,1620,0.255,0.022,0.014,,53833,0.255,0.5499999999999999,0.8049999999999999
SKODA,OCTAVIA,OCTAVIA,GAZOLE,1968,1371,0.026,0.009000000000000001,0.043,0.052,32695,0.026,0.22500000000000003,0.25100000000000006
B.M.W.,SERIE_1,120,GAZOLE,1995,1515,0.071,0.037000000000000005,0.021,0.058,46988,0.071,0.9250000000000002,0.9960000000000001
MERCEDES,CLASSE_C,C_220,ELEC+GAZOLE_HR,1993,1655,0.063,0.007,0.007,0.014,58383,0.063,0.17500000000000002,0.23800000000000002
B.M.W.,SERIE_5,520,ELEC+GAZOLE_HR,1995,1840,0.1,0.029,0.019,0.048,62188,0.1,0.7250000000000001,0.8250000000000001
MINI,MINI,MINI,ESSENCE,1998,1275,0.227,0.016,0.01,,40700,0.227,0.4,0.627
B.M.W.,SERIE_1,118,ESSENCE,1499,1290,0.291,0.024,0.018,,35210,0.291,0.6,0.891
VOLKSWAGEN,CADDY,CADDY,ESSENCE,1498,1467,0.245,0.029,0.031,,30620,0.245,0.7250000000000001,0.9700000000000001
B.M.W.,SERIE_4,440,ELEC+GAZOLE_HR,2993,1980,0.114,0.013999999999999999,0.033,0.047,78250,0.114,0.35,0.46399999999999997
B.M.W.,SERIE_X,X5,ELEC+GAZOLE_HR,2993,2190,0.141,0.018000000000000002,0.045,0.063,79017,0.141,0.45000000000000007,0.5910000000000001
B.M.W.,SERIE_X,X2,ESSENCE,1499,1430,0.312,0.031,0.016,,42517,0.312,0.775,1.087
FORD,KUGA,KUGA,ESS+ELEC_HNR,2488,1626,0.205,0.011,0.01,,41512,0.205,0.27499999999999997,0.48
MERCEDES,CLASSE_E,E_200,GAZOLE,1950,1795,0.022,0.006000000000000002,0.029,0.035,70950,0.022,0.15000000000000005,0.17200000000000004
B.M.W.,M4,M4,ESSENCE,2993,1725,0.206,0.013,0.017,,104550,0.206,0.325,0.531
MINI,MINI,COUNTRYMAN,ESSENCE,1499,1390,0.136,0.016,0.008,,32880,0.136,0.4,0.536
NISSAN,QASHQAI,QASHQAI,ESS+ELEC_HNR,1332,1457,0.312,0.015,0.024,,42920,0.312,0.375,0.687
RENAULT,TRAFIC,TRAFIC,GAZOLE,1997,1962,0.04,0.006999999999999999,0.038,0.045,41350,0.04,0.175,0.215
KIA,PROCEED,PROCEED,ESSENCE,1591,1363,0.57,0.028,0.01,,37790,0.57,0.7000000000000001,1.27
PEUGEOT,2008,2008,GAZOLE,1499,1270,0.05,0.0050000000000000044,0.053,0.058,33910,0.05,0.1250000000000001,0.1750000000000001
FORD,TRANSIT_CUSTOM,TRANSIT_CUSTOM,GAZOLE,1995,2093,0.044,0.006,0.02,0.026,52346,0.044,0.15,0.194
B.M.W.,SERIE_1,120,GAZOLE,1995,1515,0.071,0.037000000000000005,0.021,0.058,46988,0.071,0.9250000000000002,0.9960000000000001
SEAT,ATECA,ATECA,GAZOLE,1968,1452,0.036,0.012,0.027,0.037,40395,0.036,0.3,0.33599999999999997
MERCEDES,CLASSE_E,E_200,GAZOLE,1950,1725,0.022,0.006000000000000002,0.029,0.035,72300,0.022,0.15000000000000005,0.17200000000000004
DACIA,SANDERO,SANDERO,ESSENCE,999,1096,0.266,0.035,0.021,,15900,0.266,0.8750000000000001,1.141
MINI,MINI,MINI,ESSENCE,1499,1230,0.2,0.019,0.01,,33325,0.2,0.475,0.675
FIAT,PANDA,PANDA,ESS+ELEC_HNR,999,999,0.3,0.028,0.022,,15940,0.3,0.7000000000000001,1.0
MINI,MINI,MINI,ESSENCE,1998,1275,0.227,0.016,0.01,,40700,0.227,0.4,0.627
FORD,KUGA,KUGA,ESS+ELEC_HNR,2488,1626,0.205,0.011,0.01,,41512,0.205,0.27499999999999997,0.48
CITROEN,C4,C4,ESSENCE,1199,1247,0.334,0.024,0.023,,28938,0.334,0.6,0.9339999999999999
VOLKSWAGEN,PASSAT,PASSAT,GAZOLE,1968,1634,0.021,0.011000000000000003,0.038,0.049,56873,0.021,0.2750000000000001,0.2960000000000001
MERCEDES,CLASSE_C,C_220,GAZOLE,1950,1575,0.059,0.009000000000000001,0.02,0.029,58600,0.059,0.22500000000000003,0.28400000000000003
PEUGEOT,2008,2008,GAZOLE,1499,1205,0.058,0.005999999999999998,0.046,0.052,28979,0.058,0.14999999999999997,0.20799999999999996
SKODA,SCALA,SCALA,ESSENCE,999,1176,0.169,0.025,0.035,,29705,0.169,0.625,0.794
KIA,SPORTAGE,SPORTAGE,ELEC+ESSENC_HR,1598,1830,0.118,0.01,0.006,,48490,0.118,0.25,0.368
DACIA,SANDERO,SANDERO,ESSENCE,999,1073,0.241,0.036,0.029,,15250,0.241,0.8999999999999999,1.141
FORD,TOURNEO,TOURNEO_CONNECT,GAZOLE,1499,1699,0.04,0.005,0.022,0.027,30993,0.04,0.125,0.165
LEXUS,RX450H,RX,ESS+ELEC_HNR,3456,2100,0.109,0.013,0.007,,79890,0.109,0.325,0.434
VOLKSWAGEN,CADDY,CADDY,GAZOLE,1968,1568,0.023,0.020999999999999998,0.038,0.059,37343,0.023,0.5249999999999999,0.5479999999999999
B.M.W.,SERIE_4,420,ELEC+GAZOLE_HR,1995,1705,0.112,0.027999999999999997,0.017,0.045,56383,0.112,0.7,0.8119999999999999
B.M.W.,SERIE_2,216,GAZOLE,1496,1430,0.037,0.02,0.019,0.039,41313,0.037,0.5,0.537
OPEL,CORSA,CORSA,ESSENCE,1199,980,0.475,0.034,0.012,,19800,0.475,0.8500000000000001,1.3250000000000002
B.M.W.,SERIE_1,118,ESSENCE,1499,1320,0.273,0.023,0.015,,37510,0.273,0.575,0.848
DS,DS_4,4,ESSENCE,1598,1419,0.433,0.026,0.037,,46700,0.433,0.65,1.083
MERCEDES,CLASSE_S,S_580,ELEC+ESSENC_HR,2999,2345,0.221,0.012,0.005,,82525,0.221,0.3,0.521
RENAULT,MEGANE,MEGANE,ESSENCE,1332,1353,0.243,0.013,0.019,,36050,0.243,0.325,0.5680000000000001
MINI,MINI,COUNTRYMAN,ESSENCE,1998,1605,0.314,0.012,0.012,,51800,0.314,0.3,0.614
TOYOTA,YARIS,YARIS,ESS+ELEC_HNR,1490,1085,0.149,0.025,0.01,,25263,0.149,0.625,0.774
B.M.W.,SERIE_X,X5,ELEC+GAZOLE_HR,2993,2190,0.141,0.018000000000000002,0.045,0.063,77717,0.141,0.45000000000000007,0.5910000000000001
B.M.W.,SERIE_X,X1,ESS+ELEC_HNR,1998,1655,0.206,0.016,0.01,,46050,0.206,0.4,0.606
SKODA,OCTAVIA,OCTAVIA,ESSENCE,1498,1290,0.21,0.023,0.016,,30465,0.21,0.575,0.7849999999999999
DACIA,LODGY,LODGY,ESS+G.P.L.,1332,1259,0.257,0.016,0.012,,17400,0.257,0.4,0.657
RENAULT,CAPTUR,CAPTUR,ESS+ELEC_HNR,1332,1245,0.202,0.012,0.021,,28967,0.202,0.3,0.502
PEUGEOT,208,208,ESSENCE,1199,1090,0.509,0.022,0.014,,24256,0.509,0.5499999999999999,1.059
PEUGEOT,5008,5008,GAZOLE,1499,1515,0.052,0.003999999999999997,0.041,0.045,40770,0.052,0.09999999999999992,0.1519999999999999
SKODA,OCTAVIA_RS,OCTAVIA,ESSENCE,1984,1468,0.182,0.021,0.02,,42700,0.182,0.525,0.7070000000000001
RENAULT,CLIO,CLIO,ESSENCE,999,1082,0.216,0.03,0.025,,21183,0.216,0.75,0.966
MINI,MINI,MINI,ESSENCE,1499,1200,0.288,0.018,0.012,,29757,0.288,0.44999999999999996,0.738
MERCEDES,VITO_TOURER,VITO,GAZOLE,1950,2050,0.027,0.006999999999999999,0.017,0.024,47096,0.027,0.175,0.20199999999999999
B.M.W.,SERIE_1,116,ESSENCE,1499,1320,0.179,0.019,0.011,,33960,0.179,0.475,0.6539999999999999
B.M.W.,SERIE_X,X4,ELEC+GAZOLE_HR,2993,2020,0.122,0.013999999999999999,0.038,0.052,79750,0.122,0.35,0.472
SUZUKI,SX4,SX4,ESS+ELEC_HNR,1462,1290,0.225,0.044,0.013,,36290,0.225,1.0999999999999999,1.325
TOYOTA,COROLLA,COROLLA,ESS+ELEC_HNR,1987,1340,0.188,0.022,0.004,,35530,0.188,0.5499999999999999,0.738
B.M.W.,SERIE_1,118,GAZOLE,1995,1405,0.185,0.052,0.023,0.075,38110,0.185,1.3,1.485
MERCEDES,CLASSE_GLC,GLC_300,ELEC+GAZOLE_HR,1950,2060,0.034,0.004,0.028,0.032,77775,0.034,0.1,0.134
B.M.W.,SERIE_1,116,ESSENCE,1499,1320,0.179,0.019,0.011,,33960,0.179,0.475,0.6539999999999999
MERCEDES,CLASSE_S,S_400,GAZOLE,2925,1985,0.036,0.023,0.034,0.057,114725,0.036,0.575,0.611
SEAT,ATECA,ATECA,GAZOLE,1968,1456,0.036,0.012,0.027,0.037,40423,0.036,0.3,0.33599999999999997
VOLKSWAGEN,TIGUAN,TIGUAN,GAZOLE,1968,1556,0.026,0.009000000000000001,0.03,0.039,50136,0.026,0.22500000000000003,0.25100000000000006
B.M.W.,SERIE_2,218,GAZOLE,1995,1470,0.178,0.053000000000000005,0.013,0.066,43563,0.178,1.3250000000000002,1.5030000000000001
LAND_ROVER,RANGE_ROVER_EVOQUE,RANGE_ROVER_EVOQUE,ELEC+ESSENC_HR,1498,2117,0.302,0.02,0.012,,62135,0.302,0.5,0.802
RENAULT,CLIO,CLIO,ESS+ELEC_HNR,1598,1266,0.445,0.022,0.002,,25133,0.445,0.5499999999999999,0.9949999999999999
VOLVO,XC60,XC60,ELEC+GAZOLE_HR,1969,1837,0.246,0.027999999999999997,0.031,0.059,63730,0.246,0.7,0.946
RENAULT,MEGANE,MEGANE,ESSENCE,1332,1214,0.183,0.013,0.01,,29775,0.183,0.325,0.508
FORD,TOURNEO,TOURNEO_CONNECT,GAZOLE,1499,1708,0.04,0.005,0.022,0.027,30993,0.04,0.125,0.165
MINI,MINI,MINI,ESSENCE,1998,1225,0.188,0.016,0.009,,36800,0.188,0.4,0.5880000000000001
VOLVO,XC60,XC60,ESS+ELEC_HNR,1969,1794,0.302,0.013,0.029,,55030,0.302,0.325,0.627
FORD,PUMA,PUMA,ESS+ELEC_HNR,999,1259,0.377,0.042,0.023,,30214,0.377,1.05,1.427
DS,DS_7_CROSSBACK,7_CROSSBACK,ELEC+ESSENC_HR,1598,1760,0.46,0.015,0.016,,57560,0.46,0.375,0.835
B.M.W.,SERIE_4,420,ESSENCE,1998,1690,0.237,0.022,0.018,,60100,0.237,0.5499999999999999,0.7869999999999999
VOLKSWAGEN,TIGUAN,TIGUAN,GAZOLE,1968,1679,0.026,0.009999999999999998,0.029,0.039,52000,0.026,0.24999999999999997,0.27599999999999997
VOLVO,XC90,XC90,ELEC+GAZOLE_HR,1969,2095,0.254,0.027999999999999997,0.043,0.071,74800,0.254,0.7,0.954
B.M.W.,SERIE_1,118,GAZOLE,1995,1430,0.171,0.049,0.013,0.062,40410,0.171,1.225,1.3960000000000001
VOLKSWAGEN,GOLF,GOLF,GAZOLE,1968,1366,0.028,0.008999999999999998,0.028,0.037,35558,0.028,0.22499999999999995,0.25299999999999995
B.M.W.,SERIE_X,X2,ESSENCE,1499,1430,0.312,0.031,0.016,,42517,0.312,0.775,1.087
SKODA,KAROQ,KAROQ,ESSENCE,1498,1330,0.172,0.022,0.025,,37898,0.172,0.5499999999999999,0.722
VOLKSWAGEN,ARTEON,ARTEON,GAZOLE,1968,1658,0.021,0.011000000000000003,0.038,0.049,62440,0.021,0.2750000000000001,0.2960000000000001
KIA,PICANTO,PICANTO,ESSENCE,998,959,0.116,0.019,0.026,,18773,0.116,0.475,0.591
VOLKSWAGEN,TIGUAN,TIGUAN,GAZOLE,1968,1556,0.026,0.009000000000000001,0.03,0.039,46752,0.026,0.22500000000000003,0.25100000000000006
FORD,TOURNEO,TOURNEO_CONNECT,GAZOLE,1499,1653,0.04,0.005,0.022,0.027,29793,0.04,0.125,0.165
B.M.W.,SERIE_X,X2,ESSENCE,1499,1430,0.312,0.031,0.016,,42517,0.312,0.775,1.087
VOLKSWAGEN,TIGUAN,TIGUAN,GAZOLE,1968,1630,0.019,0.009000000000000001,0.033,0.042,57595,0.019,0.22500000000000003,0.24400000000000002
B.M.W.,SERIE_1,118,ESSENCE,1499,1290,0.291,0.024,0.018,,35210,0.291,0.6,0.891
SKODA,KAROQ,KAROQ,ESSENCE,1498,1321,0.192,0.027,0.022,,33965,0.192,0.675,0.867
SEAT,LEON_SP,LEON,ESS+ELEC_HNR,999,1312,0.117,0.02,0.038,,30258,0.117,0.5,0.617
VOLKSWAGEN,TIGUAN,TIGUAN,GAZOLE,1968,1556,0.026,0.009000000000000001,0.03,0.039,50136,0.026,0.22500000000000003,0.25100000000000006
PEUGEOT,208,208,ESSENCE,1199,1090,0.314,0.025,0.031,,26013,0.314,0.625,0.9390000000000001
B.M.W.,SERIE_2,220,ESS+ELEC_HNR,1499,1520,0.199,0.008,0.011,,38638,0.199,0.2,0.399
VOLKSWAGEN,CADDY,CADDY,GAZOLE,1968,1620,0.023,0.020999999999999998,0.041,0.062,35330,0.023,0.5249999999999999,0.5479999999999999
HYUNDAI,I_20,I_20,ESSENCE,1197,1013,0.342,0.029,0.017,,17900,0.342,0.7250000000000001,1.0670000000000002
DACIA,SANDERO,SANDERO,ESSENCE,999,1072,0.317,0.04,0.027,,14400,0.317,1.0,1.317
RENAULT,TRAFIC,TRAFIC,GAZOLE,1997,2034,0.04,0.006999999999999999,0.038,0.045,42550,0.04,0.175,0.215
FIAT,500_ABARTH,500,ESSENCE,1368,1045,0.561,0.035,0.018,,30990,0.561,0.8750000000000001,1.4360000000000002
FIAT,500,500,ESS+ELEC_HNR,999,1001,0.281,0.031,0.048,,19150,0.281,0.775,1.056
MERCEDES,CLASSE_C,C_220,ELEC+GAZOLE_HR,1993,1765,0.055,0.008,0.006,0.014,62283,0.055,0.2,0.255
VOLKSWAGEN,PASSAT,PASSAT,GAZOLE,1968,1634,0.021,0.011000000000000003,0.038,0.049,58617,0.021,0.2750000000000001,0.2960000000000001
PORSCHE,CAYENNE_TURBO,CAYENNE,ESSENCE,3996,2175,0.211,0.017,0.014,,154750,0.211,0.42500000000000004,0.636
B.M.W.,SERIE_1,118,ESSENCE,1499,1320,0.273,0.023,0.015,,37510,0.273,0.575,0.848
KIA,RIO,RIO,ESSENCE,998,1100,0.11,0.018,0.03,,19465,0.11,0.44999999999999996,0.5599999999999999
KIA,XCEED,XCEED,ESSENCE,1482,1325,0.473,0.039,0.047,,33715,0.473,0.975,1.448
VOLKSWAGEN,TIGUAN,TIGUAN,GAZOLE,1968,1556,0.026,0.009000000000000001,0.03,0.039,48739,0.026,0.22500000000000003,0.25100000000000006
ALFA_ROMEO,STELVIO,STELVIO,GAZOLE,2143,1680,0.044,0.0049999999999999975,0.035,0.04,56350,0.044,0.12499999999999994,0.16899999999999993
VOLVO,V90,V90,ELEC+ESSENC_HR,1969,2000,0.283,0.007,0.006,,84167,0.283,0.17500000000000002,0.45799999999999996
B.M.W.,SERIE_3,320,ELEC+GAZOLE_HR,1995,1725,0.049,0.024999999999999998,0.018,0.043,56088,0.049,0.625,0.674
SKODA,SCALA,SCALA,ESSENCE,999,1163,0.167,0.02,0.037,,27313,0.167,0.5,0.667
LAND_ROVER,RANGE_ROVER,RANGE_ROVER,ESSENCE,4395,2551,0.19,0.013,0.038,,188150,0.19,0.325,0.515
VOLKSWAGEN,T_ROC,T_ROC,ESSENCE,1498,1471,0.126,0.014,0.01,,44278,0.126,0.35000000000000003,0.47600000000000003
KIA,PICANTO,PICANTO,ESSENCE,998,959,0.116,0.019,0.026,,18773,0.116,0.475,0.591
MERCEDES,CLASSE_C,C_200,ESS+ELEC_HNR,1496,1635,0.135,0.011,0.018,,56483,0.135,0.27499999999999997,0.41
B.M.W.,SERIE_5,530,ELEC+ESSENC_HR,1998,1960,0.311,0.01,0.011,,70838,0.311,0.25,0.5609999999999999
SKODA,KAMIQ,KAMIQ,ESSENCE,999,1197,0.153,0.023,0.043,,29620,0.153,0.575,0.728
B.M.W.,SERIE_X,X5,ELEC+GAZOLE_HR,2993,2190,0.141,0.018000000000000002,0.045,0.063,79017,0.141,0.45000000000000007,0.5910000000000001
MERCEDES,VITO_TOURER,VITO,GAZOLE,1950,1972,0.019,0.006999999999999999,0.019,0.026,49623,0.019,0.175,0.19399999999999998
PEUGEOT,5008,5008,GAZOLE,1499,1515,0.052,0.003999999999999997,0.041,0.045,40770,0.052,0.09999999999999992,0.1519999999999999
RENAULT,ARKANA_E_TECH,ARKANA,ESS+ELEC_HNR,1598,1435,0.383,0.02,0.003,,35656,0.383,0.5,0.883
RENAULT,ESPACE,ESPACE,GAZOLE,1997,1802,0.016,0.006000000000000002,0.022,0.028,46600,0.016,0.15000000000000005,0.16600000000000004
HYUNDAI,TUCSON,TUCSON,ELEC+GAZOLE_HR,1598,1510,0.128,0.039999999999999994,0.034,0.074,36000,0.128,0.9999999999999999,1.128
MERCEDES,CLASSE_B,B_250,ESSENCE,1991,1480,0.212,0.01,0.011,,49850,0.212,0.25,0.46199999999999997
DS,DS_7_CROSSBACK,7_CROSSBACK,ELEC+ESSENC_HR,1598,1885,0.283,0.012,0.007,,72925,0.283,0.3,0.583
MINI,MINI,CLUBMAN,ESSENCE,1998,1400,0.249,0.024,0.018,,37829,0.249,0.6,0.849
RENAULT,KADJAR,KADJAR,ESSENCE,1332,1372,0.207,0.016,0.022,,36200,0.207,0.4,0.607
PEUGEOT,5008,5008,ESSENCE,1598,1521,0.711,0.023,0.035,,46850,0.711,0.575,1.286
B.M.W.,SERIE_X,X4,ELEC+GAZOLE_HR,2993,1935,0.131,0.017,0.043,0.06,68850,0.131,0.42500000000000004,0.556
TOYOTA,AYGO_X,AYGO_X,ESSENCE,998,975,0.337,0.03,0.01,,21723,0.337,0.75,1.087
ALFA_ROMEO,STELVIO,STELVIO,GAZOLE,2143,1680,0.044,0.0049999999999999975,0.035,0.04,56350,0.044,0.12499999999999994,0.16899999999999993
B.M.W.,SERIE_4,420,ELEC+GAZOLE_HR,1995,1760,0.087,0.026,0.019,0.045,58783,0.087,0.65,0.737
RENAULT,CLIO,CLIO,GAZOLE,1461,1173,0.08,0.027000000000000003,0.023,0.05,23000,0.08,0.675,0.755
PEUGEOT,508,508,ESSENCE,1199,1420,0.341,0.02,0.038,,43375,0.341,0.5,0.841
FORD,FIESTA,FIESTA,SUPERETHANOL,999,1114,0.393,0.037,0.011,,23090,0.393,0.9249999999999999,1.318
MINI,MINI,CABRIO,ESSENCE,1499,1250,0.288,0.018,0.012,,33533,0.288,0.44999999999999996,0.738
OPEL,CROSSLAND,CROSSLAND_X,ESSENCE,1199,1179,0.32,0.026,0.03,,26933,0.32,0.65,0.97
OPEL,INSIGNIA_GRAND_SPORT,INSIGNIA,GAZOLE,1995,1540,0.049,0.013,0.014,0.027,44313,0.049,0.325,0.374
VOLKSWAGEN,KOMBI,KOMBI,GAZOLE,1968,1955,0.028,0.012000000000000004,0.052,0.064,61920,0.028,0.3000000000000001,0.3280000000000001
RENAULT,MEGANE,MEGANE,GAZOLE,1461,1320,0.171,0.061,0.021,0.082,32275,0.171,1.525,1.696
B.M.W.,SERIE_2,218,GAZOLE,1995,1470,0.178,0.053000000000000005,0.013,0.066,43563,0.178,1.3250000000000002,1.5030000000000001
RENAULT,CAPTUR,CAPTUR,ESSENCE,999,1221,0.294,0.039,0.034,,24867,0.294,0.975,1.269
RENAULT,CAPTUR,CAPTUR,ESS+ELEC_HNR,1332,1245,0.202,0.012,0.021,,28967,0.202,0.3,0.502
CITROEN,C4_X,C4_X,ESSENCE,1199,1289,0.317,0.022,0.037,,24000,0.317,0.5499999999999999,0.867
MINI,MINI,CLUBMAN,GAZOLE,1496,1400,0.072,0.02,0.018,0.038,33325,0.072,0.5,0.572
PORSCHE,PANAMERA_4_E_HYBRID,PANAMERA,ELEC+ESSENC_HR,2894,2210,0.22,0.015,0.005,,125222,0.22,0.375,0.595
SEAT,ATECA,ATECA,ESSENCE,999,1284,0.216,0.022,0.035,,30622,0.216,0.5499999999999999,0.7659999999999999
MINI,MINI,CLUBMAN,GAZOLE,1995,1435,0.171,0.046,0.017,0.063,37014,0.171,1.15,1.321
MERCEDES,VITO_TOURER,VITO,GAZOLE,1950,1957,0.019,0.006999999999999999,0.019,0.026,49623,0.019,0.175,0.19399999999999998
MINI,MINI,CABRIO,ESSENCE,1499,1250,0.288,0.018,0.012,,33533,0.288,0.44999999999999996,0.738
B.M.W.,SERIE_1,118,GAZOLE,1995,1405,0.185,0.052,0.023,0.075,38110,0.185,1.3,1.485
VOLKSWAGEN,TIGUAN,TIGUAN,ESSENCE,1498,1461,0.234,0.024,0.024,,47189,0.234,0.6,0.834
B.M.W.,SERIE_X,X5,ELEC+GAZOLE_HR,2993,2200,0.096,0.012999999999999998,0.024,0.037,84217,0.096,0.32499999999999996,0.42099999999999993
ROLLS_ROYC,CULLINAN,CULLINAN,ESSENCE,6749,2710,0.116,0.015,0.003,,391800,0.116,0.375,0.491
MINI,MINI,CLUBMAN,ESSENCE,1998,1415,0.187,0.02,0.009,,41400,0.187,0.5,0.687
MINI,MINI,COUNTRYMAN,ESSENCE,1499,1430,0.253,0.02,0.017,,40000,0.253,0.5,0.753
FORD,TOURNEO_CONNECT,TOURNEO_CONNECT,GAZOLE,1968,1535,0.025,0.019000000000000003,0.047,0.066,32627,0.025,0.4750000000000001,0.5000000000000001
PORSCHE,718_CAYMAN_GT4_RS,CAYMAN,ESSENCE,3996,1415,0.243,0.02,0.02,,147375,0.243,0.5,0.743
B.M.W.,SERIE_X,X3,ELEC+GAZOLE_HR,1995,1840,0.165,0.044000000000000004,0.025,0.069,59100,0.165,1.1,1.2650000000000001
KIA,XCEED,XCEED,ELEC+GAZOLE_HR,1598,1397,0.112,0.037,0.01,0.047,36715,0.112,0.9249999999999999,1.037
B.M.W.,SERIE_X,X2,ESSENCE,1998,1470,0.159,0.021,0.013,,46817,0.159,0.525,0.684
DACIA,SANDERO,SANDERO,ESSENCE,999,1014,0.308,0.031,0.027,,12045,0.308,0.775,1.083
FIAT,TIPO,TIPO,GAZOLE,1598,1395,0.071,0.026999999999999996,0.05,0.077,28490,0.071,0.6749999999999999,0.7459999999999999
AUDI,Q2,Q2,ESSENCE,999,1250,0.216,0.022,0.027,,32160,0.216,0.5499999999999999,0.7659999999999999
KIA,SORENTO,SORENTO,ELEC+ESSENC_HR,1598,1982,0.181,0.011,0.005,,60603,0.181,0.27499999999999997,0.45599999999999996
B.M.W.,SERIE_3,320,ELEC+GAZOLE_HR,1995,1665,0.047,0.016999999999999998,0.02,0.037,54300,0.047,0.42499999999999993,0.4719999999999999
HYUNDAI,TUCSON,TUCSON,ESS+ELEC_HNR,1598,1463,0.193,0.023,0.027,,32400,0.193,0.575,0.768
MAZDA,MAZDA_3,3,ESS+ELEC_HNR,1998,1394,0.16,0.014,0.021,,35000,0.16,0.35000000000000003,0.51
MINI,MINI,MINI,ESSENCE,1998,1280,0.188,0.016,0.009,,37750,0.188,0.4,0.5880000000000001
B.M.W.,SERIE_4,440,ESS+ELEC_HNR,2998,1890,0.059,0.013,0.01,,77150,0.059,0.325,0.384
B.M.W.,SERIE_X,X3,ELEC+GAZOLE_HR,1995,1840,0.165,0.044000000000000004,0.025,0.069,59100,0.165,1.1,1.2650000000000001
B.M.W.,M5,M5,ESSENCE,4395,1895,0.214,0.013,0.011,,138500,0.214,0.325,0.539
MERCEDES,CLASSE_C,C_220,ELEC+GAZOLE_HR,1993,1655,0.063,0.007,0.007,0.014,58383,0.063,0.17500000000000002,0.23800000000000002
OPEL,GRANDLAND_X,GRANDLAND_X,GAZOLE,1499,1400,0.052,0.003999999999999997,0.041,0.045,34038,0.052,0.09999999999999992,0.1519999999999999
SKODA,OCTAVIA,OCTAVIA,ESS+ELEC_HNR,999,1278,0.103,0.019,0.035,,31557,0.103,0.475,0.578
VOLKSWAGEN,TOURAN,TOURAN,GAZOLE,1968,1600,0.028,0.009000000000000005,0.026,0.035,45630,0.028,0.22500000000000012,0.2530000000000001
B.M.W.,SERIE_X,X2,ESSENCE,1998,1615,0.12,0.009,0.019,,58700,0.12,0.22499999999999998,0.345
VOLVO,XC40,XC40,ESS+ELEC_HNR,1969,1613,0.248,0.015,0.014,,45763,0.248,0.375,0.623
VOLKSWAGEN,TIGUAN,TIGUAN,GAZOLE,1968,1551,0.026,0.009000000000000001,0.03,0.039,48739,0.026,0.22500000000000003,0.25100000000000006
VOLVO,V60,V60,ESS+ELEC_HNR,1969,1686,0.297,0.009,0.031,,53783,0.297,0.22499999999999998,0.522
B.M.W.,SERIE_3,316,ELEC+GAZOLE_HR,1995,1660,0.049,0.022000000000000002,0.018,0.04,48300,0.049,0.55,0.5990000000000001
MINI,MINI,MINI,ESSENCE,1499,1175,0.2,0.019,0.01,,32367,0.2,0.475,0.675
PORSCHE,CAYENNE_E_HYBRID,CAYENNE,ELEC+ESSENC_HR,2995,2360,0.42,0.021,0.021,,105929,0.42,0.525,0.9450000000000001
FIAT,500X,500X,ESSENCE,1332,1320,0.291,0.033,0.012,,31413,0.291,0.8250000000000001,1.116
MINI,MINI,MINI,ESSENCE,1499,1180,0.084,0.012,0.006,,27150,0.084,0.3,0.384
VOLVO,XC40,XC40,ESSENCE,1477,1550,0.238,0.035,0.024,,40450,0.238,0.8750000000000001,1.113
ALFA_ROMEO,GIULIA,GIULIA,GAZOLE,2143,1465,0.048,0.0029999999999999957,0.041,0.044,50883,0.048,0.0749999999999999,0.1229999999999999
B.M.W.,M8,M8,ESSENCE,4395,2025,0.181,0.013,0.012,,181000,0.181,0.325,0.506
MINI,MINI,CLUBMAN,GAZOLE,1995,1435,0.171,0.046,0.017,0.063,37014,0.171,1.15,1.321
RENAULT,CLIO,CLIO,GAZOLE,1461,1173,0.08,0.027000000000000003,0.023,0.05,23000,0.08,0.675,0.755
DS,DS_9,9,ESSENCE,1598,1540,0.378,0.019,0.024,,52700,0.378,0.475,0.853
VOLKSWAGEN,KOMBI,KOMBI,GAZOLE,1968,2070,0.042,0.020000000000000004,0.047,0.067,74750,0.042,0.5000000000000001,0.5420000000000001
B.M.W.,SERIE_X,X3,ELEC+GAZOLE_HR,2993,2005,0.122,0.013999999999999999,0.038,0.052,78000,0.122,0.35,0.472
B.M.W.,SERIE_X,X3,ELEC+GAZOLE_HR,1995,1840,0.165,0.044000000000000004,0.025,0.069,59100,0.165,1.1,1.2650000000000001
B.M.W.,SERIE_2,235,ESSENCE,1998,1570,0.079,0.009,0.015,,58750,0.079,0.22499999999999998,0.304
VOLKSWAGEN,ARTEON,ARTEON,GAZOLE,1968,1571,0.025,0.008,0.032,0.04,56270,0.025,0.2,0.225
B.M.W.,SERIE_2,218,ESSENCE,1499,1375,0.273,0.023,0.015,,40663,0.273,0.575,0.848
RENAULT,CLIO,CLIO,ESSENCE,999,1028,0.222,0.021,0.026,,18550,0.222,0.525,0.747
RENAULT,TWINGO,TWINGO,ESSENCE,999,940,0.225,0.018,0.022,,16900,0.225,0.44999999999999996,0.6749999999999999
TOYOTA,COROLLA,COROLLA,ESS+ELEC_HNR,1798,1345,0.101,0.015,0.002,,32308,0.101,0.375,0.476
RENAULT,MEGANE,MEGANE,ESSENCE,1332,1241,0.183,0.013,0.01,,29775,0.183,0.325,0.508
B.M.W.,SERIE_4,420,ESSENCE,1998,1620,0.255,0.022,0.014,,53833,0.255,0.5499999999999999,0.8049999999999999
VOLKSWAGEN,CADDY,CADDY,ESSENCE,1498,1497,0.212,0.028,0.029,,36003,0.212,0.7000000000000001,0.912
B.M.W.,SERIE_X,X5,ELEC+GAZOLE_HR,2993,2190,0.145,0.018000000000000002,0.045,0.063,77717,0.145,0.45000000000000007,0.5950000000000001
B.M.W.,SERIE_4,430,ELEC+GAZOLE_HR,2993,1780,0.123,0.013999999999999999,0.041,0.055,62850,0.123,0.35,0.473
B.M.W.,SERIE_2,220,ESSENCE,1998,1430,0.156,0.017,0.011,,44133,0.156,0.42500000000000004,0.5810000000000001
CITROEN,JUMPY_SPACE_TOURER,SPACE_TOURER,GAZOLE,1499,1659,0.072,0.0049999999999999975,0.05,0.055,33350,0.072,0.12499999999999994,0.19699999999999995
FORD,FOCUS,FOCUS,ESS+ELEC_HNR,999,1312,0.337,0.043,0.018,,33750,0.337,1.075,1.412
MERCEDES,CLASSE_GLE,GLE_53_AMG,ESS+ELEC_HNR,2999,2230,0.215,0.018,0.02,,96650,0.215,0.44999999999999996,0.6649999999999999
B.M.W.,SERIE_1,118,GAZOLE,1995,1430,0.171,0.049,0.013,0.062,39800,0.171,1.225,1.3960000000000001
FIAT,PANDA,PANDA,ESS+ELEC_HNR,999,992,0.3,0.028,0.022,,12665,0.3,0.7000000000000001,1.0
SKODA,SUPERB,SUPERB,GAZOLE,1968,1658,0.021,0.011000000000000003,0.038,0.049,55590,0.021,0.2750000000000001,0.2960000000000001
B.M.W.,SERIE_1,118,GAZOLE,1995,1430,0.171,0.049,0.013,0.062,40410,0.171,1.225,1.3960000000000001
MINI,MINI,CABRIO,ESSENCE,1499,1250,0.288,0.018,0.012,,33533,0.288,0.44999999999999996,0.738
MERCEDES,CLASSE_E,E_400,GAZOLE,2925,1845,0.033,0.018999999999999996,0.033,0.052,82425,0.033,0.4749999999999999,0.5079999999999999
OPEL,ASTRA,ASTRA,GAZOLE,1499,1349,0.08,0.003999999999999997,0.056,0.06,31200,0.08,0.09999999999999992,0.17999999999999994
B.M.W.,SERIE_4,420,ELEC+GAZOLE_HR,1995,1670,0.087,0.027999999999999997,0.017,0.045,58050,0.087,0.7,0.7869999999999999
B.M.W.,SERIE_1,118,GAZOLE,1995,1430,0.171,0.049,0.013,0.062,40410,0.171,1.225,1.3960000000000001
MERCEDES,CLASSE_E,E_200,GAZOLE,1950,1725,0.022,0.006000000000000002,0.029,0.035,72300,0.022,0.15000000000000005,0.17200000000000004
HYUNDAI,BAYON,BAYON,ESS+ELEC_HNR,998,1145,0.203,0.027,0.027,,25600,0.203,0.675,0.8780000000000001
RENAULT,KANGOO,KANGOO,ESSENCE,1332,1475,0.28,0.011,0.012,,25900,0.28,0.27499999999999997,0.5549999999999999
RENAULT,CLIO,CLIO,ESS+ELEC_HNR,1598,1266,0.445,0.022,0.002,,25133,0.445,0.5499999999999999,0.9949999999999999
B.M.W.,SERIE_X,X4,ELEC+GAZOLE_HR,2993,2020,0.122,0.013999999999999999,0.038,0.052,79750,0.122,0.35,0.472
MERCEDES,CLASSE_S,S_400,GAZOLE,2925,1985,0.036,0.023,0.034,0.057,114725,0.036,0.575,0.611
NISSAN,QASHQAI,QASHQAI,ESS+ELEC_HNR,1332,1329,0.314,0.012,0.017,,34540,0.314,0.3,0.614
MINI,MINI,MINI,ESSENCE,1499,1175,0.2,0.019,0.01,,33300,0.2,0.475,0.675
SKODA,FABIA,FABIA,ESSENCE,999,1121,0.177,0.023,0.045,,21630,0.177,0.575,0.752
SKODA,KAMIQ,KAMIQ,ESSENCE,999,1165,0.167,0.02,0.037,,28070,0.167,0.5,0.667
B.M.W.,SERIE_X,X2,GAZOLE,1995,1605,0.071,0.035,0.021,0.056,47717,0.071,0.8750000000000001,0.9460000000000001
VOLVO,XC60,XC60,ELEC+ESSENC_HR,1969,2094,0.645,0.006,0.006,,72940,0.645,0.15,0.795
KIA,STONIC,STONIC,ESS+ELEC_HNR,998,1150,0.079,0.016,0.025,,25270,0.079,0.4,0.47900000000000004
B.M.W.,SERIE_1,118,ESSENCE,1499,1320,0.273,0.023,0.015,,37510,0.273,0.575,0.848
B.M.W.,SERIE_2,216,GAZOLE,1496,1430,0.037,0.02,0.019,0.039,41313,0.037,0.5,0.537
B.M.W.,SERIE_4,420,ELEC+GAZOLE_HR,1995,1670,0.087,0.027999999999999997,0.017,0.045,58050,0.087,0.7,0.7869999999999999
MINI,MINI,MINI,ESSENCE,1998,1280,0.188,0.016,0.009,,37750,0.188,0.4,0.5880000000000001
VOLKSWAGEN,TIGUAN,TIGUAN,ELEC+ESSENC_HR,1395,1744,0.213,0.013,0.011,,50806,0.213,0.325,0.538
PEUGEOT,308,308,ESSENCE,1199,1300,0.27,0.027,0.046,,27400,0.27,0.675,0.9450000000000001
B.M.W.,SERIE_8,840,ELEC+GAZOLE_HR,2993,1915,0.108,0.023,0.034,0.057,111100,0.108,0.575,0.6829999999999999
ALFA_ROMEO,TONALE,TONALE,ESS+ELEC_HNR,1469,1525,0.343,0.055,0.018,,42767,0.343,1.375,1.718
JEEP,COMPASS,COMPASS,ESSENCE,1332,1430,0.319,0.027,0.01,,35475,0.319,0.675,0.994
B.M.W.,SERIE_3,330,ELEC+GAZOLE_HR,2993,1825,0.121,0.012999999999999998,0.042,0.055,62725,0.121,0.32499999999999996,0.44599999999999995
HYUNDAI,I_20,I_20,ESS+ELEC_HNR,998,1115,0.15,0.027,0.025,,23800,0.15,0.675,0.8250000000000001
FORD,FIESTA,FIESTA,ESS+ELEC_HNR,999,1136,0.309,0.034,0.014,,24190,0.309,0.8500000000000001,1.159
MERCEDES,CLASSE_CLA,CLA_35_AMG,ESSENCE,1991,1570,0.287,0.018,0.016,,66500,0.287,0.44999999999999996,0.7369999999999999
MAZDA,MAZDA_3,3,ESS+ELEC_HNR,1998,1392,0.16,0.014,0.021,,34438,0.16,0.35000000000000003,0.51
FORD,TRANSIT_CUSTOM,TRANSIT_CUSTOM,GAZOLE,1995,2012,0.117,0.014,0.049,0.065,33533,0.117,0.35000000000000003,0.467
SKODA,SCALA,SCALA,ESSENCE,999,1156,0.167,0.02,0.037,,27313,0.167,0.5,0.667
PEUGEOT,508,508,ELEC+ESSENC_HR,1598,1720,0.291,0.014,0.004,,50100,0.291,0.35000000000000003,0.641
FIAT,PANDA,PANDA,ESS+ELEC_HNR,999,970,0.3,0.028,0.022,,13023,0.3,0.7000000000000001,1.0
VOLKSWAGEN,ARTEON,ARTEON,GAZOLE,1968,1658,0.021,0.011000000000000003,0.038,0.049,62440,0.021,0.2750000000000001,0.2960000000000001
RENAULT,MEGANE,MEGANE,ESSENCE,1798,1447,0.238,0.017,0.015,,47150,0.238,0.42500000000000004,0.663
PEUGEOT,EXPERT_TRAVELLER,TRAVELLER,GAZOLE,1997,1763,0.028,0.004,0.023,0.027,35750,0.028,0.1,0.128
B.M.W.,SERIE_1,118,GAZOLE,1995,1405,0.185,0.052,0.023,0.075,38110,0.185,1.3,1.485
RENAULT,TRAFIC,TRAFIC,GAZOLE,1997,1980,0.054,0.017999999999999988,0.068,0.086,42550,0.054,0.44999999999999973,0.5039999999999998
RENAULT,ESPACE,ESPACE,GAZOLE,1997,1848,0.062,0.024,0.036,0.06,57550,0.062,0.6,0.6619999999999999
MERCEDES,CLASSE_S,S_580,ELEC+ESSENC_HR,2999,2345,0.221,0.012,0.005,,82525,0.221,0.3,0.521
B.M.W.,SERIE_2,220,GAZOLE,1995,1505,0.19,0.053000000000000005,0.016,0.069,47413,0.19,1.3250000000000002,1.5150000000000001
RENAULT,MEGANE,MEGANE,ESSENCE,1332,1281,0.183,0.013,0.01,,30775,0.183,0.325,0.508
KIA,NIRO,NIRO,ELEC+ESSENC_HR,1580,1519,0.075,0.025,0.008,,42050,0.075,0.625,0.7
ALFA_ROMEO,GIULIA,GIULIA,ESSENCE,1995,1429,0.243,0.028,0.022,,68400,0.243,0.7000000000000001,0.9430000000000001
CITROEN,BERLINGO,BERLINGO,ESSENCE,1199,1410,0.588,0.024,0.035,,27100,0.588,0.6,1.188
FORD,TRANSIT_CUSTOM,TRANSIT_CUSTOM,GAZOLE,1995,1964,0.117,0.014,0.049,0.065,51095,0.117,0.35000000000000003,0.467
OPEL,MOKKA,MOKKA,ESSENCE,1199,1200,0.369,0.026,0.018,,29163,0.369,0.65,1.0190000000000001
FORD,PUMA,PUMA,ESS+ELEC_HNR,999,1259,0.377,0.042,0.023,,30570,0.377,1.05,1.427
B.M.W.,SERIE_4,420,ELEC+GAZOLE_HR,1995,1705,0.112,0.027999999999999997,0.017,0.045,56383,0.112,0.7,0.8119999999999999
VOLKSWAGEN,GOLF,GOLF,GAZOLE,1968,1303,0.03,0.009000000000000001,0.041,0.05,32357,0.03,0.22500000000000003,0.255
B.M.W.,SERIE_1,116,ESSENCE,1499,1320,0.179,0.019,0.011,,33960,0.179,0.475,0.6539999999999999
MINI,MINI,COUNTRYMAN,ESSENCE,1998,1465,0.17,0.022,0.017,,40388,0.17,0.5499999999999999,0.72
VOLKSWAGEN,CADDY,CADDY,GAZOLE,1968,1620,0.025,0.019000000000000003,0.047,0.066,36530,0.025,0.4750000000000001,0.5000000000000001
B.M.W.,SERIE_1,118,ESSENCE,1499,1320,0.273,0.023,0.015,,37510,0.273,0.575,0.848
MERCEDES,CLASSE_E,E_300,ESS+ELEC_HNR,1991,1780,0.332,0.017,0.015,,73850,0.332,0.42500000000000004,0.7570000000000001
MERCEDES,CLASSE_V,V_300,GAZOLE,1950,2042,0.116,0.015,0.022,0.037,81025,0.116,0.375,0.491
B.M.W.,SERIE_X,X4,ESS+ELEC_HNR,2998,1920,0.109,0.015,0.013,,79650,0.109,0.375,0.484
OPEL,COMBO_LIFE,COMBO,GAZOLE,1499,1540,0.052,0.0030000000000000027,0.051,0.054,27560,0.052,0.07500000000000007,0.12700000000000006
B.M.W.,SERIE_5,530,ELEC+GAZOLE_HR,2993,1925,0.112,0.020999999999999998,0.052,0.073,72588,0.112,0.5249999999999999,0.6369999999999999
OPEL,COMBO_LIFE,COMBO,GAZOLE,1499,1540,0.052,0.0030000000000000027,0.051,0.054,27560,0.052,0.07500000000000007,0.12700000000000006
OPEL,ASTRA,ASTRA,ESSENCE,1199,1296,0.302,0.022,0.041,,32917,0.302,0.5499999999999999,0.8519999999999999
SEAT,ATECA,ATECA,GAZOLE,1968,1456,0.036,0.012,0.027,0.037,40423,0.036,0.3,0.33599999999999997
MERCEDES,CLASSE_E,E_63_AMG,ESSENCE,3982,1935,0.196,0.023,0.027,,137450,0.196,0.575,0.7709999999999999
FIAT,500_ABARTH,500,ESSENCE,1368,1090,0.576,0.024,0.018,,25296,0.576,0.6,1.176
RENAULT,MEGANE,MEGANE,ESSENCE,999,1249,0.218,0.019,0.022,0.027,26525,0.218,0.475,0.693
PEUGEOT,508,508,ELEC+ESSENC_HR,1598,1745,0.599,0.018,0.017,,49833,0.599,0.44999999999999996,1.049
B.M.W.,SERIE_X,X3,ESS+ELEC_HNR,1998,1800,0.157,0.013,0.017,,54800,0.157,0.325,0.482
MERCEDES,CLASSE_GLE,GLE_350,ELEC+GAZOLE_HR,1950,2615,0.031,0.0040000000000000036,0.046,0.05,106650,0.031,0.10000000000000009,0.1310000000000001
DACIA,SANDERO,SANDERO,ESSENCE,999,1122,0.26,0.023,0.032,,17500,0.26,0.575,0.835
NISSAN,QASHQAI,QASHQAI,ESS+ELEC_HNR,1332,1329,0.314,0.012,0.017,,34540,0.314,0.3,0.614
JEEP,RENEGADE,RENEGADE,ESSENCE,999,1320,0.465,0.026,0.016,,28600,0.465,0.65,1.115
MERCEDES,CLASSE_GLE,GLE_400,GAZOLE,2925,2235,0.053,0.015,0.03,0.045,91350,0.053,0.375,0.428
B.M.W.,SERIE_5,530,ELEC+ESSENC_HR,1998,1900,0.352,0.012,0.011,,68188,0.352,0.3,0.6519999999999999
B.M.W.,SERIE_X,X3,ELEC+GAZOLE_HR,2993,2005,0.122,0.013999999999999999,0.038,0.052,78000,0.122,0.35,0.472
B.M.W.,SERIE_1,116,ESSENCE,1499,1340,0.072,0.014,0.008,,36260,0.072,0.35000000000000003,0.42200000000000004
RENAULT,TRAFIC,TRAFIC,GAZOLE,1997,2034,0.04,0.006999999999999999,0.038,0.045,42550,0.04,0.175,0.215
SKODA,KAMIQ,KAMIQ,ESSENCE,999,1197,0.153,0.023,0.043,,29620,0.153,0.575,0.728
MERCEDES,CLASSE_V,V_300,GAZOLE,1950,2145,0.211,0.018,0.027,0.045,81025,0.211,0.44999999999999996,0.6609999999999999
B.M.W.,SERIE_1,118,ESSENCE,1499,1320,0.273,0.023,0.015,,37510,0.273,0.575,0.848
OPEL,GRANDLAND,GRANDLAND,GAZOLE,1499,1448,0.055,0.0020000000000000018,0.027,0.029,40625,0.055,0.050000000000000044,0.10500000000000004
B.M.W.,SERIE_4,420,ESSENCE,1998,1525,0.355,0.027,0.014,,53100,0.355,0.675,1.03
MERCEDES,CLASSE_GLE,GLE_350,ELEC+GAZOLE_HR,1950,2580,0.031,0.0049999999999999975,0.038,0.043,95650,0.031,0.12499999999999994,0.15599999999999994
B.M.W.,M8,M8,ESSENCE,4395,2025,0.181,0.013,0.012,,181000,0.181,0.325,0.506
MERCEDES,CLASSE_C,C_220,ELEC+GAZOLE_HR,1993,1715,0.066,0.007,0.007,0.014,59883,0.066,0.17500000000000002,0.24100000000000002
LAND_ROVER,DISCOVERY_SPORT,DISCOVERY_SPORT,ELEC+GAZOLE_HR,1998,1951,0.121,0.016999999999999994,0.035,0.052,62049,0.121,0.4249999999999999,0.5459999999999998
NISSAN,MICRA,MICRA,ESSENCE,999,1041,0.216,0.039,0.03,,21361,0.216,0.975,1.191
VOLKSWAGEN,GOLF,GOLF,ESSENCE,1984,1388,0.182,0.021,0.02,,45880,0.182,0.525,0.7070000000000001
VOLKSWAGEN,GOLF,GOLF,GAZOLE,1968,1388,0.025,0.023,0.036,0.059,38220,0.025,0.575,0.6
SKODA,OCTAVIA_RS,OCTAVIA,ESSENCE,1984,1456,0.182,0.021,0.02,,42700,0.182,0.525,0.7070000000000001
VOLKSWAGEN,TIGUAN,TIGUAN,GAZOLE,1968,1551,0.026,0.009000000000000001,0.03,0.039,48739,0.026,0.22500000000000003,0.25100000000000006
B.M.W.,SERIE_1,118,GAZOLE,1995,1430,0.171,0.049,0.013,0.062,40410,0.171,1.225,1.3960000000000001
JEEP,RENEGADE,RENEGADE,ESS+ELEC_HNR,1469,1420,0.381,0.063,0.018,,33438,0.381,1.575,1.956
MINI,MINI,MINI,ESSENCE,1998,1275,0.227,0.016,0.01,,40700,0.227,0.4,0.627
B.M.W.,SERIE_2,218,ESSENCE,1499,1470,0.235,0.009,0.009,,36688,0.235,0.22499999999999998,0.45999999999999996
RENAULT,CLIO,CLIO,ESSENCE,999,1099,0.216,0.03,0.025,,21183,0.216,0.75,0.966
PORSCHE,PANAMERA_4_E_HYBRID,PANAMERA,ELEC+ESSENC_HR,2894,2225,0.314,0.021,0.005,,128315,0.314,0.525,0.839
B.M.W.,SERIE_1,120,GAZOLE,1995,1515,0.071,0.037000000000000005,0.021,0.058,46988,0.071,0.9250000000000002,0.9960000000000001
VOLVO,V60,V60,ESS+ELEC_HNR,1969,1686,0.297,0.009,0.031,,53783,0.297,0.22499999999999998,0.522
RENAULT,KANGOO,KANGOO,GAZOLE,1461,1566,0.164,0.045,0.035,0.078,28050,0.164,1.125,1.289
B.M.W.,SERIE_2,218,GAZOLE,1995,1470,0.178,0.053000000000000005,0.013,0.066,43563,0.178,1.3250000000000002,1.5030000000000001
LAND_ROVER,RANGE_ROVER_VELAR,RANGE_ROVER_VELAR,ELEC+ESSENC_HR,1997,2199,0.601,0.025,0.02,,72850,0.601,0.625,1.226
CITROEN,C4_X,C4_X,GAZOLE,1499,1320,0.057,0.0050000000000000044,0.063,0.068,24000,0.057,0.1250000000000001,0.1820000000000001
VOLKSWAGEN,CADDY,CADDY,GAZOLE,1968,1646,0.023,0.020999999999999998,0.038,0.059,42483,0.023,0.5249999999999999,0.5479999999999999
B.M.W.,SERIE_4,420,ELEC+GAZOLE_HR,1995,1605,0.086,0.018000000000000002,0.017,0.035,55650,0.086,0.45000000000000007,0.536
DS,DS_9,9,ESSENCE,1598,1540,0.378,0.019,0.024,,52700,0.378,0.475,0.853
PEUGEOT,208,208,ESSENCE,1199,1090,0.314,0.025,0.031,,26013,0.314,0.625,0.9390000000000001
KIA,CEED,CEED,ELEC+GAZOLE_HR,1598,1370,0.108,0.038,0.009,0.047,33242,0.108,0.95,1.058
SKODA,KAROQ,KAROQ,ESSENCE,1498,1335,0.115,0.013,0.018,,33965,0.115,0.325,0.44
FORD,FIESTA,FIESTA,ESS+ELEC_HNR,999,1136,0.309,0.034,0.014,,24190,0.309,0.8500000000000001,1.159
VOLKSWAGEN,ARTEON,ARTEON,GAZOLE,1968,1658,0.021,0.011000000000000003,0.038,0.049,62440,0.021,0.2750000000000001,0.2960000000000001
B.M.W.,SERIE_4,420,ELEC+GAZOLE_HR,1995,1760,0.087,0.026,0.019,0.045,58783,0.087,0.65,0.737
B.M.W.,SERIE_X,X3,ELEC+GAZOLE_HR,1995,1810,0.159,0.038,0.023,0.061,55100,0.159,0.95,1.109
HYUNDAI,TUCSON,TUCSON,ELEC+GAZOLE_HR,1598,1510,0.128,0.039999999999999994,0.034,0.074,36000,0.128,0.9999999999999999,1.128
PORSCHE,CAYENNE_E_HYBRID,CAYENNE,ELEC+ESSENC_HR,2995,2360,0.389,0.021,0.021,,105929,0.389,0.525,0.914
B.M.W.,SERIE_1,118,ESSENCE,1499,1320,0.273,0.023,0.015,,37510,0.273,0.575,0.848
MITSUBISHI,SPACE_STAR,SPACE_STAR,ESSENCE,1193,875,0.185,0.023,0.022,,14340,0.185,0.575,0.76
CUPRA,FORMENTOR,FORMENTOR,ESSENCE,1498,1347,0.272,0.026,0.017,,36553,0.272,0.65,0.922
VOLKSWAGEN,TIGUAN,TIGUAN,GAZOLE,1968,1565,0.026,0.009000000000000001,0.03,0.039,46752,0.026,0.22500000000000003,0.25100000000000006
MERCEDES,CLASSE_A,A_160,ESSENCE,1332,1275,0.108,0.022,0.023,,34225,0.108,0.5499999999999999,0.6579999999999999
B.M.W.,SERIE_1,116,GAZOLE,1496,1385,0.037,0.02,0.019,0.039,38560,0.037,0.5,0.537
B.M.W.,SERIE_1,116,ESSENCE,1499,1320,0.179,0.019,0.011,,33960,0.179,0.475,0.6539999999999999
MERCEDES,CLASSE_B,B_180,ESSENCE,1332,1330,0.101,0.027,0.031,,38375,0.101,0.675,0.776
VOLVO,S60,S60,ELEC+ESSENC_HR,1969,1964,0.283,0.007,0.007,,77600,0.283,0.17500000000000002,0.45799999999999996
VOLKSWAGEN,GOLF,GOLF,GAZOLE,1968,1303,0.03,0.009000000000000001,0.041,0.05,32357,0.03,0.22500000000000003,0.255
SKODA,KAMIQ,KAMIQ,ESSENCE,999,1165,0.167,0.02,0.037,,28070,0.167,0.5,0.667
B.M.W.,SERIE_4,420,ELEC+GAZOLE_HR,1995,1705,0.112,0.027999999999999997,0.017,0.045,56383,0.112,0.7,0.8119999999999999
SKODA,KAROQ,KAROQ,GAZOLE,1968,1551,0.022,0.007999999999999997,0.029,0.037,45690,0.022,0.19999999999999993,0.22199999999999992
MERCEDES,CLASSE_B,B_250,ELEC+ESSENC_HR,1332,1645,0.078,0.016,0.013,,49933,0.078,0.4,0.47800000000000004
FIAT,500,500,ESS+ELEC_HNR,999,958,0.281,0.031,0.048,,18540,0.281,0.775,1.056
SKODA,KAMIQ,KAMIQ,ESSENCE,1498,1226,0.144,0.022,0.022,,31270,0.144,0.5499999999999999,0.694
HYUNDAI,I_20,I_20,ESS+ELEC_HNR,998,1090,0.366,0.026,0.019,,21975,0.366,0.65,1.016
MINI,MINI,COUNTRYMAN,ESSENCE,1499,1505,0.273,0.025,0.024,,38733,0.273,0.625,0.898
KIA,SPORTAGE,SPORTAGE,ESS+ELEC_HNR,1598,1640,0.108,0.012,0.01,,44390,0.108,0.3,0.408
B.M.W.,SERIE_2,220,GAZOLE,1995,1505,0.19,0.053000000000000005,0.016,0.069,47413,0.19,1.3250000000000002,1.5150000000000001
PORSCHE,CAYENNE_E_HYBRID,CAYENNE,ELEC+ESSENC_HR,2995,2360,0.389,0.021,0.021,,105929,0.389,0.525,0.914
B.M.W.,SERIE_1,118,GAZOLE,1995,1430,0.171,0.049,0.013,0.062,40410,0.171,1.225,1.3960000000000001
RENAULT,TRAFIC,TRAFIC,GAZOLE,1997,2237,0.04,0.006999999999999999,0.038,0.045,42550,0.04,0.175,0.215
SUZUKI,VITARA,VITARA,ESS+ELEC_HNR,1373,1270,0.336,0.032,0.019,,28665,0.336,0.8,1.1360000000000001
SKODA,KAROQ,KAROQ,ESSENCE,1498,1330,0.172,0.022,0.025,,36658,0.172,0.5499999999999999,0.722
OPEL,MOKKA,MOKKA,ESSENCE,1199,1200,0.369,0.026,0.018,,29163,0.369,0.65,1.0190000000000001
RENAULT,TRAFIC,TRAFIC,GAZOLE,1997,2058,0.016,0.008,0.03,0.038,46500,0.016,0.2,0.21600000000000003
FORD,FIESTA,FIESTA,ESS+ELEC_HNR,999,1136,0.309,0.034,0.014,,24190,0.309,0.8500000000000001,1.159
B.M.W.,SERIE_2,218,GAZOLE,1995,1425,0.185,0.052,0.025,0.077,41263,0.185,1.3,1.485
TOYOTA,AYGO,AYGO,ESSENCE,998,855,0.155,0.026,0.022,,15450,0.155,0.65,0.805
SKODA,SUPERB,SUPERB,ESSENCE,1498,1462,0.223,0.023,0.024,,42937,0.223,0.575,0.7979999999999999
VOLKSWAGEN,TIGUAN,TIGUAN,GAZOLE,1968,1556,0.026,0.009000000000000001,0.03,0.039,48739,0.026,0.22500000000000003,0.25100000000000006
HYUNDAI,I_20,I_20,ESS+ELEC_HNR,998,1115,0.15,0.027,0.025,,23800,0.15,0.675,0.8250000000000001
SKODA,FABIA,FABIA,ESSENCE,999,1141,0.191,0.025,0.037,,23997,0.191,0.625,0.8160000000000001
OPEL,ZAFIRA_LIFE,ZAFIRA,GAZOLE,1499,1659,0.072,0.0049999999999999975,0.05,0.055,36610,0.072,0.12499999999999994,0.19699999999999995
RENAULT,CLIO,CLIO,GAZOLE,1461,1173,0.08,0.027000000000000003,0.023,0.05,23000,0.08,0.675,0.755
CITROEN,C4_X,C4_X,ESSENCE,1199,1289,0.325,0.02,0.033,,24000,0.325,0.5,0.825
B.M.W.,SERIE_1,116,ESSENCE,1499,1340,0.072,0.014,0.008,,36260,0.072,0.35000000000000003,0.42200000000000004
B.M.W.,SERIE_2,218,GAZOLE,1995,1470,0.178,0.053000000000000005,0.013,0.066,43563,0.178,1.3250000000000002,1.5030000000000001
B.M.W.,M3,M3,ESSENCE,2993,1730,0.206,0.013,0.017,,102000,0.206,0.325,0.531
B.M.W.,SERIE_5,520,ELEC+GAZOLE_HR,1995,1840,0.1,0.029,0.019,0.048,63713,0.1,0.7250000000000001,0.8250000000000001
MERCEDES,CLASSE_V,V_300,GAZOLE,1950,2120,0.211,0.018,0.027,0.045,81025,0.211,0.44999999999999996,0.6609999999999999
SEAT,ATECA,ATECA,ESSENCE,999,1284,0.216,0.022,0.035,,30622,0.216,0.5499999999999999,0.7659999999999999
FORD,FIESTA,FIESTA,SUPERETHANOL,999,1114,0.393,0.036,0.01,,23090,0.393,0.8999999999999999,1.293
VOLKSWAGEN,ARTEON,ARTEON,GAZOLE,1968,1658,0.021,0.011000000000000003,0.038,0.049,62440,0.021,0.2750000000000001,0.2960000000000001
B.M.W.,SERIE_4,420,ESSENCE,1998,1525,0.355,0.027,0.014,,53100,0.355,0.675,1.03
HYUNDAI,I_20,I_20,ESS+ELEC_HNR,998,1090,0.366,0.026,0.019,,21975,0.366,0.65,1.016
B.M.W.,SERIE_2,218,ESSENCE,1499,1375,0.273,0.023,0.015,,40663,0.273,0.575,0.848
NISSAN,QASHQAI,QASHQAI,ESS+ELEC_HNR,1332,1457,0.312,0.015,0.024,,42920,0.312,0.375,0.687
MERCEDES,VITO_TOURER,VITO,GAZOLE,1950,1990,0.027,0.006999999999999999,0.017,0.024,47912,0.027,0.175,0.20199999999999999
B.M.W.,SERIE_X,X1,ESSENCE,1499,1500,0.075,0.009,0.008,,42463,0.075,0.22499999999999998,0.3
B.M.W.,SERIE_X,X4,ESS+ELEC_HNR,1998,1815,0.183,0.013,0.014,,63850,0.183,0.325,0.508
MINI,MINI,COUNTRYMAN,ESSENCE,1998,1480,0.135,0.018,0.014,,42588,0.135,0.44999999999999996,0.585
B.M.W.,SERIE_2,220,ELEC+GAZOLE_HR,1995,1580,0.097,0.02,0.018,0.038,48550,0.097,0.5,0.597
B.M.W.,SERIE_1,116,GAZOLE,1496,1375,0.059,0.017000000000000005,0.018,0.035,36260,0.059,0.4250000000000001,0.4840000000000001
B.M.W.,SERIE_X,X6,ELEC+GAZOLE_HR,2993,2215,0.096,0.012999999999999998,0.025,0.038,89225,0.096,0.32499999999999996,0.42099999999999993
OPEL,CROSSLAND,CROSSLAND_X,ESSENCE,1199,1179,0.32,0.026,0.03,,26933,0.32,0.65,0.97
VOLKSWAGEN,CADDY,CADDY,ESSENCE,1498,1467,0.245,0.029,0.031,,30620,0.245,0.7250000000000001,0.9700000000000001
B.M.W.,SERIE_X,X3,ELEC+GAZOLE_HR,1995,1840,0.165,0.044000000000000004,0.025,0.069,59100,0.165,1.1,1.2650000000000001
VOLKSWAGEN,KOMBI,KOMBI,GAZOLE,1968,1919,0.015,0.013999999999999999,0.033,0.047,60740,0.015,0.35,0.365
DACIA,SANDERO,SANDERO,ESSENCE,999,1072,0.241,0.036,0.029,,13790,0.241,0.8999999999999999,1.141
CITROEN,C4,C4,ESSENCE,1199,1299,0.368,0.03,0.032,,32250,0.368,0.75,1.1179999999999999
FORD,TOURNEO,TOURNEO_CONNECT,GAZOLE,1499,1589,0.045,0.005,0.03,0.034,26495,0.045,0.125,0.16999999999999998
B.M.W.,SERIE_4,420,ELEC+GAZOLE_HR,1995,1605,0.086,0.018000000000000002,0.017,0.035,55650,0.086,0.45000000000000007,0.536
B.M.W.,SERIE_2,220,ESSENCE,1998,1430,0.156,0.017,0.011,,44133,0.156,0.42500000000000004,0.5810000000000001
SKODA,KAMIQ,KAMIQ,ESSENCE,999,1185,0.153,0.023,0.043,,29620,0.153,0.575,0.728
SKODA,KAROQ,KAROQ,GAZOLE,1968,1417,0.025,0.023,0.036,0.059,39098,0.025,0.575,0.6
MINI,MINI,CABRIO,ESSENCE,1998,1325,0.188,0.016,0.009,,41233,0.188,0.4,0.5880000000000001
SKODA,KAMIQ,KAMIQ,ESSENCE,999,1152,0.23,0.026,0.034,,24607,0.23,0.65,0.88
PORSCHE,CAYENNE_TURBO_GT,CAYENNE,ESSENCE,3996,2220,0.221,0.019,0.014,,208815,0.221,0.475,0.696
RENAULT,KANGOO,KANGOO,ESSENCE,1332,1475,0.291,0.012,0.011,,28900,0.291,0.3,0.591
MINI,MINI,COUNTRYMAN,ESSENCE,1499,1390,0.136,0.016,0.008,,32880,0.136,0.4,0.536
B.M.W.,SERIE_1,118,GAZOLE,1995,1430,0.171,0.049,0.013,0.062,40410,0.171,1.225,1.3960000000000001
MERCEDES,CLASSE_C,C_220,ELEC+GAZOLE_HR,1993,1655,0.063,0.007,0.007,0.014,58383,0.063,0.17500000000000002,0.23800000000000002
MERCEDES,CLASSE_T,CLASSE_T,GAZOLE,1461,1603,0.149,0.054,0.03,0.084,35632,0.149,1.35,1.499
FIAT,500X,500X,ESSENCE,1332,1320,0.291,0.033,0.012,,31413,0.291,0.8250000000000001,1.116
B.M.W.,SERIE_4,420,ELEC+GAZOLE_HR,1995,1670,0.087,0.027999999999999997,0.017,0.045,58050,0.087,0.7,0.7869999999999999
FORD,FOCUS,FOCUS,ESS+ELEC_HNR,999,1376,0.337,0.043,0.018,,34950,0.337,1.075,1.412
B.M.W.,SERIE_2,220,ESSENCE,1998,1490,0.226,0.024,0.013,,45650,0.226,0.6,0.826
B.M.W.,SERIE_1,118,ESSENCE,1499,1290,0.291,0.024,0.018,,32798,0.291,0.6,0.891
B.M.W.,SERIE_4,420,ELEC+GAZOLE_HR,1995,1705,0.112,0.027999999999999997,0.017,0.045,56383,0.112,0.7,0.8119999999999999
FIAT,TIPO,TIPO,GAZOLE,1598,1340,0.071,0.026999999999999996,0.05,0.077,26990,0.071,0.6749999999999999,0.7459999999999999
RENAULT,CLIO,CLIO,ESSENCE,999,1028,0.222,0.021,0.026,,18550,0.222,0.525,0.747
B.M.W.,SERIE_1,116,ESSENCE,1499,1340,0.072,0.014,0.008,,36260,0.072,0.35000000000000003,0.42200000000000004
PEUGEOT,2008,2008,GAZOLE,1499,1205,0.058,0.005999999999999998,0.046,0.052,28979,0.058,0.14999999999999997,0.20799999999999996
RENAULT,TRAFIC,TRAFIC,GAZOLE,1997,2212,0.016,0.008,0.03,0.038,46500,0.016,0.2,0.21600000000000003
JEEP,RENEGADE,RENEGADE,GAZOLE,1598,1430,0.05,0.022000000000000006,0.059,0.081,32400,0.05,0.5500000000000002,0.6000000000000002
SKODA,OCTAVIA_RS,OCTAVIA,ESSENCE,1984,1456,0.182,0.021,0.02,,42700,0.182,0.525,0.7070000000000001
PEUGEOT,RIFTER,RIFTER,ESSENCE,1199,1493,0.588,0.024,0.035,,32125,0.588,0.6,1.188
VOLKSWAGEN,POLO,POLO,ESSENCE,999,1124,0.174,0.021,0.038,,25223,0.174,0.525,0.6990000000000001
JEEP,COMPASS,COMPASS,ESS+ELEC_HNR,1469,1500,0.28,0.041,0.013,,40533,0.28,1.0250000000000001,1.3050000000000002
MERCEDES,CLASSE_GLE,GLE_300,ELEC+GAZOLE_HR,1993,2205,0.049,0.007999999999999998,0.01,0.018,79100,0.049,0.19999999999999996,0.24899999999999994
DS,DS_3_CROSSBACK,3_CROSSBACK,GAZOLE,1499,1205,0.067,0.0059999999999999915,0.07,0.076,37067,0.067,0.1499999999999998,0.2169999999999998
FORD,S_MAX,S_MAX,ESS+ELEC_HNR,2488,1803,0.307,0.017,0.006,,49183,0.307,0.42500000000000004,0.732
RENAULT,SCENIC,SCENIC,ESSENCE,1332,1490,0.247,0.009,0.019,,38067,0.247,0.22499999999999998,0.472
RENAULT,SCENIC,SCENIC,ESSENCE,1332,1450,0.261,0.011,0.018,,35900,0.261,0.27499999999999997,0.536
HYUNDAI,I_20_N,I_20,ESSENCE,1598,1190,0.368,0.05,0.008,,28400,0.368,1.25,1.6179999999999999
SKODA,KODIAQ,KODIAQ,ESSENCE,1498,1637,0.311,0.027,0.022,,33820,0.311,0.675,0.986
FORD,FIESTA,FIESTA,ESS+ELEC_HNR,999,1136,0.309,0.034,0.014,,24190,0.309,0.8500000000000001,1.159
RENAULT,KANGOO,KANGOO,ESSENCE,1332,1475,0.291,0.012,0.011,,28900,0.291,0.3,0.591
B.M.W.,SERIE_X,X2,ESSENCE,1998,1470,0.159,0.021,0.013,,46817,0.159,0.525,0.684
HYUNDAI,TUCSON,TUCSON,ELEC+GAZOLE_HR,1598,1531,0.12,0.041999999999999996,0.035,0.077,41825,0.12,1.0499999999999998,1.17
MERCEDES,CLASSE_V,V_300,GAZOLE,1950,2120,0.211,0.018,0.027,0.045,81025,0.211,0.44999999999999996,0.6609999999999999
MINI,MINI,COUNTRYMAN,ESSENCE,1499,1420,0.085,0.013,0.007,,35080,0.085,0.325,0.41000000000000003
VOLVO,XC40,XC40,ELEC+ESSENC_HR,1477,1737,0.081,0.006,0.011,,54900,0.081,0.15,0.23099999999999998
JEEP,COMPASS,COMPASS,ESS+ELEC_HNR,1469,1500,0.28,0.041,0.013,,40533,0.28,1.0250000000000001,1.3050000000000002
MERCEDES,CLASSE_GLE,GLE_53_AMG,ESS+ELEC_HNR,2999,2230,0.215,0.018,0.02,,96650,0.215,0.44999999999999996,0.6649999999999999
MINI,MINI,CABRIO,ESSENCE,1499,1285,0.2,0.019,0.01,,36733,0.2,0.475,0.675
SKODA,KAMIQ,KAMIQ,ESSENCE,1498,1214,0.144,0.022,0.022,,30194,0.144,0.5499999999999999,0.694
B.M.W.,SERIE_3,340,ELEC+GAZOLE_HR,2993,1800,0.102,0.013999999999999999,0.041,0.055,71450,0.102,0.35,0.45199999999999996
FORD,TOURNEO_CUSTOM,TOURNEO_CUSTOM,GAZOLE,1995,2209,0.117,0.014,0.049,0.065,51095,0.117,0.35000000000000003,0.467
RENAULT,MEGANE,MEGANE,GAZOLE,1461,1347,0.151,0.046,0.026,0.072,33775,0.151,1.15,1.301
MERCEDES,CLASSE_A,A_250,ELEC+ESSENC_HR,1332,1600,0.096,0.016,0.012,,47875,0.096,0.4,0.496
JEEP,COMPASS,COMPASS,ESSENCE,1332,1430,0.114,0.016,0.009,,37560,0.114,0.4,0.514
SKODA,KAROQ,KAROQ,ESSENCE,1498,1330,0.132,0.023,0.025,,37898,0.132,0.575,0.707
SKODA,KODIAQ,KODIAQ,ESSENCE,1498,1637,0.243,0.025,0.02,,33820,0.243,0.625,0.868
FORD,ECOSPORT,ECOSPORT,ESSENCE,998,1284,0.271,0.02,0.016,,24150,0.271,0.5,0.771
MERCEDES,CLASSE_GLE,GLE_350,ELEC+ESSENC_HR,1991,2530,0.382,0.025,0.015,,98800,0.382,0.625,1.0070000000000001
SKODA,KAROQ,KAROQ,GAZOLE,1968,1410,0.019,0.009000000000000001,0.04,0.049,35185,0.019,0.22500000000000003,0.24400000000000002
MINI,MINI,CLUBMAN,ESSENCE,1499,1330,0.089,0.018,0.009,,30325,0.089,0.44999999999999996,0.5389999999999999
LAND_ROVER,RANGE_ROVER,RANGE_ROVER,ELEC+GAZOLE_HR,2997,2429,0.136,0.022000000000000002,0.027,0.049,169550,0.136,0.55,0.686
MAZDA,MAZDA_3,3,ESS+ELEC_HNR,1998,1384,0.127,0.011,0.029,,30800,0.127,0.27499999999999997,0.40199999999999997
MINI,MINI,COUNTRYMAN,ESSENCE,1499,1420,0.085,0.013,0.007,,35080,0.085,0.325,0.41000000000000003
B.M.W.,SERIE_5,530,ELEC+ESSENC_HR,1998,1835,0.319,0.015,0.011,,65588,0.319,0.375,0.694
PEUGEOT,508,508,ELEC+ESSENC_HR,1598,1850,0.476,0.011,0.019,,68550,0.476,0.27499999999999997,0.7509999999999999
MINI,MINI,CLUBMAN,ESSENCE,1998,1500,0.156,0.017,0.012,,42029,0.156,0.42500000000000004,0.5810000000000001
B.M.W.,SERIE_1,120,ESSENCE,1998,1390,0.156,0.017,0.011,,41488,0.156,0.42500000000000004,0.5810000000000001
MERCEDES,CLASSE_GLE,GLE_300,ELEC+GAZOLE_HR,1993,2205,0.04,0.01,0.01,0.02,86350,0.04,0.25,0.29
FORD,FOCUS,FOCUS,ESS+ELEC_HNR,999,1269,0.322,0.039,0.018,,31400,0.322,0.975,1.297
RENAULT,TRAFIC,TRAFIC,GAZOLE,1997,2010,0.04,0.006999999999999999,0.038,0.045,42550,0.04,0.175,0.215
SKODA,FABIA,FABIA,ESSENCE,999,1076,0.193,0.021,0.042,,22347,0.193,0.525,0.718
NISSAN,MICRA,MICRA,ESSENCE,999,1041,0.216,0.039,0.03,,21361,0.216,0.975,1.191
MERCEDES,CLASSE_C,C_200,ELEC+GAZOLE_HR,1993,1705,0.064,0.007,0.007,0.014,55683,0.064,0.17500000000000002,0.23900000000000002
PORSCHE,911_CARRERA_GTS,911,ESSENCE,2981,1545,0.166,0.011,0.011,,149486,0.166,0.27499999999999997,0.44099999999999995
DS,DS_3_CROSSBACK,3_CROSSBACK,GAZOLE,1499,1205,0.058,0.005999999999999998,0.046,0.052,30550,0.058,0.14999999999999997,0.20799999999999996
B.M.W.,SERIE_2,218,ESSENCE,1499,1375,0.273,0.023,0.015,,40663,0.273,0.575,0.848
VOLKSWAGEN,TIGUAN,TIGUAN,GAZOLE,1968,1556,0.026,0.009000000000000001,0.03,0.039,48739,0.026,0.22500000000000003,0.25100000000000006
MINI,MINI,COUNTRYMAN,GAZOLE,1995,1570,0.076,0.034,0.02,0.054,41733,0.076,0.8500000000000001,0.926
PORSCHE,PANAMERA_4_E_HYBRID,PANAMERA,ELEC+ESSENC_HR,2894,2220,0.22,0.015,0.005,,125222,0.22,0.375,0.595
CUPRA,FORMENTOR,FORMENTOR,ESSENCE,1984,1551,0.398,0.036,0.012,,50250,0.398,0.8999999999999999,1.298
DACIA,SANDERO,SANDERO,ESSENCE,999,1122,0.26,0.023,0.032,,17500,0.26,0.575,0.835
SKODA,OCTAVIA,OCTAVIA,ESS+ELEC_HNR,999,1278,0.103,0.019,0.035,,31557,0.103,0.475,0.578
PEUGEOT,408,408,ESSENCE,1199,1392,0.392,0.021,0.04,,30500,0.392,0.525,0.917
B.M.W.,SERIE_X,X1,ESSENCE,1499,1500,0.085,0.008,0.006,,42463,0.085,0.2,0.28500000000000003
SKODA,OCTAVIA,OCTAVIA,ESS+ELEC_HNR,1498,1308,0.135,0.021,0.019,,35430,0.135,0.525,0.66
PEUGEOT,EXPERT_TRAVELLER,TRAVELLER,GAZOLE,1499,1659,0.072,0.0049999999999999975,0.05,0.055,33350,0.072,0.12499999999999994,0.19699999999999995
SKODA,OCTAVIA_RS,OCTAVIA,ESSENCE,1984,1468,0.182,0.021,0.02,,43810,0.182,0.525,0.7070000000000001
JEEP,COMPASS,COMPASS,ELEC+ESSENC_HR,1332,1860,0.326,0.033,0.019,,50100,0.326,0.8250000000000001,1.151
RENAULT,CLIO,CLIO,ESSENCE,999,1028,0.222,0.021,0.026,,18550,0.222,0.525,0.747
OPEL,CROSSLAND,CROSSLAND_X,ESSENCE,1199,1188,0.4,0.021,0.023,,29100,0.4,0.525,0.925
CITROEN,C3,C3,ESSENCE,1199,980,0.669,0.034,0.018,,19013,0.669,0.8500000000000001,1.5190000000000001
OPEL,INSIGNIA_GRAND_SPORT,INSIGNIA,GAZOLE,1496,1524,0.051,0.016999999999999998,0.02,0.037,43113,0.051,0.42499999999999993,0.4759999999999999
B.M.W.,SERIE_X,X5,ELEC+ESSENC_HR,2998,2435,0.21,0.017,0.008,,91300,0.21,0.42500000000000004,0.635
RENAULT,CAPTUR,CAPTUR,ESS+ELEC_HNR,1598,1361,0.345,0.017,0.006,,31408,0.345,0.42500000000000004,0.77
MINI,MINI,CLUBMAN,GAZOLE,1496,1405,0.029,0.015,0.015,0.03,35525,0.029,0.375,0.404
B.M.W.,SERIE_X,X2,GAZOLE,1995,1540,0.177,0.049,0.016,0.065,45667,0.177,1.225,1.4020000000000001
SKODA,KAROQ,KAROQ,GAZOLE,1968,1430,0.025,0.023,0.036,0.059,39098,0.025,0.575,0.6
MERCEDES,CLASSE_V,V_250,GAZOLE,1950,2110,0.211,0.018,0.027,0.045,74793,0.211,0.44999999999999996,0.6609999999999999
SKODA,FABIA,FABIA,ESSENCE,999,1097,0.193,0.021,0.042,,22347,0.193,0.525,0.718
B.M.W.,SERIE_1,116,GAZOLE,1496,1375,0.059,0.017000000000000005,0.018,0.035,36260,0.059,0.4250000000000001,0.4840000000000001
B.M.W.,SERIE_X,X3,ELEC+GAZOLE_HR,1995,1840,0.165,0.044000000000000004,0.025,0.069,59100,0.165,1.1,1.2650000000000001
B.M.W.,SERIE_1,118,GAZOLE,1995,1405,0.185,0.052,0.023,0.075,38110,0.185,1.3,1.485
JEEP,COMPASS,COMPASS,ELEC+ESSENC_HR,1332,1860,0.326,0.033,0.019,,50100,0.326,0.8250000000000001,1.151
MERCEDES,CLASSE_B,B_180,ESSENCE,1332,1330,0.101,0.027,0.031,,38375,0.101,0.675,0.776
ALFA_ROMEO,GIULIA,GIULIA,ESSENCE,1995,1429,0.243,0.028,0.022,,68400,0.243,0.7000000000000001,0.9430000000000001
FORD,KUGA,KUGA,ESS+ELEC_HNR,2488,1626,0.205,0.011,0.01,,43590,0.205,0.27499999999999997,0.48
FORD,FIESTA,FIESTA,SUPERETHANOL,999,1114,0.393,0.037,0.011,,23090,0.393,0.9249999999999999,1.318
SKODA,KODIAQ,KODIAQ,GAZOLE,1968,1647,0.026,0.009000000000000001,0.03,0.039,33820,0.026,0.22500000000000003,0.25100000000000006
B.M.W.,SERIE_5,530,ELEC+GAZOLE_HR,2993,1925,0.112,0.020999999999999998,0.052,0.073,72588,0.112,0.5249999999999999,0.6369999999999999
FIAT,PANDA,PANDA,ESS+ELEC_HNR,999,1003,0.3,0.028,0.022,,15940,0.3,0.7000000000000001,1.0
MERCEDES,CLASSE_C,C_220,ELEC+GAZOLE_HR,1993,1655,0.063,0.007,0.007,0.014,58383,0.063,0.17500000000000002,0.23800000000000002
B.M.W.,SERIE_1,118,ESSENCE,1499,1290,0.291,0.024,0.018,,35210,0.291,0.6,0.891
VOLKSWAGEN,TIGUAN,TIGUAN,ESSENCE,1498,1461,0.234,0.024,0.024,,45809,0.234,0.6,0.834
SKODA,SUPERB,SUPERB,GAZOLE,1968,1527,0.025,0.008,0.032,0.04,47108,0.025,0.2,0.225
OPEL,CORSA,CORSA,ESSENCE,1199,1090,0.314,0.025,0.031,,23050,0.314,0.625,0.9390000000000001
B.M.W.,SERIE_4,440,ESS+ELEC_HNR,2998,1740,0.087,0.013,0.009,,70650,0.087,0.325,0.41200000000000003
FIAT,500,500,ESS+ELEC_HNR,999,999,0.281,0.031,0.048,,18540,0.281,0.775,1.056
DS,DS_9,9,ESSENCE,1598,1540,0.378,0.019,0.024,,52700,0.378,0.475,0.853
MERCEDES,CLASSE_GLE,GLE_300,ELEC+GAZOLE_HR,1993,2205,0.059,0.011999999999999999,0.01,0.022,86350,0.059,0.3,0.359
VOLKSWAGEN,POLO,POLO,ESSENCE,999,1093,0.226,0.032,0.041,,23613,0.226,0.8,1.026
DACIA,DUSTER,DUSTER,ESSENCE,1332,1263,0.234,0.013,0.019,,23275,0.234,0.325,0.559
OPEL,ASTRA,ASTRA,ESSENCE,1199,1257,0.333,0.032,0.042,,24267,0.333,0.8,1.133
MERCEDES,CLASSE_GLC,GLC_400,GAZOLE,2925,1860,0.087,0.023,0.03,0.053,80650,0.087,0.575,0.6619999999999999
B.M.W.,SERIE_X,X2,GAZOLE,1995,1605,0.071,0.035,0.021,0.056,47717,0.071,0.8750000000000001,0.9460000000000001
MINI,MINI,COUNTRYMAN,GAZOLE,1995,1510,0.177,0.045,0.015,0.06,42567,0.177,1.125,1.302
RENAULT,SCENIC,SCENIC,ESSENCE,1332,1427,0.312,0.011,0.014,,33900,0.312,0.27499999999999997,0.587
VOLVO,XC60,XC60,ELEC+ESSENC_HR,1969,2094,0.645,0.006,0.006,,76310,0.645,0.15,0.795
FIAT,PANDA,PANDA,ESSENCE,875,1090,0.621,0.047,0.03,,15840,0.621,1.175,1.796
B.M.W.,SERIE_2,218,ESSENCE,1499,1470,0.235,0.009,0.009,,36688,0.235,0.22499999999999998,0.45999999999999996
B.M.W.,M8,M8,ESSENCE,4395,1900,0.181,0.013,0.012,,177000,0.181,0.325,0.506
FIAT,TIPO,TIPO,ESSENCE,999,1260,0.749,0.034,0.019,,23540,0.749,0.8500000000000001,1.5990000000000002
VOLKSWAGEN,KOMBI,KOMBI,GAZOLE,1968,1966,0.021,0.012999999999999998,0.033,0.046,60740,0.021,0.32499999999999996,0.346
CITROEN,C4_X,C4_X,ESSENCE,1199,1289,0.317,0.022,0.037,,24000,0.317,0.5499999999999999,0.867
B.M.W.,SERIE_2,235,ESSENCE,1998,1570,0.079,0.009,0.015,,58750,0.079,0.22499999999999998,0.304
RENAULT,TRAFIC,TRAFIC,GAZOLE,1997,1981,0.04,0.006999999999999999,0.038,0.045,42550,0.04,0.175,0.215
CITROEN,BERLINGO,BERLINGO,GAZOLE,1499,1517,0.053,0.003999999999999997,0.049,0.053,29840,0.053,0.09999999999999992,0.1529999999999999
VOLKSWAGEN,TIGUAN,TIGUAN,GAZOLE,1968,1679,0.026,0.009999999999999998,0.029,0.039,52000,0.026,0.24999999999999997,0.27599999999999997
B.M.W.,SERIE_2,220,GAZOLE,1995,1505,0.19,0.053000000000000005,0.016,0.069,47413,0.19,1.3250000000000002,1.5150000000000001
CITROEN,C4,C4,ESSENCE,1199,1209,0.403,0.016,0.028,,24850,0.403,0.4,0.803
B.M.W.,SERIE_X,X3,ESS+ELEC_HNR,1998,1800,0.157,0.013,0.017,,54800,0.157,0.325,0.482
B.M.W.,SERIE_8,840,ESSENCE,2998,1875,0.099,0.017,0.01,,70250,0.099,0.42500000000000004,0.524
PEUGEOT,308,308,GAZOLE,1499,1382,0.078,0.0050000000000000044,0.051,0.056,33033,0.078,0.1250000000000001,0.20300000000000012
JEEP,RENEGADE,RENEGADE,ESS+ELEC_HNR,1469,1420,0.381,0.063,0.018,,33438,0.381,1.575,1.956
JAGUAR,E_PACE,E_PACE,ELEC+ESSENC_HR,1498,2127,0.266,0.018,0.019,,53800,0.266,0.44999999999999996,0.716
PORSCHE,PANAMERA_4S_E_HYBRID,PANAMERA,ELEC+ESSENC_HR,2894,2230,0.234,0.021,0.017,,137456,0.234,0.525,0.759
RENAULT,TRAFIC,TRAFIC,GAZOLE,1997,2035,0.04,0.006999999999999999,0.038,0.045,42550,0.04,0.175,0.215
RENAULT,ARKANA,ARKANA,ESS+ELEC_HNR,1332,1347,0.534,0.014,0.023,,36125,0.534,0.35000000000000003,0.8840000000000001
MERCEDES,CLASSE_GLE,GLE_350,ELEC+GAZOLE_HR,1950,2580,0.031,0.0049999999999999975,0.038,0.043,95650,0.031,0.12499999999999994,0.15599999999999994
MERCEDES,CLASSE_GLC,GLC_300,ELEC+GAZOLE_HR,1950,2060,0.031,0.0,0.04,0.04,77775,0.031,0.0,0.031
B.M.W.,SERIE_5,520,ELEC+GAZOLE_HR,1995,1840,0.1,0.029,0.019,0.048,63713,0.1,0.7250000000000001,0.8250000000000001
VOLKSWAGEN,TIGUAN,TIGUAN,ELEC+ESSENC_HR,1395,1744,0.213,0.014,0.011,,50806,0.213,0.35000000000000003,0.5630000000000001
B.M.W.,SERIE_1,120,GAZOLE,1995,1515,0.071,0.037000000000000005,0.021,0.058,46988,0.071,0.9250000000000002,0.9960000000000001
MERCEDES,VITO_TOURER,VITO,GAZOLE,1950,1972,0.116,0.015,0.022,0.037,51378,0.116,0.375,0.491
RENAULT,TRAFIC,TRAFIC,GAZOLE,1997,1981,0.04,0.006999999999999999,0.038,0.045,42550,0.04,0.175,0.215
NISSAN,QASHQAI,QASHQAI,ESS+ELEC_HNR,1332,1457,0.312,0.015,0.024,,42920,0.312,0.375,0.687
OPEL,MOKKA,MOKKA,ESSENCE,1199,1195,0.63,0.023,0.031,,26583,0.63,0.575,1.205
PEUGEOT,508,508,ESSENCE,1199,1400,0.341,0.02,0.038,,42075,0.341,0.5,0.841
PEUGEOT,208,208,ESSENCE,1199,1158,0.209,0.02,0.026,,29353,0.209,0.5,0.709
B.M.W.,SERIE_1,116,ESSENCE,1499,1320,0.179,0.019,0.011,,33960,0.179,0.475,0.6539999999999999
MINI,MINI,CABRIO,ESSENCE,1998,1305,0.252,0.016,0.013,,37567,0.252,0.4,0.652
SKODA,KODIAQ,KODIAQ,GAZOLE,1968,1679,0.026,0.009000000000000001,0.03,0.039,33820,0.026,0.22500000000000003,0.25100000000000006
MERCEDES,CLASSE_C,C_220,GAZOLE,1950,1630,0.043,0.007000000000000003,0.022,0.029,61100,0.043,0.17500000000000007,0.21800000000000008
RENAULT,KANGOO,KANGOO,GAZOLE,1461,1577,0.164,0.045,0.035,0.078,28050,0.164,1.125,1.289
RENAULT,CAPTUR,CAPTUR,ESS+ELEC_HNR,1332,1321,0.45,0.013,0.027,,30200,0.45,0.325,0.775
VOLKSWAGEN,CADDY,CADDY,ESSENCE,1498,1497,0.212,0.028,0.029,,36003,0.212,0.7000000000000001,0.912
MINI,MINI,MINI,ESSENCE,1998,1275,0.227,0.016,0.01,,40700,0.227,0.4,0.627
PEUGEOT,308,308,ESSENCE,1199,1310,0.334,0.026,0.022,,30653,0.334,0.65,0.984
VOLKSWAGEN,PASSAT,PASSAT,GAZOLE,1968,1480,0.029,0.023,0.042,0.065,43500,0.029,0.575,0.604
B.M.W.,SERIE_1,128,ESSENCE,1998,1445,0.102,0.009,0.016,,47600,0.102,0.22499999999999998,0.32699999999999996
FORD,TOURNEO_CONNECT,TOURNEO_CONNECT,GAZOLE,1968,1634,0.023,0.020999999999999998,0.038,0.059,34427,0.023,0.5249999999999999,0.5479999999999999
MINI,MINI,MINI,ESSENCE,1499,1180,0.084,0.012,0.006,,27150,0.084,0.3,0.384
PEUGEOT,EXPERT_TRAVELLER,TRAVELLER,GAZOLE,1499,1625,0.072,0.0049999999999999975,0.05,0.055,32350,0.072,0.12499999999999994,0.19699999999999995
B.M.W.,SERIE_X,X2,GAZOLE,1995,1605,0.071,0.036000000000000004,0.02,0.056,50717,0.071,0.9000000000000001,0.9710000000000001
DS,DS_7_CROSSBACK,7_CROSSBACK,ELEC+ESSENC_HR,1598,1760,0.254,0.013,0.003,,57560,0.254,0.325,0.579
VOLKSWAGEN,CADDY,CADDY,GAZOLE,1968,1646,0.023,0.020999999999999998,0.038,0.059,41043,0.023,0.5249999999999999,0.5479999999999999
VOLKSWAGEN,GOLF,GOLF,GAZOLE,1968,1384,0.025,0.008,0.034,0.042,35558,0.025,0.2,0.225
KIA,PICANTO,PICANTO,ESSENCE,998,959,0.116,0.019,0.026,,18773,0.116,0.475,0.591
B.M.W.,SERIE_1,118,ESSENCE,1499,1290,0.291,0.024,0.018,,32798,0.291,0.6,0.891
VOLKSWAGEN,POLO,POLO,ESSENCE,999,1093,0.226,0.032,0.041,,23613,0.226,0.8,1.026
VOLKSWAGEN,TIGUAN,TIGUAN,ESSENCE,1498,1429,0.233,0.033,0.025,,39135,0.233,0.8250000000000001,1.058
MERCEDES,CLASSE_GLE,GLE_350,ELEC+GAZOLE_HR,1950,2580,0.031,0.0049999999999999975,0.038,0.043,95650,0.031,0.12499999999999994,0.15599999999999994
B.M.W.,SERIE_5,530,ELEC+ESSENC_HR,1998,1960,0.311,0.01,0.011,,70838,0.311,0.25,0.5609999999999999
TOYOTA,AYGO_X,AYGO_X,ESSENCE,998,965,0.337,0.03,0.01,,21723,0.337,0.75,1.087
DACIA,DUSTER,DUSTER,GAZOLE,1461,1354,0.157,0.053000000000000005,0.029,0.082,21013,0.157,1.3250000000000002,1.4820000000000002
B.M.W.,SERIE_X,X2,ESSENCE,1998,1470,0.159,0.021,0.013,,46817,0.159,0.525,0.684
B.M.W.,SERIE_X,X2,GAZOLE,1995,1605,0.071,0.036000000000000004,0.02,0.056,50717,0.071,0.9000000000000001,0.9710000000000001
B.M.W.,SERIE_1,120,GAZOLE,1995,1515,0.071,0.037000000000000005,0.021,0.058,46988,0.071,0.9250000000000002,0.9960000000000001
DACIA,DUSTER,DUSTER,GAZOLE,1461,1354,0.157,0.053000000000000005,0.029,0.082,21013,0.157,1.3250000000000002,1.4820000000000002
KIA,PROCEED,PROCEED,ESSENCE,1482,1323,0.354,0.027,0.025,,32033,0.354,0.675,1.029
SEAT,LEON,LEON,GAZOLE,1968,1341,0.023,0.011,0.047,0.056,29458,0.023,0.27499999999999997,0.298
DACIA,SANDERO,SANDERO,ESS+G.P.L.,999,1106,0.431,0.038,0.024,,13650,0.431,0.95,1.381
DACIA,SANDERO,SANDERO,ESS+G.P.L.,999,1106,0.434,0.023,0.032,,13650,0.434,0.575,1.009
B.M.W.,SERIE_3,340,ELEC+GAZOLE_HR,2993,1800,0.102,0.013999999999999999,0.041,0.055,71450,0.102,0.35,0.45199999999999996
RENAULT,MEGANE_E_TECH_PLUG_IN_HYBRID,MEGANE,ELEC+ESSENC_HR,1598,1603,0.397,0.019,0.003,,40725,0.397,0.475,0.872
FORD,PUMA,PUMA,SUPERETHANOL,999,1205,0.424,0.04,0.017,,29170,0.424,1.0,1.424
B.M.W.,SERIE_4,440,ESS+ELEC_HNR,2998,1825,0.099,0.016,0.01,,71000,0.099,0.4,0.499
B.M.W.,SERIE_5,540,ELEC+GAZOLE_HR,2993,1850,0.1,0.026999999999999996,0.033,0.06,74988,0.1,0.6749999999999999,0.7749999999999999
RENAULT,TRAFIC,TRAFIC,GAZOLE,1997,1988,0.017,0.006999999999999999,0.033,0.04,45500,0.017,0.175,0.192
LAND_ROVER,RANGE_ROVER_VELAR,RANGE_ROVER_VELAR,ELEC+GAZOLE_HR,2997,2089,0.224,0.021,0.024,0.037,77998,0.224,0.525,0.749
VOLVO,V60,V60,ESS+ELEC_HNR,1969,1659,0.201,0.014,0.012,,53783,0.201,0.35000000000000003,0.551
VOLKSWAGEN,CADDY,CADDY,GAZOLE,1968,1535,0.023,0.020999999999999998,0.041,0.062,32660,0.023,0.5249999999999999,0.5479999999999999
B.M.W.,SERIE_X,X6,ELEC+GAZOLE_HR,2993,2215,0.11,0.015,0.025,0.04,88750,0.11,0.375,0.485
RENAULT,CLIO,CLIO,ESSENCE,999,1088,0.216,0.03,0.025,,21183,0.216,0.75,0.966
VOLKSWAGEN,TIGUAN,TIGUAN,GAZOLE,1968,1551,0.026,0.009000000000000001,0.03,0.039,48739,0.026,0.22500000000000003,0.25100000000000006
B.M.W.,SERIE_X,X6,ELEC+GAZOLE_HR,2993,2215,0.096,0.012999999999999998,0.025,0.038,89225,0.096,0.32499999999999996,0.42099999999999993
SKODA,OCTAVIA,OCTAVIA,ESS+ELEC_HNR,999,1266,0.103,0.019,0.035,,30457,0.103,0.475,0.578
B.M.W.,SERIE_X,X3,ELEC+GAZOLE_HR,1995,1810,0.159,0.038,0.023,0.061,55100,0.159,0.95,1.109
FORD,FIESTA,FIESTA,ESS+ELEC_HNR,999,1136,0.309,0.034,0.014,,24190,0.309,0.8500000000000001,1.159
B.M.W.,SERIE_2,218,ESSENCE,1499,1350,0.291,0.024,0.018,,38363,0.291,0.6,0.891
KIA,SPORTAGE,SPORTAGE,ESS+ELEC_HNR,1598,1486,0.193,0.023,0.027,,34078,0.193,0.575,0.768
VOLKSWAGEN,GOLF,GOLF,ESS+ELEC_HNR,1498,1290,0.135,0.021,0.019,,32478,0.135,0.525,0.66
B.M.W.,SERIE_5,530,ELEC+GAZOLE_HR,2993,1925,0.112,0.020999999999999998,0.052,0.073,72588,0.112,0.5249999999999999,0.6369999999999999
B.M.W.,SERIE_X,X2,GAZOLE,1496,1475,0.124,0.029,0.02,0.049,40617,0.124,0.7250000000000001,0.8490000000000001
MERCEDES,CLASSE_C,C_200,ELEC+GAZOLE_HR,1993,1705,0.064,0.007,0.007,0.014,55683,0.064,0.17500000000000002,0.23900000000000002
FIAT,500X,500X,GAZOLE,1598,1430,0.037,0.013999999999999999,0.077,0.091,33404,0.037,0.35,0.38699999999999996
DACIA,SANDERO,SANDERO,ESS+G.P.L.,999,1107,0.39,0.038,0.02,,12940,0.39,0.95,1.3399999999999999
DACIA,SANDERO,SANDERO,ESS+G.P.L.,999,1107,0.569,0.041,0.038,,12940,0.569,1.0250000000000001,1.594
RENAULT,MEGANE,MEGANE,GAZOLE,1461,1373,0.171,0.061,0.021,0.082,32775,0.171,1.525,1.696
RENAULT,CAPTUR,CAPTUR,ESS+ELEC_HNR,1332,1298,0.45,0.013,0.027,,30200,0.45,0.325,0.775
HYUNDAI,SANTA_FE,SANTA_FE,ESS+ELEC_HNR,1598,1780,0.125,0.013,0.01,,49683,0.125,0.325,0.45
HYUNDAI,TUCSON,TUCSON,ESS+ELEC_HNR,1598,1463,0.193,0.023,0.027,,32400,0.193,0.575,0.768
VOLKSWAGEN,T_ROC,T_ROC,ESSENCE,1498,1270,0.115,0.013,0.018,,34790,0.115,0.325,0.44
FIAT,TIPO,TIPO,ESSENCE,999,1240,0.749,0.034,0.019,,21690,0.749,0.8500000000000001,1.5990000000000002
MINI,MINI,COUNTRYMAN,ESSENCE,1998,1605,0.314,0.012,0.012,,51800,0.314,0.3,0.614
FORD,FIESTA,FIESTA,SUPERETHANOL,999,1114,0.393,0.036,0.01,,23090,0.393,0.8999999999999999,1.293
B.M.W.,SERIE_2,220,ESS+ELEC_HNR,1499,1520,0.181,0.009,0.015,,38638,0.181,0.22499999999999998,0.40599999999999997
VOLKSWAGEN,CADDY,CADDY,ESSENCE,1498,1581,0.212,0.028,0.029,,37713,0.212,0.7000000000000001,0.912
VOLVO,XC60,XC60,ELEC+ESSENC_HR,1969,2094,0.645,0.006,0.006,,72940,0.645,0.15,0.795
MERCEDES,CLASSE_V,V_250,GAZOLE,1950,2067,0.116,0.015,0.022,0.037,78399,0.116,0.375,0.491
B.M.W.,SERIE_4,430,ELEC+GAZOLE_HR,2993,1780,0.123,0.013999999999999999,0.041,0.055,62850,0.123,0.35,0.473
MERCEDES,CLASSE_GLE,GLE_350,ELEC+ESSENC_HR,1991,2550,0.207,0.021,0.015,,106050,0.207,0.525,0.732
FORD,FIESTA,FIESTA,SUPERETHANOL,999,1114,0.393,0.036,0.01,,21340,0.393,0.8999999999999999,1.293
B.M.W.,SERIE_4,420,ELEC+GAZOLE_HR,1995,1705,0.112,0.027999999999999997,0.017,0.045,56383,0.112,0.7,0.8119999999999999
SKODA,KODIAQ,KODIAQ,ESSENCE,1498,1637,0.243,0.025,0.02,,33820,0.243,0.625,0.868
FERRARI,296_GTB,296,ELEC+ESSENC_HR,2992,1660,0.414,0.032,0.012,,271115,0.414,0.8,1.214
FIAT,TIPO,TIPO,ESSENCE,999,1260,0.749,0.034,0.019,,23540,0.749,0.8500000000000001,1.5990000000000002
JEEP,COMPASS,COMPASS,ESS+ELEC_HNR,1469,1500,0.28,0.041,0.013,,40533,0.28,1.0250000000000001,1.3050000000000002
NISSAN,QASHQAI,QASHQAI,ESS+ELEC_HNR,1332,1457,0.312,0.015,0.024,,42920,0.312,0.375,0.687
B.M.W.,SERIE_X,X6,ELEC+GAZOLE_HR,2993,2215,0.096,0.012999999999999998,0.025,0.038,89225,0.096,0.32499999999999996,0.42099999999999993
HYUNDAI,I_20,I_20,ESS+ELEC_HNR,998,1115,0.15,0.027,0.025,,23800,0.15,0.675,0.8250000000000001
CITROEN,BERLINGO,BERLINGO,GAZOLE,1499,1540,0.053,0.003999999999999997,0.049,0.053,30250,0.053,0.09999999999999992,0.1529999999999999
MERCEDES,CLASSE_V,V_250,GAZOLE,1950,2092,0.116,0.015,0.022,0.037,74793,0.116,0.375,0.491
FORD,FIESTA,FIESTA,SUPERETHANOL,999,1114,0.393,0.037,0.011,,23090,0.393,0.9249999999999999,1.318
MERCEDES,CLASSE_GLE,GLE_350,ELEC+GAZOLE_HR,1950,2580,0.031,0.0049999999999999975,0.038,0.043,88400,0.031,0.12499999999999994,0.15599999999999994
DACIA,DUSTER,DUSTER,ESSENCE,1332,1246,0.252,0.015,0.013,,20975,0.252,0.375,0.627
RENAULT,SCENIC,SCENIC,ESSENCE,1332,1427,0.312,0.011,0.014,,33900,0.312,0.27499999999999997,0.587
VOLVO,XC40,XC40,ELEC+ESSENC_HR,1477,1737,0.11,0.006,0.008,,54900,0.11,0.15,0.26
DACIA,DUSTER,DUSTER,ESS+G.P.L.,999,1297,0.632,0.053,0.015,,18685,0.632,1.325,1.9569999999999999
DACIA,DUSTER,DUSTER,ESS+G.P.L.,999,1297,0.388,0.018,0.026,,18685,0.388,0.44999999999999996,0.838
NISSAN,QASHQAI,QASHQAI,ESS+ELEC_HNR,1332,1329,0.314,0.012,0.017,,34540,0.314,0.3,0.614
FIAT,500,500,ESSENCE,1368,1090,0.493,0.026,0.018,,30583,0.493,0.65,1.143
AUDI,Q3_SPORTBACK,Q3,ESSENCE,1498,1450,0.127,0.015,0.021,,44365,0.127,0.375,0.502
SKODA,KODIAQ,KODIAQ,ESSENCE,1498,1554,0.243,0.025,0.02,,33820,0.243,0.625,0.868
NISSAN,QASHQAI,QASHQAI,ESS+ELEC_HNR,1497,1610,0.187,0.013,0.004,,41320,0.187,0.325,0.512
FORD,FIESTA,FIESTA,ESS+ELEC_HNR,999,1136,0.309,0.034,0.014,,24190,0.309,0.8500000000000001,1.159
MINI,MINI,MINI,ESSENCE,1998,1280,0.188,0.016,0.009,,37750,0.188,0.4,0.5880000000000001
MERCEDES,CLASSE_V,V_300,GAZOLE,1950,2067,0.116,0.015,0.022,0.037,81025,0.116,0.375,0.491
B.M.W.,SERIE_1,118,ESSENCE,1499,1290,0.291,0.024,0.018,,34600,0.291,0.6,0.891
SKODA,KODIAQ,KODIAQ,ESSENCE,1498,1564,0.243,0.025,0.02,,33820,0.243,0.625,0.868
B.M.W.,SERIE_2,220,ESSENCE,1998,1490,0.226,0.024,0.013,,45650,0.226,0.6,0.826
TOYOTA,YARIS,YARIS,ESS+ELEC_HNR,1490,1085,0.149,0.025,0.01,,25263,0.149,0.625,0.774
ALFA_ROMEO,STELVIO,STELVIO,GAZOLE,2143,1745,0.04,0.0040000000000000036,0.044,0.048,56350,0.04,0.10000000000000009,0.1400000000000001
B.M.W.,SERIE_X,X2,ESSENCE,1499,1410,0.267,0.025,0.014,,40217,0.267,0.625,0.892
KIA,NIRO,NIRO,ESS+ELEC_HNR,1580,1415,0.16,0.023,0.003,,34850,0.16,0.575,0.735
B.M.W.,SERIE_1,118,ESSENCE,1499,1320,0.273,0.023,0.015,,37510,0.273,0.575,0.848
MINI,MINI,MINI,ESSENCE,1499,1235,0.084,0.012,0.006,,28050,0.084,0.3,0.384
OPEL,MOKKA,MOKKA,GAZOLE,1499,1220,0.058,0.005999999999999998,0.046,0.052,29417,0.058,0.14999999999999997,0.20799999999999996
B.M.W.,SERIE_X,X4,ELEC+GAZOLE_HR,1995,1840,0.165,0.044000000000000004,0.025,0.069,62150,0.165,1.1,1.2650000000000001
SKODA,SUPERB,SUPERB,GAZOLE,1968,1581,0.027,0.010999999999999996,0.032,0.043,53590,0.027,0.2749999999999999,0.30199999999999994
DACIA,DUSTER,DUSTER,ESS+G.P.L.,999,1262,0.632,0.053,0.015,,18685,0.632,1.325,1.9569999999999999
DACIA,DUSTER,DUSTER,ESS+G.P.L.,999,1262,0.388,0.018,0.026,,18685,0.388,0.44999999999999996,0.838
MINI,MINI,MINI,ESSENCE,1499,1230,0.2,0.019,0.01,,33325,0.2,0.475,0.675
LAND_ROVER,RANGE_ROVER_EVOQUE,RANGE_ROVER_EVOQUE,ELEC+ESSENC_HR,1498,2117,0.302,0.02,0.012,,62135,0.302,0.5,0.802
MITSUBISHI,SPACE_STAR,SPACE_STAR,ESSENCE,1193,910,0.194,0.018,0.012,,16090,0.194,0.44999999999999996,0.6439999999999999
DACIA,LODGY,LODGY,GAZOLE,1461,1321,0.145,0.04700000000000001,0.023,0.07,17450,0.145,1.1750000000000003,1.3200000000000003
B.M.W.,SERIE_5,518,ELEC+GAZOLE_HR,1995,1755,0.095,0.029,0.021,0.05,57613,0.095,0.7250000000000001,0.8200000000000001
VOLKSWAGEN,T_ROC,T_ROC,GAZOLE,1968,1485,0.022,0.007999999999999997,0.029,0.037,44513,0.022,0.19999999999999993,0.22199999999999992
PORSCHE,PANAMERA_4_E_HYBRID,PANAMERA,ELEC+ESSENC_HR,2894,2225,0.314,0.021,0.005,,128315,0.314,0.525,0.839
RENAULT,KANGOO,KANGOO,GAZOLE,1461,1577,0.164,0.045,0.035,0.078,28050,0.164,1.125,1.289
B.M.W.,SERIE_X,X5,ELEC+GAZOLE_HR,2993,2190,0.141,0.018000000000000002,0.045,0.063,79217,0.141,0.45000000000000007,0.5910000000000001
B.M.W.,SERIE_X,X5,ELEC+GAZOLE_HR,2993,2190,0.141,0.018000000000000002,0.045,0.063,79017,0.141,0.45000000000000007,0.5910000000000001
PEUGEOT,208,208,ESSENCE,1199,1158,0.209,0.02,0.026,,29353,0.209,0.5,0.709
MERCEDES,CLASSE_V,V_250,GAZOLE,1950,2170,0.211,0.018,0.027,0.045,74793,0.211,0.44999999999999996,0.6609999999999999
B.M.W.,SERIE_X,X2,ESSENCE,1499,1430,0.312,0.031,0.016,,42517,0.312,0.775,1.087
VOLKSWAGEN,CADDY,CADDY,GAZOLE,1968,1535,0.021,0.020999999999999998,0.039,0.06,28510,0.021,0.5249999999999999,0.5459999999999999
VOLKSWAGEN,T_ROC,T_ROC,GAZOLE,1968,1380,0.036,0.009999999999999998,0.027,0.037,40975,0.036,0.24999999999999997,0.286
B.M.W.,SERIE_1,116,GAZOLE,1496,1375,0.059,0.017000000000000005,0.018,0.035,36260,0.059,0.4250000000000001,0.4840000000000001
B.M.W.,SERIE_4,420,ESSENCE,1998,1525,0.355,0.027,0.014,,53100,0.355,0.675,1.03
MINI,MINI,COUNTRYMAN,ESSENCE,1499,1390,0.136,0.016,0.008,,32880,0.136,0.4,0.536
DS,DS_3_CROSSBACK,3_CROSSBACK,ESSENCE,1199,1205,0.332,0.022,0.022,,35234,0.332,0.5499999999999999,0.8819999999999999
RENAULT,KANGOO,KANGOO,GAZOLE,1461,1586,0.164,0.045,0.035,0.078,28050,0.164,1.125,1.289
PEUGEOT,RIFTER,RIFTER,ESSENCE,1199,1505,0.588,0.024,0.035,,28850,0.588,0.6,1.188
HYUNDAI,TUCSON,TUCSON,ELEC+GAZOLE_HR,1598,1590,0.151,0.048,0.046,0.094,42200,0.151,1.2,1.351
B.M.W.,SERIE_2,240,ESSENCE,2998,1690,0.143,0.022,0.009,,61550,0.143,0.5499999999999999,0.693
B.M.W.,SERIE_1,116,GAZOLE,1496,1385,0.037,0.02,0.019,0.039,38560,0.037,0.5,0.537
B.M.W.,SERIE_X,X2,ESSENCE,1499,1410,0.267,0.025,0.014,,40217,0.267,0.625,0.892
JEEP,COMPASS,COMPASS,ESSENCE,1332,1430,0.319,0.027,0.01,,35475,0.319,0.675,0.994
B.M.W.,SERIE_X,X2,ESSENCE,1499,1430,0.312,0.031,0.016,,42317,0.312,0.775,1.087
FORD,FOCUS,FOCUS,ESS+ELEC_HNR,999,1312,0.337,0.043,0.018,,35350,0.337,1.075,1.412
OPEL,GRANDLAND,GRANDLAND,ESSENCE,1199,1386,0.435,0.024,0.03,,39700,0.435,0.6,1.035
NISSAN,QASHQAI,QASHQAI,ESS+ELEC_HNR,1332,1329,0.314,0.012,0.017,,34540,0.314,0.3,0.614
B.M.W.,SERIE_2,218,ESSENCE,1499,1350,0.291,0.024,0.018,,36950,0.291,0.6,0.891
B.M.W.,SERIE_1,118,ESSENCE,1499,1320,0.273,0.023,0.015,,37510,0.273,0.575,0.848
CITROEN,C4,C4,ESSENCE,1199,1278,0.317,0.022,0.037,,31380,0.317,0.5499999999999999,0.867
RENAULT,AUSTRAL,AUSTRAL,ESS+ELEC_HNR,1332,1464,0.278,0.024,0.019,,38800,0.278,0.6,0.878
VOLKSWAGEN,CADDY,CADDY,GAZOLE,1968,1568,0.023,0.020999999999999998,0.038,0.059,37343,0.023,0.5249999999999999,0.5479999999999999
PORSCHE,CAYENNE_E_HYBRID,CAYENNE,ELEC+ESSENC_HR,2995,2295,0.389,0.021,0.021,,103699,0.389,0.525,0.914
RENAULT,ARKANA,ARKANA,ESS+ELEC_HNR,1332,1336,0.307,0.011,0.021,,33288,0.307,0.27499999999999997,0.582
DACIA,JOGGER,JOGGER,ESS+G.P.L.,999,1223,0.438,0.049,0.021,,19148,0.438,1.225,1.663
DACIA,JOGGER,JOGGER,ESS+G.P.L.,999,1223,0.417,0.027,0.025,,19148,0.417,0.675,1.092
OPEL,MOKKA,MOKKA,ESSENCE,1199,1220,0.333,0.022,0.026,,31388,0.333,0.5499999999999999,0.883
LAND_ROVER,RANGE_ROVER,RANGE_ROVER,ELEC+GAZOLE_HR,2997,2591,0.136,0.022000000000000002,0.027,0.049,159300,0.136,0.55,0.686
B.M.W.,SERIE_X,X2,ESSENCE,1499,1430,0.312,0.031,0.016,,42517,0.312,0.775,1.087
PORSCHE,PANAMERA_4_E_HYBRID,PANAMERA,ELEC+ESSENC_HR,2894,2210,0.22,0.015,0.005,,125222,0.22,0.375,0.595
TOYOTA,C_HR,C_HR,ESS+ELEC_HNR,1987,1485,0.191,0.02,0.005,,36894,0.191,0.5,0.6910000000000001
SKODA,KAROQ,KAROQ,ESSENCE,999,1284,0.216,0.022,0.027,,30490,0.216,0.5499999999999999,0.7659999999999999
B.M.W.,SERIE_5,530,ELEC+ESSENC_HR,1998,1900,0.352,0.012,0.011,,68188,0.352,0.3,0.6519999999999999
VOLKSWAGEN,ARTEON,ARTEON,ESSENCE,1984,1708,0.314,0.029,0.023,,66480,0.314,0.7250000000000001,1.0390000000000001
MINI,MINI,CLUBMAN,ESSENCE,1998,1500,0.156,0.017,0.012,,42029,0.156,0.42500000000000004,0.5810000000000001
B.M.W.,SERIE_X,X5,ELEC+GAZOLE_HR,2993,2190,0.141,0.018000000000000002,0.045,0.063,79017,0.141,0.45000000000000007,0.5910000000000001
B.M.W.,SERIE_4,430,ELEC+GAZOLE_HR,2993,1780,0.123,0.013999999999999999,0.041,0.055,62850,0.123,0.35,0.473
MERCEDES,CLASSE_C,C_200,ELEC+GAZOLE_HR,1993,1650,0.064,0.007,0.007,0.014,50934,0.064,0.17500000000000002,0.23900000000000002
B.M.W.,SERIE_1,116,GAZOLE,1496,1375,0.059,0.017000000000000005,0.018,0.035,36260,0.059,0.4250000000000001,0.4840000000000001
FIAT,TIPO,TIPO,GAZOLE,1598,1395,0.071,0.026999999999999996,0.05,0.077,28490,0.071,0.6749999999999999,0.7459999999999999
B.M.W.,SERIE_X,X5,ELEC+GAZOLE_HR,2993,2190,0.141,0.018000000000000002,0.045,0.063,79017,0.141,0.45000000000000007,0.5910000000000001
B.M.W.,SERIE_X,X4,ELEC+GAZOLE_HR,2993,1935,0.131,0.017,0.043,0.06,68850,0.131,0.42500000000000004,0.556
DS,DS_7_CROSSBACK,7_CROSSBACK,ELEC+ESSENC_HR,1598,1760,0.46,0.015,0.016,,57560,0.46,0.375,0.835
VOLKSWAGEN,GOLF,GOLF,GAZOLE,1968,1391,0.028,0.011000000000000003,0.031,0.042,45610,0.028,0.2750000000000001,0.3030000000000001
B.M.W.,SERIE_2,220,GAZOLE,1995,1505,0.19,0.053000000000000005,0.016,0.069,47413,0.19,1.3250000000000002,1.5150000000000001
FIAT,PANDA,PANDA,ESS+ELEC_HNR,999,1002,0.3,0.028,0.022,,12665,0.3,0.7000000000000001,1.0
ALFA_ROMEO,GIULIA,GIULIA,GAZOLE,2143,1465,0.048,0.0029999999999999957,0.041,0.044,50883,0.048,0.0749999999999999,0.1229999999999999
FORD,TOURNEO,TOURNEO_CONNECT,GAZOLE,1499,1690,0.045,0.005,0.03,0.034,27695,0.045,0.125,0.16999999999999998
MINI,MINI,COUNTRYMAN,ESSENCE,1998,1480,0.135,0.018,0.014,,42588,0.135,0.44999999999999996,0.585
MINI,MINI,CLUBMAN,ESSENCE,1998,1415,0.187,0.02,0.009,,41400,0.187,0.5,0.687
FORD,TRANSIT_CUSTOM,TRANSIT_CUSTOM,ELEC+GAZOLE_HR,1995,2039,0.096,0.009,0.047,0.057,46811,0.096,0.22499999999999998,0.32099999999999995
SKODA,FABIA,FABIA,ESSENCE,1498,1149,0.172,0.021,0.019,,26420,0.172,0.525,0.6970000000000001
PEUGEOT,5008,5008,ESSENCE,1598,1521,0.711,0.023,0.035,,46850,0.711,0.575,1.286
B.M.W.,SERIE_2,218,GAZOLE,1995,1545,0.043,0.005999999999999998,0.025,0.031,38888,0.043,0.14999999999999997,0.19299999999999995
B.M.W.,SERIE_X,X4,ESS+ELEC_HNR,1998,1815,0.183,0.013,0.014,,63850,0.183,0.325,0.508
B.M.W.,SERIE_X,X3,ELEC+ESSENC_HR,1998,1990,0.642,0.017,0.012,,64950,0.642,0.42500000000000004,1.0670000000000002
PEUGEOT,508,508,ESSENCE,1199,1420,0.341,0.02,0.038,,43375,0.341,0.5,0.841
OPEL,COMBO_LIFE,COMBO,GAZOLE,1499,1430,0.052,0.0030000000000000027,0.051,0.054,25850,0.052,0.07500000000000007,0.12700000000000006
KIA,STONIC,STONIC,ESSENCE,998,1120,0.321,0.022,0.018,,23390,0.321,0.5499999999999999,0.871
B.M.W.,SERIE_1,118,GAZOLE,1995,1430,0.171,0.049,0.013,0.062,40410,0.171,1.225,1.3960000000000001
FORD,TOURNEO_CUSTOM,TOURNEO_CUSTOM,ELEC+GAZOLE_HR,1995,2282,0.096,0.009,0.047,0.057,51095,0.096,0.22499999999999998,0.32099999999999995
FIAT,PANDA,PANDA,ESS+ELEC_HNR,999,970,0.281,0.031,0.048,,12910,0.281,0.775,1.056
DACIA,SANDERO,SANDERO,ESSENCE,999,1099,0.184,0.024,0.031,,16000,0.184,0.6,0.784
TOYOTA,YARIS_CROSS,YARIS_CROSS,ESS+ELEC_HNR,1490,1175,0.157,0.016,0.007,,29600,0.157,0.4,0.557
OPEL,CORSA,CORSA,ESSENCE,1199,1158,0.209,0.02,0.026,,27300,0.209,0.5,0.709
FORD,FIESTA,FIESTA,SUPERETHANOL,999,1114,0.393,0.036,0.01,,21340,0.393,0.8999999999999999,1.293
SEAT,LEON,LEON,ESS+ELEC_HNR,1498,1311,0.135,0.021,0.019,,34750,0.135,0.525,0.66
RENAULT,CAPTUR,CAPTUR,ESS+ELEC_HNR,1598,1363,0.31,0.019,0.004,,31408,0.31,0.475,0.7849999999999999
MERCEDES,CLASSE_V,V_220,GAZOLE,1950,2067,0.019,0.006999999999999999,0.019,0.026,75234,0.019,0.175,0.19399999999999998
MINI,MINI,MINI,ESSENCE,1998,1225,0.188,0.016,0.009,,36800,0.188,0.4,0.5880000000000001
B.M.W.,SERIE_5,520,ESS+ELEC_HNR,1998,1610,0.089,0.013,0.019,,57463,0.089,0.325,0.41400000000000003
MERCEDES,CLASSE_C,C_200,ELEC+GAZOLE_HR,1993,1650,0.064,0.007,0.007,0.014,50934,0.064,0.17500000000000002,0.23900000000000002
KIA,PICANTO,PICANTO,ESSENCE,1197,908,0.286,0.028,0.014,,17173,0.286,0.7000000000000001,0.986
RENAULT,TRAFIC,TRAFIC,GAZOLE,1997,2262,0.017,0.006999999999999999,0.033,0.04,44750,0.017,0.175,0.192
VOLKSWAGEN,CADDY,CADDY,GAZOLE,1968,1646,0.023,0.020999999999999998,0.038,0.059,41043,0.023,0.5249999999999999,0.5479999999999999
B.M.W.,SERIE_2,218,GAZOLE,1995,1470,0.178,0.053000000000000005,0.013,0.066,43563,0.178,1.3250000000000002,1.5030000000000001
SEAT,LEON,LEON,GAZOLE,1968,1341,0.023,0.011,0.047,0.056,29458,0.023,0.27499999999999997,0.298
MERCEDES,CLASSE_A,A_250,ELEC+ESSENC_HR,1332,1600,0.078,0.016,0.013,,47875,0.078,0.4,0.47800000000000004
OPEL,COMBO_LIFE,COMBO,ESSENCE,1199,1366,0.444,0.022,0.052,,22700,0.444,0.5499999999999999,0.994
B.M.W.,SERIE_X,X3,ELEC+GAZOLE_HR,2993,2005,0.122,0.013999999999999999,0.038,0.052,78000,0.122,0.35,0.472
RENAULT,TRAFIC,TRAFIC,GAZOLE,1997,1963,0.04,0.006999999999999999,0.038,0.045,42550,0.04,0.175,0.215
B.M.W.,SERIE_5,530,ELEC+GAZOLE_HR,2993,1925,0.112,0.020999999999999998,0.052,0.073,72588,0.112,0.5249999999999999,0.6369999999999999
ALFA_ROMEO,GIULIA,GIULIA,GAZOLE,2143,1465,0.048,0.0029999999999999957,0.041,0.044,50883,0.048,0.0749999999999999,0.1229999999999999
B.M.W.,SERIE_2,218,GAZOLE,1995,1425,0.185,0.052,0.025,0.077,41263,0.185,1.3,1.485
FORD,TRANSIT_CUSTOM,TRANSIT_CUSTOM,GAZOLE,1995,2015,0.117,0.014,0.049,0.065,45097,0.117,0.35000000000000003,0.467
MERCEDES,CLASSE_GLE,GLE_300,ELEC+GAZOLE_HR,1993,2205,0.049,0.007999999999999998,0.01,0.018,86350,0.049,0.19999999999999996,0.24899999999999994
MERCEDES,CLASSE_A,A_180,ESSENCE,1332,1290,0.101,0.027,0.031,,37475,0.101,0.675,0.776
B.M.W.,SERIE_X,X3,ELEC+GAZOLE_HR,2993,2005,0.122,0.013999999999999999,0.038,0.052,78000,0.122,0.35,0.472
MERCEDES,CLASSE_GLC,GLC_300,GAZOLE,1950,1800,0.104,0.011000000000000003,0.031,0.042,72750,0.104,0.2750000000000001,0.37900000000000006
B.M.W.,SERIE_4,420,ESSENCE,1998,1525,0.355,0.027,0.014,,53100,0.355,0.675,1.03
CITROEN,BERLINGO,BERLINGO,ESSENCE,1199,1525,0.588,0.024,0.035,,28175,0.588,0.6,1.188
FORD,ECOSPORT,ECOSPORT,ESSENCE,998,1284,0.271,0.02,0.016,,25900,0.271,0.5,0.771
B.M.W.,X4_M,X4,ESSENCE,2993,2010,0.152,0.009,0.013,,111350,0.152,0.22499999999999998,0.377
B.M.W.,SERIE_X,X5,ELEC+GAZOLE_HR,2993,2190,0.145,0.018000000000000002,0.045,0.063,79017,0.145,0.45000000000000007,0.5950000000000001
OPEL,MOKKA,MOKKA,ESSENCE,1199,1220,0.332,0.022,0.022,,31388,0.332,0.5499999999999999,0.8819999999999999
VOLKSWAGEN,TIGUAN,TIGUAN,GAZOLE,1968,1556,0.026,0.009000000000000001,0.03,0.039,48739,0.026,0.22500000000000003,0.25100000000000006
KIA,STONIC,STONIC,ESS+ELEC_HNR,998,1150,0.079,0.016,0.025,,25270,0.079,0.4,0.47900000000000004
CUPRA,FORMENTOR,FORMENTOR,ESSENCE,1498,1383,0.381,0.031,0.014,,38453,0.381,0.775,1.1560000000000001
FORD,KUGA,KUGA,ESS+ELEC_HNR,2488,1626,0.205,0.011,0.01,,43590,0.205,0.27499999999999997,0.48
B.M.W.,SERIE_4,430,ELEC+GAZOLE_HR,2993,1780,0.123,0.013999999999999999,0.041,0.055,62850,0.123,0.35,0.473
VOLKSWAGEN,CADDY,CADDY,GAZOLE,1968,1580,0.023,0.020999999999999998,0.038,0.059,37343,0.023,0.5249999999999999,0.5479999999999999
RENAULT,CAPTUR,CAPTUR,ESS+ELEC_HNR,1598,1363,0.31,0.019,0.004,,31408,0.31,0.475,0.7849999999999999
VOLKSWAGEN,GOLF,GOLF,ESSENCE,1984,1383,0.182,0.021,0.02,,45880,0.182,0.525,0.7070000000000001
RENAULT,CAPTUR,CAPTUR,ESS+ELEC_HNR,1332,1321,0.45,0.013,0.027,,30200,0.45,0.325,0.775
HONDA,JAZZ,JAZZ,ESS+ELEC_HNR,1498,1225,0.052,0.007,0.006,,25920,0.052,0.17500000000000002,0.227
VOLKSWAGEN,TIGUAN,TIGUAN,ESSENCE,1498,1461,0.234,0.024,0.024,,45809,0.234,0.6,0.834
B.M.W.,SERIE_1,118,ESSENCE,1499,1320,0.273,0.023,0.015,,37510,0.273,0.575,0.848
CUPRA,FORMENTOR,FORMENTOR,ESSENCE,1498,1347,0.272,0.026,0.017,,36553,0.272,0.65,0.922
ALFA_ROMEO,STELVIO,STELVIO,ESSENCE,1995,1660,0.942,0.055,0.04,,67260,0.942,1.375,2.317
NISSAN,QASHQAI,QASHQAI,ESS+ELEC_HNR,1332,1375,0.292,0.017,0.02,,39315,0.292,0.42500000000000004,0.7170000000000001
B.M.W.,SERIE_1,118,ESSENCE,1499,1290,0.291,0.024,0.018,,35210,0.291,0.6,0.891
PEUGEOT,308,308,ESSENCE,1199,1345,0.302,0.022,0.041,,34280,0.302,0.5499999999999999,0.8519999999999999
RENAULT,TRAFIC,TRAFIC,GAZOLE,1997,1981,0.04,0.006999999999999999,0.038,0.045,42550,0.04,0.175,0.215
CUPRA,FORMENTOR,FORMENTOR,ESSENCE,1498,1383,0.381,0.031,0.014,,38453,0.381,0.775,1.1560000000000001
VOLVO,XC40,XC40,ELEC+ESSENC_HR,1477,1737,0.11,0.006,0.008,,51525,0.11,0.15,0.26
LAND_ROVER,RANGE_ROVER_VELAR,RANGE_ROVER_VELAR,ELEC+GAZOLE_HR,2997,2089,0.224,0.021,0.024,0.037,77998,0.224,0.525,0.749
FORD,ECOSPORT,ECOSPORT,ESSENCE,998,1284,0.271,0.02,0.016,,25900,0.271,0.5,0.771
MERCEDES,CLASSE_V,V_250,GAZOLE,1950,2092,0.116,0.015,0.022,0.037,78399,0.116,0.375,0.491
KIA,SPORTAGE,SPORTAGE,ELEC+GAZOLE_HR,1598,1527,0.13,0.031,0.014,0.045,40423,0.13,0.775,0.905
MERCEDES,CLASSE_C,C_200,ELEC+GAZOLE_HR,1993,1650,0.064,0.007,0.007,0.014,50934,0.064,0.17500000000000002,0.23900000000000002
VOLKSWAGEN,TIGUAN,TIGUAN,GAZOLE,1968,1556,0.026,0.009000000000000001,0.03,0.039,46752,0.026,0.22500000000000003,0.25100000000000006
PORSCHE,CAYENNE_E_HYBRID,CAYENNE,ELEC+ESSENC_HR,2995,2360,0.389,0.021,0.021,,105929,0.389,0.525,0.914
CITROEN,C4_X,C4_X,GAZOLE,1499,1320,0.04,0.006000000000000005,0.062,0.068,24000,0.04,0.15000000000000013,0.19000000000000014
MERCEDES,CLASSE_GLE,GLE_300,ELEC+GAZOLE_HR,1993,2205,0.049,0.007999999999999998,0.01,0.018,86350,0.049,0.19999999999999996,0.24899999999999994
HONDA,JAZZ,JAZZ,ESS+ELEC_HNR,1498,1225,0.052,0.007,0.006,,25920,0.052,0.17500000000000002,0.227
ALFA_ROMEO,STELVIO,STELVIO,ESSENCE,1995,1660,0.752,0.058,0.037,,58950,0.752,1.4500000000000002,2.202
VOLVO,XC40,XC40,ELEC+ESSENC_HR,1477,1737,0.081,0.006,0.011,,54900,0.081,0.15,0.23099999999999998
KIA,SPORTAGE,SPORTAGE,ELEC+GAZOLE_HR,1598,1527,0.13,0.031,0.014,0.045,40423,0.13,0.775,0.905
MINI,MINI,MINI,ESSENCE,1998,1275,0.227,0.016,0.01,,40700,0.227,0.4,0.627
NISSAN,QASHQAI,QASHQAI,ESS+ELEC_HNR,1497,1610,0.187,0.013,0.004,,41320,0.187,0.325,0.512
JEEP,COMPASS,COMPASS,ELEC+ESSENC_HR,1332,1860,0.326,0.033,0.019,,50100,0.326,0.8250000000000001,1.151
FORD,FOCUS,FOCUS,ESS+ELEC_HNR,999,1274,0.253,0.04,0.014,,31400,0.253,1.0,1.2530000000000001
FIAT,TIPO,TIPO,GAZOLE,1598,1395,0.071,0.026999999999999996,0.05,0.077,28490,0.071,0.6749999999999999,0.7459999999999999
SKODA,KODIAQ,KODIAQ,GAZOLE,1968,1647,0.026,0.009000000000000001,0.03,0.039,33820,0.026,0.22500000000000003,0.25100000000000006
MINI,MINI,COUNTRYMAN,GAZOLE,1995,1600,0.07,0.036000000000000004,0.019,0.055,48633,0.07,0.9000000000000001,0.9700000000000002
SKODA,KODIAQ,KODIAQ,GAZOLE,1968,1754,0.023,0.007999999999999997,0.029,0.037,33820,0.023,0.19999999999999993,0.22299999999999992
DS,DS_3_CROSSBACK,3_CROSSBACK,ESSENCE,1199,1205,0.332,0.022,0.022,,35234,0.332,0.5499999999999999,0.8819999999999999
MERCEDES,CLASSE_V,V_250,GAZOLE,1950,2067,0.116,0.015,0.022,0.037,78399,0.116,0.375,0.491
PORSCHE,CAYENNE_E_HYBRID,CAYENNE,ELEC+ESSENC_HR,2995,2360,0.389,0.021,0.021,,105929,0.389,0.525,0.914
OPEL,CROSSLAND,CROSSLAND_X,ESSENCE,1199,1090,0.494,0.036,0.037,,22750,0.494,0.8999999999999999,1.394
B.M.W.,SERIE_2,218,ESSENCE,1499,1470,0.235,0.009,0.009,,36688,0.235,0.22499999999999998,0.45999999999999996
SKODA,SCALA,SCALA,ESSENCE,999,1167,0.169,0.025,0.035,,28710,0.169,0.625,0.794
MERCEDES,CLASSE_C,C_220,ELEC+GAZOLE_HR,1993,1715,0.063,0.007,0.007,0.014,59883,0.063,0.17500000000000002,0.23800000000000002
MINI,MINI,COUNTRYMAN,ESSENCE,1499,1430,0.253,0.02,0.017,,40000,0.253,0.5,0.753
RENAULT,CLIO,CLIO,ESSENCE,999,1082,0.216,0.03,0.025,,21183,0.216,0.75,0.966
FIAT,500,500,ESS+ELEC_HNR,999,1000,0.3,0.028,0.022,,18701,0.3,0.7000000000000001,1.0
B.M.W.,SERIE_3,330,ELEC+ESSENC_HR,1998,1880,0.331,0.013,0.012,,62783,0.331,0.325,0.656
B.M.W.,SERIE_X,X1,ESSENCE,1499,1500,0.085,0.008,0.006,,42463,0.085,0.2,0.28500000000000003
RENAULT,KANGOO,KANGOO,ESSENCE,1332,1475,0.291,0.012,0.011,,28900,0.291,0.3,0.591
PEUGEOT,2008,2008,GAZOLE,1499,1205,0.058,0.005999999999999998,0.046,0.052,28979,0.058,0.14999999999999997,0.20799999999999996
MERCEDES,CLASSE_B,B_180,ESSENCE,1332,1330,0.101,0.027,0.031,,38375,0.101,0.675,0.776
RENAULT,ARKANA,ARKANA,ESS+ELEC_HNR,1332,1336,0.54,0.014,0.022,,33288,0.54,0.35000000000000003,0.8900000000000001
MERCEDES,CLASSE_E,E_53_AMG,ESS+ELEC_HNR,2999,1895,0.193,0.024,0.02,,101500,0.193,0.6,0.7929999999999999
ALFA_ROMEO,GIULIA,GIULIA,ESSENCE,1995,1445,0.608,0.055,0.028,,49650,0.608,1.375,1.983
MERCEDES,CLASSE_C,C_300,ELEC+ESSENC_HR,1999,2005,0.174,0.008,0.013,,60183,0.174,0.2,0.374
MINI,MINI,MINI,ESSENCE,1998,1225,0.188,0.016,0.009,,36800,0.188,0.4,0.5880000000000001
PEUGEOT,3008,3008,ELEC+ESSENC_HR,1598,1763,0.46,0.015,0.016,,46338,0.46,0.375,0.835
VOLKSWAGEN,TIGUAN,TIGUAN,GAZOLE,1968,1679,0.026,0.009999999999999998,0.029,0.039,52000,0.026,0.24999999999999997,0.27599999999999997
B.M.W.,SERIE_4,420,ESSENCE,1998,1690,0.237,0.022,0.018,,60100,0.237,0.5499999999999999,0.7869999999999999
B.M.W.,SERIE_X,X2,GAZOLE,1995,1540,0.177,0.049,0.016,0.065,45667,0.177,1.225,1.4020000000000001
MINI,MINI,MINI,ESSENCE,1998,1205,0.252,0.016,0.013,,32871,0.252,0.4,0.652
FORD,EXPLORER,EXPLORER,ELEC+ESSENC_HR,2956,2466,0.58,0.038,0.006,,87400,0.58,0.95,1.5299999999999998
B.M.W.,SERIE_4,420,ESSENCE,1998,1525,0.355,0.027,0.014,,53100,0.355,0.675,1.03
MINI,MINI,COUNTRYMAN,GAZOLE,1995,1475,0.161,0.044,0.016,0.06,39238,0.161,1.0999999999999999,1.261
TOYOTA,COROLLA,COROLLA,ESS+ELEC_HNR,1987,1370,0.188,0.022,0.004,,34550,0.188,0.5499999999999999,0.738
OPEL,CROSSLAND,CROSSLAND_X,GAZOLE,1499,1275,0.055,0.002999999999999999,0.025,0.028,30538,0.055,0.07499999999999998,0.12999999999999998
VOLVO,XC40,XC40,ESSENCE,1477,1550,0.238,0.035,0.024,,38010,0.238,0.8750000000000001,1.113
MERCEDES,VITO_TOURER,VITO,GAZOLE,1950,2050,0.027,0.006999999999999999,0.017,0.024,46907,0.027,0.175,0.20199999999999999
MERCEDES,CLASSE_A,A_200,ESSENCE,1332,1315,0.12,0.024,0.025,,36500,0.12,0.6,0.72
B.M.W.,SERIE_4,440,ESS+ELEC_HNR,2998,1740,0.087,0.013,0.009,,70650,0.087,0.325,0.41200000000000003
JEEP,COMPASS,COMPASS,ESSENCE,1332,1430,0.114,0.016,0.009,,37560,0.114,0.4,0.514
PEUGEOT,RIFTER,RIFTER,ESSENCE,1199,1505,0.588,0.024,0.035,,28850,0.588,0.6,1.188
VOLKSWAGEN,KOMBI,KOMBI,GAZOLE,1968,1967,0.041,0.020999999999999998,0.041,0.062,74750,0.041,0.5249999999999999,0.566
B.M.W.,SERIE_4,440,ELEC+GAZOLE_HR,2993,1830,0.113,0.015,0.032,0.047,71750,0.113,0.375,0.488
OPEL,INSIGNIA_GRAND_SPORT,INSIGNIA,GAZOLE,1496,1524,0.051,0.016999999999999998,0.02,0.037,43113,0.051,0.42499999999999993,0.4759999999999999
MERCEDES,CLASSE_B,B_180,ESSENCE,1332,1330,0.101,0.027,0.031,,38375,0.101,0.675,0.776
MERCEDES,VITO_TOURER,VITO,GAZOLE,1950,1957,0.116,0.015,0.022,0.037,50343,0.116,0.375,0.491
HYUNDAI,I_30,I_30,ESS+ELEC_HNR,998,1309,0.214,0.027,0.049,,29020,0.214,0.675,0.889
B.M.W.,SERIE_2,220,ESSENCE,1998,1490,0.226,0.024,0.013,,45650,0.226,0.6,0.826
B.M.W.,SERIE_X,X2,GAZOLE,1995,1540,0.177,0.049,0.016,0.065,45667,0.177,1.225,1.4020000000000001
B.M.W.,SERIE_X,X2,GAZOLE,1995,1540,0.177,0.049,0.016,0.065,45667,0.177,1.225,1.4020000000000001
RENAULT,MEGANE,MEGANE,GAZOLE,1461,1372,0.028,0.006000000000000002,0.011,0.017,33775,0.028,0.15000000000000005,0.17800000000000005
B.M.W.,SERIE_X,X3,ELEC+GAZOLE_HR,1995,1810,0.159,0.038,0.023,0.061,55100,0.159,0.95,1.109
B.M.W.,SERIE_2,220,ESS+ELEC_HNR,1499,1520,0.181,0.009,0.015,,38638,0.181,0.22499999999999998,0.40599999999999997
VOLKSWAGEN,CADDY,CADDY,ESSENCE,1498,1467,0.245,0.029,0.031,,29190,0.245,0.7250000000000001,0.9700000000000001
ALFA_ROMEO,STELVIO,STELVIO,ESSENCE,1995,1660,0.752,0.058,0.037,,58950,0.752,1.4500000000000002,2.202
B.M.W.,SERIE_4,420,ELEC+GAZOLE_HR,1995,1705,0.112,0.027999999999999997,0.017,0.045,56383,0.112,0.7,0.8119999999999999
MINI,MINI,CABRIO,ESSENCE,1998,1340,0.24,0.014,0.012,,44367,0.24,0.35000000000000003,0.5900000000000001
B.M.W.,SERIE_1,120,ESSENCE,1998,1390,0.156,0.017,0.011,,38770,0.156,0.42500000000000004,0.5810000000000001
NISSAN,QASHQAI,QASHQAI,ESS+ELEC_HNR,1332,1457,0.312,0.015,0.024,,42920,0.312,0.375,0.687
B.M.W.,SERIE_5,530,ELEC+GAZOLE_HR,2993,1820,0.113,0.023,0.052,0.075,69988,0.113,0.575,0.688
B.M.W.,SERIE_X,X3,ESS+ELEC_HNR,1998,1800,0.157,0.013,0.017,,54800,0.157,0.325,0.482
MERCEDES,VITO_TOURER,VITO,GAZOLE,1950,2050,0.027,0.006999999999999999,0.017,0.024,46907,0.027,0.175,0.20199999999999999
FIAT,500,500,ESS+ELEC_HNR,999,989,0.3,0.028,0.022,,19150,0.3,0.7000000000000001,1.0
DACIA,DUSTER,DUSTER,GAZOLE,1461,1328,0.032,0.008000000000000002,0.013,0.021,21013,0.032,0.20000000000000004,0.23200000000000004
SKODA,KAMIQ,KAMIQ,ESSENCE,999,1165,0.167,0.02,0.037,,28070,0.167,0.5,0.667
DS,DS_3_CROSSBACK,3_CROSSBACK,GAZOLE,1499,1205,0.058,0.005999999999999998,0.046,0.052,30550,0.058,0.14999999999999997,0.20799999999999996
MERCEDES,CLASSE_GLC,GLC_300,ELEC+ESSENC_HR,1991,1965,0.234,0.013,0.009,,75925,0.234,0.325,0.559
CITROEN,C4,C4,ESSENCE,1199,1299,0.377,0.037,0.042,,32250,0.377,0.9249999999999999,1.302
RENAULT,ARKANA,ARKANA,ESS+ELEC_HNR,1332,1336,0.278,0.013,0.022,,33288,0.278,0.325,0.603
HYUNDAI,I_30,I_30,ESS+ELEC_HNR,998,1339,0.61,0.046,0.049,,30720,0.61,1.15,1.7599999999999998
RENAULT,CAPTUR,CAPTUR,ESS+ELEC_HNR,1598,1363,0.31,0.019,0.004,,31408,0.31,0.475,0.7849999999999999
B.M.W.,SERIE_2,218,GAZOLE,1995,1470,0.178,0.053000000000000005,0.013,0.066,43563,0.178,1.3250000000000002,1.5030000000000001
VOLKSWAGEN,PASSAT,PASSAT,GAZOLE,1968,1480,0.029,0.023,0.042,0.065,43500,0.029,0.575,0.604
B.M.W.,SERIE_4,420,ESSENCE,1998,1620,0.255,0.022,0.014,,53833,0.255,0.5499999999999999,0.8049999999999999
FORD,ECOSPORT,ECOSPORT,ESSENCE,998,1284,0.271,0.02,0.016,,25900,0.271,0.5,0.771
MERCEDES,CLASSE_E,E_200,ELEC+GAZOLE_HR,1993,1755,0.054,0.006999999999999999,0.006,0.013,58383,0.054,0.175,0.22899999999999998
TOYOTA,COROLLA,COROLLA,ESS+ELEC_HNR,1798,1345,0.101,0.015,0.002,,32308,0.101,0.375,0.476
PEUGEOT,308,308,ESSENCE,1199,1345,0.302,0.022,0.041,,34280,0.302,0.5499999999999999,0.8519999999999999
B.M.W.,SERIE_1,118,ESSENCE,1499,1320,0.273,0.023,0.015,,37510,0.273,0.575,0.848
FIAT,TIPO,TIPO,GAZOLE,1598,1360,0.071,0.026999999999999996,0.05,0.077,27365,0.071,0.6749999999999999,0.7459999999999999
ALFA_ROMEO,GIULIA,GIULIA,GAZOLE,2143,1465,0.048,0.0029999999999999957,0.041,0.044,46350,0.048,0.0749999999999999,0.1229999999999999
B.M.W.,SERIE_5,530,ELEC+GAZOLE_HR,2993,1925,0.112,0.020999999999999998,0.052,0.073,72588,0.112,0.5249999999999999,0.6369999999999999
B.M.W.,SERIE_X,X2,GAZOLE,1995,1605,0.071,0.035,0.021,0.056,47717,0.071,0.8750000000000001,0.9460000000000001
B.M.W.,SERIE_X,X3,ELEC+GAZOLE_HR,2993,1935,0.131,0.017,0.043,0.06,65800,0.131,0.42500000000000004,0.556
B.M.W.,SERIE_X,X5,ELEC+GAZOLE_HR,2993,2285,0.096,0.012999999999999998,0.025,0.038,84217,0.096,0.32499999999999996,0.42099999999999993
VOLVO,XC60,XC60,ELEC+ESSENC_HR,1969,2094,0.645,0.006,0.006,,76310,0.645,0.15,0.795
MINI,MINI,CLUBMAN,GAZOLE,1995,1470,0.17,0.046,0.014,0.06,41000,0.17,1.15,1.3199999999999998
SKODA,SCALA,SCALA,ESSENCE,999,1163,0.167,0.02,0.037,,27313,0.167,0.5,0.667
MERCEDES,CLASSE_CLA,CLA_35_AMG,ESSENCE,1991,1540,0.287,0.018,0.016,,74875,0.287,0.44999999999999996,0.7369999999999999
DACIA,SANDERO,SANDERO,ESSENCE,999,1122,0.26,0.023,0.032,,17500,0.26,0.575,0.835
PEUGEOT,2008,2008,GAZOLE,1499,1270,0.05,0.0050000000000000044,0.053,0.058,33203,0.05,0.1250000000000001,0.1750000000000001
B.M.W.,SERIE_4,420,ESSENCE,1998,1525,0.355,0.027,0.014,,53100,0.355,0.675,1.03
B.M.W.,SERIE_X,X2,ESSENCE,1499,1430,0.312,0.031,0.016,,42517,0.312,0.775,1.087
NISSAN,JUKE,JUKE,ESSENCE,999,1211,0.236,0.018,0.023,,28890,0.236,0.44999999999999996,0.6859999999999999
RENAULT,KANGOO,KANGOO,GAZOLE,1461,1594,0.149,0.054,0.03,0.084,31900,0.149,1.35,1.499
RENAULT,CAPTUR,CAPTUR,ESS+ELEC_HNR,1332,1245,0.202,0.012,0.021,,28967,0.202,0.3,0.502
B.M.W.,SERIE_2,218,GAZOLE,1995,1470,0.178,0.053000000000000005,0.013,0.066,43563,0.178,1.3250000000000002,1.5030000000000001
JAGUAR,XF,XF,ELEC+GAZOLE_HR,1998,1833,0.082,0.017,0.023,0.04,65047,0.082,0.42500000000000004,0.507
B.M.W.,SERIE_1,118,ESSENCE,1499,1320,0.273,0.023,0.015,,37510,0.273,0.575,0.848
HYUNDAI,I_10,I_10,ESSENCE,998,924,0.219,0.02,0.009,,14613,0.219,0.5,0.719
CITROEN,C4_X,C4_X,ESSENCE,1199,1289,0.325,0.02,0.033,,24000,0.325,0.5,0.825
B.M.W.,SERIE_1,116,GAZOLE,1496,1375,0.059,0.017000000000000005,0.018,0.035,36260,0.059,0.4250000000000001,0.4840000000000001
PORSCHE,PANAMERA_TURBO_S_E_HYBRID,PANAMERA,ELEC+ESSENC_HR,3996,2360,0.177,0.017,0.005,,200977,0.177,0.42500000000000004,0.6020000000000001
RENAULT,MEGANE,MEGANE,ESSENCE,1332,1241,0.183,0.013,0.01,,29775,0.183,0.325,0.508
B.M.W.,SERIE_X,X2,ESSENCE,1998,1470,0.159,0.021,0.013,,46817,0.159,0.525,0.684
B.M.W.,SERIE_2,220,ELEC+GAZOLE_HR,1995,1580,0.097,0.02,0.018,0.038,48550,0.097,0.5,0.597
MERCEDES,VITO_TOURER,VITO,GAZOLE,1950,1957,0.019,0.006999999999999999,0.019,0.026,46907,0.019,0.175,0.19399999999999998
PORSCHE,911_TURBO,911,ESSENCE,3745,1640,0.164,0.014,0.011,,197488,0.164,0.35000000000000003,0.514
B.M.W.,SERIE_2,220,ESS+ELEC_HNR,1499,1520,0.181,0.009,0.015,,38638,0.181,0.22499999999999998,0.40599999999999997
CITROEN,BERLINGO,BERLINGO,ESSENCE,1199,1474,0.588,0.024,0.035,,27100,0.588,0.6,1.188
KIA,CEED,CEED,ELEC+GAZOLE_HR,1598,1370,0.108,0.038,0.009,0.047,33242,0.108,0.95,1.058
MINI,MINI,MINI,ESSENCE,1998,1280,0.188,0.016,0.009,,37750,0.188,0.4,0.5880000000000001
MINI,MINI,COUNTRYMAN,ESSENCE,1499,1505,0.273,0.025,0.024,,38733,0.273,0.625,0.898
MINI,MINI,CLUBMAN,ESSENCE,1998,1415,0.187,0.02,0.009,,41400,0.187,0.5,0.687
SKODA,KAMIQ,KAMIQ,ESSENCE,1498,1214,0.144,0.022,0.022,,31270,0.144,0.5499999999999999,0.694
SKODA,SUPERB,SUPERB,GAZOLE,1968,1535,0.025,0.008,0.032,0.04,48245,0.025,0.2,0.225
CITROEN,JUMPY_SPACE_TOURER,SPACE_TOURER,GAZOLE,1499,1640,0.072,0.0049999999999999975,0.05,0.055,32350,0.072,0.12499999999999994,0.19699999999999995
B.M.W.,SERIE_5,530,ELEC+ESSENC_HR,1998,1900,0.352,0.012,0.011,,68188,0.352,0.3,0.6519999999999999
B.M.W.,SERIE_2,220,ESSENCE,1998,1430,0.156,0.017,0.011,,44133,0.156,0.42500000000000004,0.5810000000000001
VOLKSWAGEN,PASSAT,PASSAT,GAZOLE,1968,1598,0.021,0.011000000000000003,0.038,0.049,58617,0.021,0.2750000000000001,0.2960000000000001
VOLKSWAGEN,PASSAT,PASSAT,ELEC+ESSENC_HR,1395,1678,0.178,0.013,0.012,,54595,0.178,0.325,0.503
FORD,PUMA,PUMA,ESS+ELEC_HNR,999,1259,0.377,0.042,0.023,,30214,0.377,1.05,1.427
FORD,TOURNEO,TOURNEO_CONNECT,GAZOLE,1499,1695,0.04,0.005,0.022,0.027,30993,0.04,0.125,0.165
B.M.W.,SERIE_2,218,ESSENCE,1499,1375,0.273,0.023,0.015,,40663,0.273,0.575,0.848
B.M.W.,SERIE_4,440,ESS+ELEC_HNR,2998,1890,0.059,0.013,0.01,,76050,0.059,0.325,0.384
MERCEDES,CLASSE_C,C_220,ELEC+GAZOLE_HR,1993,1655,0.063,0.007,0.007,0.014,54883,0.063,0.17500000000000002,0.23800000000000002
B.M.W.,SERIE_X,X2,GAZOLE,1995,1605,0.071,0.036000000000000004,0.02,0.056,50717,0.071,0.9000000000000001,0.9710000000000001
PEUGEOT,5008,5008,ESSENCE,1598,1521,0.711,0.023,0.035,,46850,0.711,0.575,1.286
MINI,MINI,CLUBMAN,ESSENCE,1998,1415,0.187,0.02,0.009,,41400,0.187,0.5,0.687
FIAT,500X,500X,GAZOLE,1598,1430,0.037,0.013999999999999999,0.077,0.091,36190,0.037,0.35,0.38699999999999996
RENAULT,MEGANE,MEGANE,ESSENCE,1332,1242,0.246,0.012,0.02,,32750,0.246,0.3,0.546
KIA,RIO,RIO,ESSENCE,1197,1045,0.327,0.038,0.014,,17473,0.327,0.95,1.277
MERCEDES,CLASSE_C,C_220,GAZOLE,1950,1575,0.059,0.009000000000000001,0.02,0.029,58600,0.059,0.22500000000000003,0.28400000000000003
MERCEDES,CLASSE_C,C_220,GAZOLE,1950,1710,0.045,0.008,0.021,0.029,58850,0.045,0.2,0.245
PEUGEOT,508,508,ESSENCE,1199,1420,0.341,0.02,0.038,,43375,0.341,0.5,0.841
VOLKSWAGEN,TIGUAN,TIGUAN,GAZOLE,1968,1556,0.026,0.009000000000000001,0.03,0.039,50136,0.026,0.22500000000000003,0.25100000000000006
RENAULT,CLIO,CLIO,ESSENCE,999,1088,0.216,0.03,0.025,,21183,0.216,0.75,0.966
CITROEN,JUMPY_SPACE_TOURER,SPACE_TOURER,GAZOLE,1997,1733,0.028,0.004,0.023,0.027,34750,0.028,0.1,0.128
B.M.W.,SERIE_5,530,ELEC+GAZOLE_HR,2993,1925,0.112,0.020999999999999998,0.052,0.073,72588,0.112,0.5249999999999999,0.6369999999999999
MINI,MINI,COUNTRYMAN,GAZOLE,1496,1465,0.027,0.031000000000000003,0.018,0.049,38080,0.027,0.7750000000000001,0.8020000000000002
HYUNDAI,I_10,I_10,ESSENCE,998,922,0.773,0.025,0.035,,16500,0.773,0.625,1.3980000000000001
VOLKSWAGEN,KOMBI,KOMBI,GAZOLE,1968,1932,0.015,0.013999999999999999,0.033,0.047,60740,0.015,0.35,0.365
PEUGEOT,5008,5008,GAZOLE,1499,1515,0.052,0.003999999999999997,0.041,0.045,40770,0.052,0.09999999999999992,0.1519999999999999
VOLKSWAGEN,T_ROC,T_ROC,ESSENCE,1498,1270,0.115,0.013,0.018,,34790,0.115,0.325,0.44
B.M.W.,SERIE_4,420,ELEC+GAZOLE_HR,1995,1705,0.112,0.027999999999999997,0.017,0.045,56383,0.112,0.7,0.8119999999999999
LAND_ROVER,DISCOVERY,DISCOVERY,ELEC+GAZOLE_HR,2997,2442,0.22,0.045,0.021,0.066,93000,0.22,1.125,1.345
B.M.W.,SERIE_2,220,ESSENCE,1998,1430,0.156,0.017,0.011,,44133,0.156,0.42500000000000004,0.5810000000000001
PORSCHE,CAYENNE_E_HYBRID,CAYENNE,ELEC+ESSENC_HR,2995,2360,0.389,0.021,0.021,,105929,0.389,0.525,0.914
ALFA_ROMEO,STELVIO,STELVIO,GAZOLE,2143,1680,0.044,0.0049999999999999975,0.035,0.04,52783,0.044,0.12499999999999994,0.16899999999999993
VOLKSWAGEN,GOLF,GOLF,ESSENCE,1984,1388,0.182,0.021,0.02,,45880,0.182,0.525,0.7070000000000001
TOYOTA,YARIS_CROSS,YARIS_CROSS,ESS+ELEC_HNR,1490,1175,0.157,0.016,0.007,,29600,0.157,0.4,0.557
VOLVO,V60,V60,ESS+ELEC_HNR,1969,1659,0.201,0.014,0.012,,48700,0.201,0.35000000000000003,0.551
FORD,FIESTA,FIESTA,ESS+ELEC_HNR,999,1136,0.309,0.034,0.014,,24190,0.309,0.8500000000000001,1.159
LEXUS,NX300H,NX,ESS+ELEC_HNR,2494,1720,0.125,0.01,0.006,,48990,0.125,0.25,0.375
DACIA,JOGGER,JOGGER,ESSENCE,999,1205,0.234,0.024,0.023,,20150,0.234,0.6,0.834
VOLKSWAGEN,PASSAT,PASSAT,GAZOLE,1968,1480,0.029,0.023,0.042,0.065,43500,0.029,0.575,0.604
FORD,PUMA,PUMA,ESS+ELEC_HNR,999,1259,0.362,0.047,0.021,,34100,0.362,1.175,1.537
ALFA_ROMEO,STELVIO,STELVIO,GAZOLE,2143,1680,0.044,0.0049999999999999975,0.035,0.04,52783,0.044,0.12499999999999994,0.16899999999999993
SKODA,KODIAQ,KODIAQ,GAZOLE,1968,1678,0.026,0.009000000000000001,0.03,0.039,33820,0.026,0.22500000000000003,0.25100000000000006
RENAULT,CAPTUR,CAPTUR,ESS+ELEC_HNR,1598,1361,0.345,0.017,0.006,,31408,0.345,0.42500000000000004,0.77
B.M.W.,SERIE_1,118,ESSENCE,1499,1320,0.273,0.023,0.015,,37510,0.273,0.575,0.848
B.M.W.,SERIE_X,X4,ELEC+GAZOLE_HR,2993,2020,0.122,0.013999999999999999,0.038,0.052,79750,0.122,0.35,0.472
SEAT,ATECA,ATECA,ESSENCE,1498,1357,0.126,0.014,0.01,,36991,0.126,0.35000000000000003,0.47600000000000003
RENAULT,KANGOO,KANGOO,ESSENCE,1332,1475,0.28,0.011,0.012,,25900,0.28,0.27499999999999997,0.5549999999999999
VOLKSWAGEN,CADDY,CADDY,ESSENCE,1498,1497,0.212,0.028,0.029,,36003,0.212,0.7000000000000001,0.912
RENAULT,ARKANA,ARKANA,ESS+ELEC_HNR,1332,1336,0.307,0.011,0.021,,33288,0.307,0.27499999999999997,0.582
RENAULT,KADJAR,KADJAR,GAZOLE,1461,1466,0.116,0.042,0.037,0.075,32240,0.116,1.05,1.1660000000000001
RENAULT,KANGOO,KANGOO,ESSENCE,1332,1475,0.291,0.012,0.011,,28900,0.291,0.3,0.591
B.M.W.,SERIE_1,116,ESSENCE,1499,1320,0.179,0.019,0.011,,33960,0.179,0.475,0.6539999999999999
OPEL,MOKKA,MOKKA,ESSENCE,1199,1195,0.63,0.023,0.031,,26583,0.63,0.575,1.205
MERCEDES,CLASSE_GLC,GLC_300,ELEC+GAZOLE_HR,1950,2060,0.031,0.0,0.04,0.04,77775,0.031,0.0,0.031
VOLKSWAGEN,KOMBI,KOMBI,GAZOLE,1968,2017,0.028,0.012000000000000004,0.052,0.064,61920,0.028,0.3000000000000001,0.3280000000000001
MINI,MINI,MINI,ESSENCE,1998,1280,0.188,0.016,0.009,,37750,0.188,0.4,0.5880000000000001
VOLKSWAGEN,TIGUAN,TIGUAN,ESSENCE,1498,1461,0.234,0.024,0.024,,43962,0.234,0.6,0.834
PORSCHE,911_CARRERA_4S,911,ESSENCE,2981,1565,0.13,0.014,0.013,,139176,0.13,0.35000000000000003,0.48000000000000004
B.M.W.,SERIE_4,430,ELEC+GAZOLE_HR,2993,1880,0.125,0.013000000000000005,0.044,0.057,67400,0.125,0.3250000000000001,0.4500000000000001
B.M.W.,SERIE_4,440,ESS+ELEC_HNR,2998,1740,0.087,0.013,0.009,,70650,0.087,0.325,0.41200000000000003
MERCEDES,CLASSE_C,C_220,ELEC+GAZOLE_HR,1993,1705,0.055,0.008,0.006,0.014,60783,0.055,0.2,0.255
B.M.W.,SERIE_1,118,ESSENCE,1499,1290,0.291,0.024,0.018,,35210,0.291,0.6,0.891
ALFA_ROMEO,GIULIA,GIULIA,ESSENCE,1995,1445,0.608,0.055,0.028,,49650,0.608,1.375,1.983
SKODA,KODIAQ,KODIAQ,GAZOLE,1968,1679,0.026,0.009000000000000001,0.03,0.039,33820,0.026,0.22500000000000003,0.25100000000000006
MINI,MINI,COUNTRYMAN,ESSENCE,1998,1465,0.17,0.022,0.017,,40388,0.17,0.5499999999999999,0.72
MERCEDES,CLASSE_V,V_250,GAZOLE,1950,2170,0.211,0.018,0.027,0.045,74793,0.211,0.44999999999999996,0.6609999999999999
HYUNDAI,KONA,KONA,ESS+ELEC_HNR,998,1265,0.223,0.025,0.022,,26450,0.223,0.625,0.848
B.M.W.,SERIE_8,840,ELEC+GAZOLE_HR,2993,1915,0.108,0.023,0.034,0.057,111100,0.108,0.575,0.6829999999999999
B.M.W.,SERIE_1,116,GAZOLE,1496,1385,0.037,0.02,0.019,0.039,38560,0.037,0.5,0.537
VOLVO,S60,S60,ESS+ELEC_HNR,1969,1658,0.297,0.009,0.031,,44800,0.297,0.22499999999999998,0.522
RENAULT,KADJAR,KADJAR,ESSENCE,1332,1372,0.156,0.012,0.021,,35500,0.156,0.3,0.45599999999999996
MERCEDES,CLASSE_A,A_200,ESSENCE,1332,1300,0.12,0.024,0.025,,39475,0.12,0.6,0.72
NISSAN,QASHQAI,QASHQAI,ESS+ELEC_HNR,1332,1457,0.312,0.015,0.024,,42920,0.312,0.375,0.687
SKODA,FABIA,FABIA,ESSENCE,1498,1169,0.172,0.021,0.019,,26420,0.172,0.525,0.6970000000000001
MINI,MINI,CLUBMAN,GAZOLE,1995,1485,0.168,0.047,0.015,0.062,40633,0.168,1.175,1.343
MERCEDES,CLASSE_C,C_220,ELEC+GAZOLE_HR,1993,1655,0.063,0.007,0.007,0.014,58383,0.063,0.17500000000000002,0.23800000000000002
FIAT,500,500,ESS+ELEC_HNR,999,958,0.3,0.028,0.022,,19150,0.3,0.7000000000000001,1.0
CUPRA,FORMENTOR,FORMENTOR,ESSENCE,1498,1347,0.272,0.026,0.017,,36553,0.272,0.65,0.922
VOLKSWAGEN,CADDY,CADDY,GAZOLE,1968,1568,0.023,0.020999999999999998,0.038,0.059,38773,0.023,0.5249999999999999,0.5479999999999999
FORD,TOURNEO_CONNECT,TOURNEO_CONNECT,ESSENCE,1498,1497,0.212,0.028,0.029,,32027,0.212,0.7000000000000001,0.912
B.M.W.,SERIE_2,216,GAZOLE,1496,1430,0.037,0.02,0.019,0.039,41313,0.037,0.5,0.537
FIAT,500,500,ESS+ELEC_HNR,999,999,0.3,0.028,0.022,,19150,0.3,0.7000000000000001,1.0
VOLKSWAGEN,TIGUAN,TIGUAN,GAZOLE,1968,1556,0.026,0.009000000000000001,0.03,0.039,50136,0.026,0.22500000000000003,0.25100000000000006
MERCEDES,CLASSE_E,E_300,ESS+ELEC_HNR,1991,1780,0.332,0.017,0.015,,73850,0.332,0.42500000000000004,0.7570000000000001
KIA,NIRO,NIRO,ESS+ELEC_HNR,1580,1415,0.16,0.023,0.003,,34850,0.16,0.575,0.735
MERCEDES,CLASSE_GLE,GLE_350,ELEC+GAZOLE_HR,1950,2580,0.031,0.0040000000000000036,0.046,0.05,95650,0.031,0.10000000000000009,0.1310000000000001
RENAULT,TRAFIC,TRAFIC,GAZOLE,1997,1980,0.04,0.006999999999999999,0.038,0.045,42550,0.04,0.175,0.215
NISSAN,TOWNSTAR,TOWNSTAR,ESSENCE,1332,1475,0.291,0.012,0.011,,31180,0.291,0.3,0.591
RENAULT,MEGANE,MEGANE,GAZOLE,1461,1432,0.028,0.006000000000000002,0.011,0.017,34775,0.028,0.15000000000000005,0.17800000000000005
MERCEDES,CLASSE_V,V_300,GAZOLE,1950,2092,0.116,0.015,0.022,0.037,91580,0.116,0.375,0.491
B.M.W.,SERIE_2,220,GAZOLE,1995,1505,0.19,0.053000000000000005,0.016,0.069,47413,0.19,1.3250000000000002,1.5150000000000001
CUPRA,FORMENTOR,FORMENTOR,ESSENCE,1984,1551,0.398,0.036,0.012,,50250,0.398,0.8999999999999999,1.298
B.M.W.,SERIE_4,440,ESS+ELEC_HNR,2998,1740,0.087,0.013,0.009,,70650,0.087,0.325,0.41200000000000003
B.M.W.,SERIE_X,X4,ELEC+GAZOLE_HR,1995,1840,0.165,0.044000000000000004,0.025,0.069,62150,0.165,1.1,1.2650000000000001
B.M.W.,SERIE_X,X3,ESS+ELEC_HNR,1998,1800,0.157,0.013,0.017,,54800,0.157,0.325,0.482
RENAULT,CLIO,CLIO,ESS+G.P.L.,999,1161,0.285,0.037,0.024,,21750,0.285,0.9249999999999999,1.21
RENAULT,CLIO,CLIO,ESS+G.P.L.,999,1161,0.314,0.031,0.052,,21750,0.314,0.775,1.089
SEAT,ATECA,ATECA,GAZOLE,1968,1422,0.033,0.009,0.032,0.04,37276,0.033,0.22499999999999998,0.258
PEUGEOT,5008,5008,ESSENCE,1598,1521,0.711,0.023,0.035,,46850,0.711,0.575,1.286
B.M.W.,SERIE_1,118,ESSENCE,1499,1320,0.273,0.023,0.015,,37510,0.273,0.575,0.848
SKODA,KAROQ,KAROQ,ESSENCE,1498,1342,0.126,0.014,0.01,,37898,0.126,0.35000000000000003,0.47600000000000003
B.M.W.,SERIE_1,116,GAZOLE,1496,1375,0.059,0.017000000000000005,0.018,0.035,36260,0.059,0.4250000000000001,0.4840000000000001
B.M.W.,SERIE_1,118,GAZOLE,1995,1430,0.171,0.049,0.013,0.062,40410,0.171,1.225,1.3960000000000001
B.M.W.,SERIE_8,840,ELEC+GAZOLE_HR,2993,1915,0.102,0.020999999999999998,0.031,0.052,111100,0.102,0.5249999999999999,0.6269999999999999
MERCEDES,CLASSE_GLE,GLE_350,ELEC+ESSENC_HR,1991,2530,0.207,0.021,0.015,,106050,0.207,0.525,0.732
B.M.W.,SERIE_X,X6,ELEC+GAZOLE_HR,2993,2185,0.141,0.018000000000000002,0.045,0.063,84025,0.141,0.45000000000000007,0.5910000000000001
RENAULT,TRAFIC,TRAFIC,GAZOLE,1997,2262,0.016,0.008,0.03,0.038,47700,0.016,0.2,0.21600000000000003
PEUGEOT,3008,3008,ELEC+ESSENC_HR,1598,1833,0.588,0.018,0.024,,53150,0.588,0.44999999999999996,1.0379999999999998
MINI,MINI,MINI,ESSENCE,1998,1205,0.252,0.016,0.013,,32871,0.252,0.4,0.652
DS,DS_7_CROSSBACK,7_CROSSBACK,ESSENCE,1598,1428,0.59,0.023,0.031,,49207,0.59,0.575,1.165
B.M.W.,SERIE_4,420,ELEC+GAZOLE_HR,1995,1705,0.112,0.027999999999999997,0.017,0.045,56383,0.112,0.7,0.8119999999999999
B.M.W.,SERIE_2,218,ESSENCE,1499,1350,0.291,0.024,0.018,,36950,0.291,0.6,0.891
HYUNDAI,I_10,I_10,ESSENCE,998,922,0.773,0.025,0.035,,16500,0.773,0.625,1.3980000000000001
MERCEDES,CLASSE_E,E_200,ELEC+GAZOLE_HR,1993,1965,0.048,0.007,0.005,0.012,58600,0.048,0.17500000000000002,0.22300000000000003
OPEL,INSIGNIA_SPORTS_TOURER,INSIGNIA,GAZOLE,1496,1535,0.051,0.016999999999999998,0.02,0.037,43725,0.051,0.42499999999999993,0.4759999999999999
FORD,TOURNEO_CUSTOM,TOURNEO_CUSTOM,GAZOLE,1995,2255,0.117,0.014,0.049,0.065,48288,0.117,0.35000000000000003,0.467
FIAT,500,500,ESS+ELEC_HNR,999,975,0.3,0.028,0.022,,19640,0.3,0.7000000000000001,1.0
FIAT,500X,500X,ESSENCE,1332,1320,0.291,0.033,0.012,,31413,0.291,0.8250000000000001,1.116
B.M.W.,SERIE_X,X2,ESSENCE,1499,1430,0.312,0.031,0.016,,42517,0.312,0.775,1.087
FORD,FIESTA,FIESTA,SUPERETHANOL,999,1114,0.393,0.036,0.01,,21340,0.393,0.8999999999999999,1.293
B.M.W.,SERIE_8,840,ELEC+GAZOLE_HR,2993,1995,0.108,0.023,0.034,0.057,116050,0.108,0.575,0.6829999999999999
B.M.W.,SERIE_X,X5,ELEC+GAZOLE_HR,2993,2190,0.141,0.018000000000000002,0.045,0.063,77717,0.141,0.45000000000000007,0.5910000000000001
MINI,MINI,CLUBMAN,GAZOLE,1995,1485,0.168,0.047,0.015,0.062,40633,0.168,1.175,1.343
MINI,MINI,MINI,ESSENCE,1499,1150,0.288,0.018,0.012,,28857,0.288,0.44999999999999996,0.738
MINI,MINI,COUNTRYMAN,GAZOLE,1496,1465,0.027,0.031000000000000003,0.018,0.049,38080,0.027,0.7750000000000001,0.8020000000000002
MERCEDES,CLASSE_V,V_220,GAZOLE,1950,2145,0.027,0.006999999999999999,0.017,0.024,83650,0.027,0.175,0.20199999999999999
MERCEDES,CLASSE_T,CLASSE_T,GAZOLE,1461,1561,0.164,0.045,0.035,0.078,31812,0.164,1.125,1.289
B.M.W.,SERIE_X,X6,ELEC+GAZOLE_HR,2993,2185,0.141,0.018000000000000002,0.045,0.063,84025,0.141,0.45000000000000007,0.5910000000000001
JAGUAR,F_PACE,F_PACE,ELEC+GAZOLE_HR,1998,1916,0.102,0.018,0.024,0.042,72740,0.102,0.44999999999999996,0.5519999999999999
VOLKSWAGEN,CADDY,CADDY,GAZOLE,1968,1535,0.025,0.019000000000000003,0.047,0.066,31960,0.025,0.4750000000000001,0.5000000000000001
VOLKSWAGEN,T_ROC,T_ROC,GAZOLE,1968,1485,0.022,0.007999999999999997,0.029,0.037,44513,0.022,0.19999999999999993,0.22199999999999992
SKODA,KODIAQ,KODIAQ,ESSENCE,1498,1525,0.243,0.025,0.02,,33820,0.243,0.625,0.868
B.M.W.,SERIE_3,340,ESS+ELEC_HNR,2998,1725,0.152,0.017,0.008,,69600,0.152,0.42500000000000004,0.5770000000000001
SKODA,SCALA,SCALA,ESSENCE,1498,1203,0.156,0.021,0.019,,31315,0.156,0.525,0.681
OPEL,CROSSLAND,CROSSLAND_X,ESSENCE,1199,1205,0.296,0.019,0.035,,29750,0.296,0.475,0.7709999999999999
SKODA,KAROQ,KAROQ,ESSENCE,1498,1342,0.172,0.022,0.025,,37898,0.172,0.5499999999999999,0.722
SKODA,KAMIQ,KAMIQ,ESSENCE,999,1140,0.23,0.026,0.034,,24607,0.23,0.65,0.88
FORD,PUMA,PUMA,ESS+ELEC_HNR,999,1259,0.377,0.042,0.023,,30214,0.377,1.05,1.427
VOLKSWAGEN,T_ROC,T_ROC,ESSENCE,999,1421,0.158,0.018,0.031,,37205,0.158,0.44999999999999996,0.608
MINI,MINI,CLUBMAN,GAZOLE,1995,1485,0.168,0.047,0.015,0.062,40633,0.168,1.175,1.343
B.M.W.,SERIE_X,X5,ELEC+GAZOLE_HR,2993,2190,0.141,0.018000000000000002,0.045,0.063,79017,0.141,0.45000000000000007,0.5910000000000001
RENAULT,MEGANE,MEGANE,GAZOLE,1461,1347,0.151,0.046,0.026,0.072,33775,0.151,1.15,1.301
SKODA,KAROQ,KAROQ,GAZOLE,1968,1402,0.015,0.012000000000000004,0.036,0.048,35185,0.015,0.3000000000000001,0.3150000000000001
VOLKSWAGEN,CADDY,CADDY,ESSENCE,1498,1497,0.212,0.028,0.029,,36003,0.212,0.7000000000000001,0.912
RENAULT,KADJAR,KADJAR,ESSENCE,1332,1372,0.156,0.012,0.021,,35500,0.156,0.3,0.45599999999999996
SEAT,IBIZA,IBIZA,ESSENCE,999,1046,0.33,0.028,0.012,,20895,0.33,0.7000000000000001,1.03
FORD,KUGA,KUGA,ELEC+ESSENC_HR,2488,1769,0.465,0.02,0.008,,46290,0.465,0.5,0.9650000000000001
VOLKSWAGEN,GOLF,GOLF,GAZOLE,1968,1391,0.028,0.011000000000000003,0.031,0.042,45610,0.028,0.2750000000000001,0.3030000000000001
CITROEN,C4,C4,ESSENCE,1199,1299,0.368,0.03,0.032,,32250,0.368,0.75,1.1179999999999999
RENAULT,CAPTUR,CAPTUR,ESSENCE,999,1221,0.294,0.039,0.034,,24867,0.294,0.975,1.269
PORSCHE,911_TURBO_S,911,ESSENCE,3745,1710,0.199,0.055,0.011,,247992,0.199,1.375,1.574
PEUGEOT,2008,2008,GAZOLE,1499,1205,0.058,0.005999999999999998,0.046,0.052,28979,0.058,0.14999999999999997,0.20799999999999996
DS,DS_4,4,ESSENCE,1598,1419,0.433,0.026,0.037,,46700,0.433,0.65,1.083
B.M.W.,SERIE_X,X2,ESSENCE,1998,1470,0.159,0.021,0.013,,46817,0.159,0.525,0.684
OPEL,CORSA,CORSA,ESSENCE,1199,1090,0.509,0.022,0.014,,21900,0.509,0.5499999999999999,1.059
B.M.W.,SERIE_4,420,ELEC+GAZOLE_HR,1995,1670,0.087,0.027999999999999997,0.017,0.045,58050,0.087,0.7,0.7869999999999999
B.M.W.,SERIE_2,220,GAZOLE,1995,1505,0.19,0.053000000000000005,0.016,0.069,47413,0.19,1.3250000000000002,1.5150000000000001
MERCEDES,CLASSE_GLE,GLE_300,ELEC+GAZOLE_HR,1993,2205,0.059,0.011999999999999999,0.01,0.022,86350,0.059,0.3,0.359
FORD,KUGA,KUGA,ELEC+ESSENC_HR,2488,1769,0.465,0.02,0.008,,46290,0.465,0.5,0.9650000000000001
MERCEDES,CLASSE_CLA,CLA_45_AMG,ESSENCE,1991,1640,0.177,0.016,0.021,,84650,0.177,0.4,0.577
PEUGEOT,208,208,ESSENCE,1199,1090,0.314,0.025,0.031,,26013,0.314,0.625,0.9390000000000001
PEUGEOT,RIFTER,RIFTER,ESSENCE,1199,1505,0.588,0.024,0.035,,28850,0.588,0.6,1.188
SKODA,KAROQ,KAROQ,ESSENCE,1498,1328,0.132,0.023,0.025,,36445,0.132,0.575,0.707
SKODA,KAMIQ,KAMIQ,ESSENCE,1498,1214,0.144,0.022,0.022,,30194,0.144,0.5499999999999999,0.694
B.M.W.,SERIE_1,120,GAZOLE,1995,1515,0.071,0.037000000000000005,0.021,0.058,46988,0.071,0.9250000000000002,0.9960000000000001
B.M.W.,SERIE_X,X4,ELEC+GAZOLE_HR,1995,1840,0.165,0.044000000000000004,0.025,0.069,62150,0.165,1.1,1.2650000000000001
B.M.W.,SERIE_2,218,GAZOLE,1995,1470,0.178,0.053000000000000005,0.013,0.066,43563,0.178,1.3250000000000002,1.5030000000000001
MINI,MINI,MINI,ESSENCE,1499,1230,0.2,0.019,0.01,,34200,0.2,0.475,0.675
VOLKSWAGEN,POLO,POLO,ESSENCE,999,1124,0.18,0.023,0.039,,25223,0.18,0.575,0.7549999999999999
B.M.W.,SERIE_X,X3,ELEC+GAZOLE_HR,1995,1840,0.165,0.044000000000000004,0.025,0.069,59100,0.165,1.1,1.2650000000000001
ALPINE,A110,A110,ESSENCE,1798,1109,0.204,0.011,0.012,,76250,0.204,0.27499999999999997,0.479
B.M.W.,SERIE_X,X5,ELEC+GAZOLE_HR,2993,2190,0.141,0.018000000000000002,0.045,0.063,79017,0.141,0.45000000000000007,0.5910000000000001
FIAT,500X,500X,GAZOLE,1598,1430,0.037,0.013999999999999999,0.077,0.091,33688,0.037,0.35,0.38699999999999996
FIAT,PANDA,PANDA,ESS+ELEC_HNR,999,980,0.3,0.028,0.022,,12665,0.3,0.7000000000000001,1.0
RENAULT,ARKANA,ARKANA,ESS+ELEC_HNR,1332,1347,0.263,0.012,0.02,,36125,0.263,0.3,0.563
MINI,MINI,MINI,ESSENCE,1499,1175,0.2,0.019,0.01,,32367,0.2,0.475,0.675
B.M.W.,SERIE_3,340,ESS+ELEC_HNR,2998,1725,0.152,0.017,0.008,,69600,0.152,0.42500000000000004,0.5770000000000001
RENAULT,TRAFIC,TRAFIC,GAZOLE,1997,2033,0.04,0.006999999999999999,0.038,0.045,42550,0.04,0.175,0.215
MERCEDES,CLASSE_V,V_250,GAZOLE,1950,2170,0.211,0.018,0.027,0.045,74793,0.211,0.44999999999999996,0.6609999999999999
PEUGEOT,3008,3008,GAZOLE,1499,1429,0.052,0.003999999999999997,0.041,0.045,38190,0.052,0.09999999999999992,0.1519999999999999
CUPRA,FORMENTOR,FORMENTOR,ESSENCE,1498,1347,0.272,0.026,0.017,,36553,0.272,0.65,0.922
RENAULT,KANGOO,KANGOO,GAZOLE,1461,1556,0.164,0.045,0.035,0.078,28050,0.164,1.125,1.289
MERCEDES,VITO_TOURER,VITO,GAZOLE,1950,1972,0.116,0.015,0.022,0.037,51378,0.116,0.375,0.491
SKODA,KAMIQ,KAMIQ,ESSENCE,1498,1214,0.159,0.027,0.022,,30315,0.159,0.675,0.8340000000000001
CITROEN,C3,C3,ESSENCE,1199,1090,0.343,0.022,0.022,,24625,0.343,0.5499999999999999,0.893
B.M.W.,SERIE_X,X2,ESSENCE,1998,1470,0.159,0.021,0.013,,46817,0.159,0.525,0.684
VOLKSWAGEN,TIGUAN,TIGUAN,GAZOLE,1968,1556,0.026,0.009000000000000001,0.03,0.039,48739,0.026,0.22500000000000003,0.25100000000000006
B.M.W.,SERIE_1,118,ESSENCE,1499,1290,0.291,0.024,0.018,,35210,0.291,0.6,0.891
B.M.W.,SERIE_4,420,ESSENCE,1998,1690,0.237,0.022,0.018,,60100,0.237,0.5499999999999999,0.7869999999999999
B.M.W.,SERIE_1,116,ESSENCE,1499,1340,0.072,0.014,0.008,,36260,0.072,0.35000000000000003,0.42200000000000004
OPEL,CORSA,CORSA,ESSENCE,1199,1090,0.314,0.025,0.031,,23800,0.314,0.625,0.9390000000000001
ALFA_ROMEO,GIULIA,GIULIA,ESSENCE,1995,1445,0.608,0.055,0.028,,49650,0.608,1.375,1.983
PEUGEOT,308,308,ESSENCE,1199,1258,0.334,0.026,0.022,,29653,0.334,0.65,0.984
RENAULT,TALISMAN,TALISMAN,ESSENCE,1332,1422,0.301,0.013,0.02,,42500,0.301,0.325,0.626
TOYOTA,YARIS,YARIS,ESSENCE,1490,1040,0.243,0.018,0.008,,20933,0.243,0.44999999999999996,0.693
B.M.W.,SERIE_2,218,ESSENCE,1499,1375,0.273,0.023,0.015,,40663,0.273,0.575,0.848
RENAULT,MEGANE,MEGANE,ESSENCE,1332,1214,0.183,0.013,0.01,,29775,0.183,0.325,0.508
B.M.W.,SERIE_5,520,ELEC+GAZOLE_HR,1995,1780,0.096,0.026,0.02,0.046,61063,0.096,0.65,0.746
JAGUAR,F_PACE,F_PACE,ELEC+GAZOLE_HR,1998,1916,0.102,0.018,0.024,0.042,72740,0.102,0.44999999999999996,0.5519999999999999
ALFA_ROMEO,GIULIA,GIULIA,ESSENCE,1995,1445,0.608,0.055,0.028,,48900,0.608,1.375,1.983
MERCEDES,VITO_TOURER,VITO,GAZOLE,1950,1982,0.019,0.006999999999999999,0.019,0.026,46907,0.019,0.175,0.19399999999999998
B.M.W.,SERIE_X,X4,ESS+ELEC_HNR,2998,1920,0.109,0.015,0.013,,80750,0.109,0.375,0.484
DACIA,SANDERO,SANDERO,ESSENCE,999,1015,0.308,0.031,0.027,,10990,0.308,0.775,1.083
PEUGEOT,408,408,ESSENCE,1199,1393,0.392,0.021,0.04,,30500,0.392,0.525,0.917
SKODA,FABIA,FABIA,ESSENCE,999,1076,0.193,0.021,0.042,,22347,0.193,0.525,0.718
B.M.W.,SERIE_5,520,ESS+ELEC_HNR,1998,1715,0.111,0.012,0.022,,60063,0.111,0.3,0.411
MERCEDES,CLASSE_S,S_400,GAZOLE,2925,2005,0.036,0.023,0.034,0.057,119725,0.036,0.575,0.611
VOLKSWAGEN,CADDY,CADDY,GAZOLE,1968,1656,0.024,0.012000000000000004,0.051,0.063,40123,0.024,0.3000000000000001,0.3240000000000001
MERCEDES,CLASSE_A,A_180,ESSENCE,1332,1305,0.101,0.027,0.031,,42233,0.101,0.675,0.776
PORSCHE,718_CAYMAN,CAYMAN,ESSENCE,1988,1365,0.145,0.018,0.027,,63796,0.145,0.44999999999999996,0.595
B.M.W.,SERIE_2,220,ESSENCE,1998,1430,0.156,0.017,0.011,,44133,0.156,0.42500000000000004,0.5810000000000001
B.M.W.,SERIE_2,218,ESSENCE,1499,1350,0.291,0.024,0.018,,38363,0.291,0.6,0.891
PORSCHE,PANAMERA_4_E_HYBRID,PANAMERA,ELEC+ESSENC_HR,2894,2225,0.314,0.021,0.005,,128315,0.314,0.525,0.839
MINI,MINI,COUNTRYMAN,ESSENCE,1499,1430,0.253,0.02,0.017,,40000,0.253,0.5,0.753
CITROEN,C4_X,C4_X,GAZOLE,1499,1320,0.04,0.006000000000000005,0.062,0.068,24000,0.04,0.15000000000000013,0.19000000000000014
DACIA,SANDERO,SANDERO,ESS+G.P.L.,999,1154,0.38,0.037,0.025,,17400,0.38,0.9249999999999999,1.305
DACIA,SANDERO,SANDERO,ESS+G.P.L.,999,1154,0.444,0.026,0.033,,17400,0.444,0.65,1.094
B.M.W.,X4_M,X4,ESSENCE,2993,2010,0.152,0.009,0.013,,111350,0.152,0.22499999999999998,0.377
OPEL,CROSSLAND,CROSSLAND_X,ESSENCE,1199,1179,0.32,0.026,0.03,,26933,0.32,0.65,0.97
B.M.W.,SERIE_1,120,ESSENCE,1998,1390,0.156,0.017,0.011,,41488,0.156,0.42500000000000004,0.5810000000000001
TOYOTA,COROLLA,COROLLA,ESS+ELEC_HNR,1987,1370,0.188,0.022,0.004,,36113,0.188,0.5499999999999999,0.738
VOLKSWAGEN,TIGUAN,TIGUAN,GAZOLE,1968,1630,0.019,0.009000000000000001,0.033,0.042,57595,0.019,0.22500000000000003,0.24400000000000002
MAZDA,MAZDA_CX_5,CX_5,GAZOLE,2191,1726,0.067,0.011999999999999997,0.064,0.076,49017,0.067,0.29999999999999993,0.36699999999999994
RENAULT,ARKANA,ARKANA,ESS+ELEC_HNR,1332,1336,0.54,0.014,0.022,,33288,0.54,0.35000000000000003,0.8900000000000001
DS,DS_7_CROSSBACK,7_CROSSBACK,ELEC+ESSENC_HR,1598,1836,0.237,0.013,0.005,,60200,0.237,0.325,0.562
SEAT,LEON_SP,LEON,ESS+ELEC_HNR,999,1312,0.117,0.02,0.038,,30258,0.117,0.5,0.617
RENAULT,KANGOO,KANGOO,ESSENCE,1332,1475,0.28,0.011,0.012,,25900,0.28,0.27499999999999997,0.5549999999999999
MERCEDES,CLASSE_C,C_220,ELEC+GAZOLE_HR,1993,1705,0.055,0.008,0.006,0.014,60783,0.055,0.2,0.255
FIAT,500X,500X,ESSENCE,1332,1320,0.291,0.033,0.012,,31413,0.291,0.8250000000000001,1.116
DACIA,SANDERO,SANDERO,ESSENCE,999,1015,0.308,0.031,0.027,,10990,0.308,0.775,1.083
B.M.W.,SERIE_X,X3,ELEC+GAZOLE_HR,2993,2005,0.122,0.013999999999999999,0.038,0.052,78000,0.122,0.35,0.472
OPEL,ASTRA,ASTRA,ESSENCE,1199,1257,0.27,0.027,0.046,,24267,0.27,0.675,0.9450000000000001
SEAT,ATECA,ATECA,ESSENCE,1498,1343,0.124,0.013,0.008,,36991,0.124,0.325,0.449
PEUGEOT,508,508,ESSENCE,1199,1400,0.341,0.02,0.038,,42075,0.341,0.5,0.841
RENAULT,CLIO,CLIO,GAZOLE,1461,1173,0.134,0.038000000000000006,0.031,0.069,23000,0.134,0.9500000000000002,1.084
MINI,MINI,MINI,ESSENCE,1998,1280,0.188,0.016,0.009,,37750,0.188,0.4,0.5880000000000001
VOLKSWAGEN,GOLF,GOLF,GAZOLE,1968,1383,0.025,0.008,0.034,0.042,35558,0.025,0.2,0.225
B.M.W.,SERIE_X,X4,ESS+ELEC_HNR,2998,1920,0.109,0.015,0.013,,80750,0.109,0.375,0.484
OPEL,GRANDLAND,GRANDLAND,GAZOLE,1499,1448,0.055,0.0020000000000000018,0.027,0.029,40625,0.055,0.050000000000000044,0.10500000000000004
RENAULT,CLIO,CLIO,GAZOLE,1461,1173,0.134,0.038000000000000006,0.031,0.069,23000,0.134,0.9500000000000002,1.084
MERCEDES,CLASSE_GLC,GLC_300,ELEC+GAZOLE_HR,1950,2060,0.031,0.0,0.04,0.04,77775,0.031,0.0,0.031
FORD,TOURNEO,TOURNEO_CONNECT,GAZOLE,1499,1635,0.045,0.005,0.03,0.034,28093,0.045,0.125,0.16999999999999998
B.M.W.,SERIE_X,X2,ESSENCE,1998,1470,0.159,0.021,0.013,,46817,0.159,0.525,0.684
HYUNDAI,BAYON,BAYON,ESS+ELEC_HNR,998,1145,0.203,0.027,0.027,,25600,0.203,0.675,0.8780000000000001
MERCEDES,CLASSE_GLC,GLC_300,GAZOLE,1950,1800,0.104,0.011000000000000003,0.031,0.042,72750,0.104,0.2750000000000001,0.37900000000000006
MERCEDES,CLASSE_A,A_200,ESSENCE,1332,1300,0.12,0.024,0.025,,39475,0.12,0.6,0.72
PORSCHE,PANAMERA_4S_E_HYBRID,PANAMERA,ELEC+ESSENC_HR,2894,2225,0.234,0.021,0.017,,137456,0.234,0.525,0.759
B.M.W.,SERIE_4,420,ESSENCE,1998,1620,0.255,0.022,0.014,,53833,0.255,0.5499999999999999,0.8049999999999999
SKODA,KAMIQ,KAMIQ,ESSENCE,1498,1214,0.159,0.027,0.022,,31270,0.159,0.675,0.8340000000000001
B.M.W.,SERIE_1,120,ESSENCE,1998,1390,0.156,0.017,0.011,,41488,0.156,0.42500000000000004,0.5810000000000001
SKODA,KAROQ,KAROQ,ESSENCE,1498,1342,0.132,0.023,0.025,,37898,0.132,0.575,0.707
RENAULT,SCENIC,SCENIC,ESSENCE,1332,1505,0.312,0.011,0.014,,36700,0.312,0.27499999999999997,0.587
MINI,MINI,MINI,ESSENCE,1499,1210,0.094,0.011,0.006,,25850,0.094,0.27499999999999997,0.369
B.M.W.,SERIE_X,X2,ESSENCE,1499,1430,0.312,0.031,0.016,,42517,0.312,0.775,1.087
VOLKSWAGEN,TIGUAN,TIGUAN,ESSENCE,1498,1461,0.234,0.024,0.024,,43962,0.234,0.6,0.834
B.M.W.,SERIE_1,116,ESSENCE,1499,1320,0.179,0.019,0.011,,33960,0.179,0.475,0.6539999999999999
JEEP,COMPASS,COMPASS,ESSENCE,1332,1430,0.114,0.016,0.009,,37560,0.114,0.4,0.514
SKODA,KAROQ,KAROQ,ESSENCE,999,1290,0.216,0.022,0.027,,31875,0.216,0.5499999999999999,0.7659999999999999
DS,DS_7_CROSSBACK,7_CROSSBACK,ESSENCE,1598,1428,0.59,0.023,0.031,,49207,0.59,0.575,1.165
MERCEDES,CLASSE_B,B_180,ESSENCE,1332,1310,0.111,0.023,0.027,,37225,0.111,0.575,0.6859999999999999
B.M.W.,SERIE_1,118,ESSENCE,1499,1320,0.273,0.023,0.015,,37510,0.273,0.575,0.848
VOLKSWAGEN,CADDY,CADDY,ESSENCE,1498,1467,0.245,0.029,0.031,,29190,0.245,0.7250000000000001,0.9700000000000001
VOLKSWAGEN,KOMBI,KOMBI,GAZOLE,1968,2028,0.021,0.012999999999999998,0.033,0.046,60740,0.021,0.32499999999999996,0.346
B.M.W.,SERIE_X,X3,ELEC+GAZOLE_HR,1995,1840,0.165,0.044000000000000004,0.025,0.069,59100,0.165,1.1,1.2650000000000001
PEUGEOT,RIFTER,RIFTER,GAZOLE,1499,1430,0.053,0.003999999999999997,0.049,0.053,30575,0.053,0.09999999999999992,0.1529999999999999
MERCEDES,CLASSE_C,C_220,ELEC+GAZOLE_HR,1993,1715,0.063,0.007,0.007,0.014,59883,0.063,0.17500000000000002,0.23800000000000002
MERCEDES,CLASSE_S,S_400,GAZOLE,2925,1985,0.036,0.023,0.034,0.057,114725,0.036,0.575,0.611
OPEL,CROSSLAND,CROSSLAND_X,GAZOLE,1499,1275,0.055,0.002999999999999999,0.025,0.028,30538,0.055,0.07499999999999998,0.12999999999999998
FORD,TOURNEO,TOURNEO_CONNECT,GAZOLE,1499,1671,0.045,0.005,0.03,0.034,28093,0.045,0.125,0.16999999999999998
HYUNDAI,KONA,KONA,ESS+ELEC_HNR,998,1265,0.223,0.025,0.022,,26450,0.223,0.625,0.848
VOLVO,V60,V60,ELEC+ESSENC_HR,1969,2000,0.673,0.005,0.01,,69600,0.673,0.125,0.798
FORD,KUGA,KUGA,ESS+ELEC_HNR,2488,1626,0.205,0.011,0.01,,43590,0.205,0.27499999999999997,0.48
VOLKSWAGEN,PASSAT,PASSAT,ELEC+ESSENC_HR,1395,1678,0.161,0.016,0.012,,54595,0.161,0.4,0.561
MINI,MINI,COUNTRYMAN,GAZOLE,1496,1465,0.027,0.031000000000000003,0.018,0.049,38080,0.027,0.7750000000000001,0.8020000000000002
MERCEDES,VITO_TOURER,VITO,GAZOLE,1950,1932,0.116,0.015,0.022,0.037,51378,0.116,0.375,0.491
PORSCHE,911_CARRERA_GTS,911,ESSENCE,2981,1545,0.166,0.011,0.011,,149486,0.166,0.27499999999999997,0.44099999999999995
DACIA,DUSTER,DUSTER,GAZOLE,1461,1417,0.143,0.062000000000000006,0.023,0.085,22783,0.143,1.5500000000000003,1.6930000000000003
ALPINE,A110,A110,ESSENCE,1798,1109,0.204,0.011,0.012,,76250,0.204,0.27499999999999997,0.479
ALFA_ROMEO,STELVIO,STELVIO,GAZOLE,2143,1680,0.044,0.0049999999999999975,0.035,0.04,56350,0.044,0.12499999999999994,0.16899999999999993
MINI,MINI,MINI,ESSENCE,1998,1280,0.188,0.016,0.009,,37750,0.188,0.4,0.5880000000000001
LAND_ROVER,RANGE_ROVER_VELAR,RANGE_ROVER_VELAR,ELEC+GAZOLE_HR,1998,1974,0.102,0.018,0.024,0.042,72278,0.102,0.44999999999999996,0.5519999999999999
PEUGEOT,208,208,ESSENCE,1199,1090,0.314,0.025,0.031,,26013,0.314,0.625,0.9390000000000001
CUPRA,FORMENTOR,FORMENTOR,ESSENCE,1498,1347,0.272,0.026,0.017,,36553,0.272,0.65,0.922
JEEP,COMPASS,COMPASS,ESSENCE,1332,1430,0.114,0.016,0.009,,37560,0.114,0.4,0.514
PEUGEOT,208,208,ESSENCE,1199,1090,0.509,0.022,0.014,,24256,0.509,0.5499999999999999,1.059
RENAULT,CAPTUR,CAPTUR,ESS+ELEC_HNR,1332,1298,0.45,0.013,0.027,,30200,0.45,0.325,0.775
MERCEDES,CLASSE_V,V_220,GAZOLE,1950,2067,0.019,0.006999999999999999,0.019,0.026,75234,0.019,0.175,0.19399999999999998
B.M.W.,SERIE_1,118,ESSENCE,1499,1320,0.273,0.023,0.015,,37510,0.273,0.575,0.848
DACIA,DUSTER,DUSTER,ESSENCE,1332,1257,0.235,0.011,0.014,,20975,0.235,0.27499999999999997,0.51
PORSCHE,CAYENNE_GTS,CAYENNE,ESSENCE,3996,2145,0.195,0.018,0.018,,120377,0.195,0.44999999999999996,0.645
SEAT,ATECA,ATECA,GAZOLE,1968,1456,0.036,0.012,0.027,0.037,39076,0.036,0.3,0.33599999999999997
MERCEDES,CLASSE_V,V_300,GAZOLE,1950,2145,0.211,0.018,0.027,0.045,81025,0.211,0.44999999999999996,0.6609999999999999
MERCEDES,CLASSE_GLC,GLC_220,GAZOLE,1950,1770,0.036,0.008,0.034,0.042,69575,0.036,0.2,0.23600000000000002
VOLKSWAGEN,POLO,POLO,ESSENCE,999,1124,0.174,0.021,0.038,,25223,0.174,0.525,0.6990000000000001
SEAT,ATECA,ATECA,ESSENCE,1498,1361,0.126,0.014,0.01,,36991,0.126,0.35000000000000003,0.47600000000000003
B.M.W.,SERIE_2,220,ESSENCE,1998,1490,0.226,0.024,0.013,,45650,0.226,0.6,0.826
NISSAN,TOWNSTAR,TOWNSTAR,ESSENCE,1332,1475,0.291,0.012,0.011,,31180,0.291,0.3,0.591
FIAT,500X,500X,GAZOLE,1598,1430,0.037,0.013999999999999999,0.077,0.091,33404,0.037,0.35,0.38699999999999996
VOLKSWAGEN,T_ROC,T_ROC,ESSENCE,1498,1283,0.124,0.013,0.008,,36985,0.124,0.325,0.449
SKODA,SUPERB,SUPERB,ELEC+ESSENC_HR,1395,1720,0.178,0.013,0.012,,51230,0.178,0.325,0.503
MERCEDES,VITO_TOURER,VITO,GAZOLE,1950,2025,0.027,0.006999999999999999,0.017,0.024,46239,0.027,0.175,0.20199999999999999
VOLKSWAGEN,TIGUAN,TIGUAN,GAZOLE,1968,1556,0.026,0.009000000000000001,0.03,0.039,48739,0.026,0.22500000000000003,0.25100000000000006
VOLVO,S60,S60,ELEC+ESSENC_HR,1969,1985,0.677,0.006,0.008,,77600,0.677,0.15,0.8270000000000001
LAND_ROVER,RANGE_ROVER,RANGE_ROVER,ESSENCE,4395,2510,0.19,0.013,0.038,,180325,0.19,0.325,0.515
SKODA,KAROQ,KAROQ,ESSENCE,1498,1342,0.172,0.022,0.025,,37898,0.172,0.5499999999999999,0.722
RENAULT,MEGANE,MEGANE,GAZOLE,1461,1400,0.151,0.046,0.026,0.072,34775,0.151,1.15,1.301
MINI,MINI,COUNTRYMAN,ESSENCE,1998,1480,0.135,0.018,0.014,,42588,0.135,0.44999999999999996,0.585
B.M.W.,SERIE_5,520,ESS+ELEC_HNR,1998,1715,0.111,0.012,0.022,,60063,0.111,0.3,0.411
B.M.W.,SERIE_4,420,ELEC+GAZOLE_HR,1995,1760,0.087,0.026,0.019,0.045,58783,0.087,0.65,0.737
B.M.W.,SERIE_X,X1,ESS+ELEC_HNR,1998,1655,0.206,0.016,0.01,,46050,0.206,0.4,0.606
PEUGEOT,RIFTER,RIFTER,GAZOLE,1499,1538,0.053,0.003999999999999997,0.049,0.053,31575,0.053,0.09999999999999992,0.1529999999999999
RENAULT,AUSTRAL,AUSTRAL,ESS+ELEC_HNR,1199,1421,0.439,0.024,0.018,,34650,0.439,0.6,1.039
MINI,MINI,COUNTRYMAN,ESSENCE,1499,1420,0.085,0.013,0.007,,35080,0.085,0.325,0.41000000000000003
B.M.W.,SERIE_1,118,ESSENCE,1499,1320,0.273,0.023,0.015,,37510,0.273,0.575,0.848
VOLVO,XC40,XC40,ELEC+ESSENC_HR,1477,1737,0.081,0.006,0.011,,45950,0.081,0.15,0.23099999999999998
VOLKSWAGEN,TIGUAN,TIGUAN,GAZOLE,1968,1556,0.026,0.009000000000000001,0.03,0.039,48739,0.026,0.22500000000000003,0.25100000000000006
B.M.W.,SERIE_X,X2,ESSENCE,1499,1430,0.312,0.031,0.016,,42517,0.312,0.775,1.087
RENAULT,KANGOO,KANGOO,ESSENCE,1332,1475,0.291,0.012,0.011,,28900,0.291,0.3,0.591
B.M.W.,SERIE_1,118,ESSENCE,1499,1320,0.273,0.023,0.015,,37510,0.273,0.575,0.848
B.M.W.,SERIE_4,420,ELEC+GAZOLE_HR,1995,1760,0.087,0.026,0.019,0.045,58783,0.087,0.65,0.737
FORD,TOURNEO,TOURNEO_CONNECT,GAZOLE,1499,1653,0.04,0.005,0.022,0.027,29793,0.04,0.125,0.165
DS,DS_7_CROSSBACK,7_CROSSBACK,ELEC+ESSENC_HR,1598,1760,0.46,0.015,0.016,,57560,0.46,0.375,0.835
RENAULT,TRAFIC,TRAFIC,GAZOLE,1997,1963,0.04,0.006999999999999999,0.038,0.045,42550,0.04,0.175,0.215
VOLVO,XC60,XC60,ELEC+ESSENC_HR,1969,2075,0.243,0.008,0.008,,85355,0.243,0.2,0.443
KIA,STONIC,STONIC,ESSENCE,998,1120,0.321,0.022,0.018,,23390,0.321,0.5499999999999999,0.871
B.M.W.,SERIE_3,320,ELEC+ESSENC_HR,1998,1825,0.291,0.011,0.01,,56383,0.291,0.27499999999999997,0.566
SKODA,KODIAQ,KODIAQ,GAZOLE,1968,1633,0.026,0.009000000000000001,0.03,0.039,33820,0.026,0.22500000000000003,0.25100000000000006
OPEL,CROSSLAND,CROSSLAND_X,ESSENCE,1199,1205,0.296,0.019,0.035,,29750,0.296,0.475,0.7709999999999999
SKODA,KODIAQ,KODIAQ,GAZOLE,1968,1757,0.023,0.006999999999999999,0.037,0.044,33820,0.023,0.175,0.19799999999999998
FORD,TOURNEO_CUSTOM,TOURNEO_CUSTOM,ELEC+GAZOLE_HR,1995,2282,0.096,0.009,0.047,0.057,46530,0.096,0.22499999999999998,0.32099999999999995
VOLVO,XC90,XC90,ELEC+ESSENC_HR,1969,2252,0.706,0.006,0.009,,89750,0.706,0.15,0.856
MAZDA,MAZDA_CX_5,CX_5,GAZOLE,2191,1711,0.065,0.017,0.068,0.085,42950,0.065,0.42500000000000004,0.49000000000000005
OPEL,COMBO_LIFE,COMBO,ESSENCE,1199,1525,0.588,0.024,0.035,,28015,0.588,0.6,1.188
B.M.W.,SERIE_1,118,ESSENCE,1499,1290,0.291,0.024,0.018,,35210,0.291,0.6,0.891
B.M.W.,SERIE_X,X2,GAZOLE,1496,1495,0.038,0.024999999999999998,0.018,0.043,42917,0.038,0.625,0.663
CITROEN,C4,C4,ESSENCE,1199,1278,0.317,0.022,0.037,,31380,0.317,0.5499999999999999,0.867
B.M.W.,SERIE_1,118,GAZOLE,1995,1430,0.171,0.049,0.013,0.062,40410,0.171,1.225,1.3960000000000001
DS,DS_4,4,ESSENCE,1598,1420,0.519,0.021,0.034,,42233,0.519,0.525,1.044
PEUGEOT,5008,5008,ESSENCE,1598,1521,0.711,0.023,0.035,,46850,0.711,0.575,1.286
B.M.W.,SERIE_X,X2,GAZOLE,1995,1605,0.071,0.035,0.021,0.056,47717,0.071,0.8750000000000001,0.9460000000000001
B.M.W.,SERIE_X,X5,ELEC+GAZOLE_HR,2993,2190,0.141,0.018000000000000002,0.045,0.063,79017,0.141,0.45000000000000007,0.5910000000000001
B.M.W.,SERIE_1,120,ESSENCE,1998,1390,0.156,0.017,0.011,,41488,0.156,0.42500000000000004,0.5810000000000001
B.M.W.,SERIE_1,116,GAZOLE,1496,1385,0.037,0.02,0.019,0.039,37240,0.037,0.5,0.537
MINI,MINI,COUNTRYMAN,GAZOLE,1995,1510,0.177,0.045,0.015,0.06,42567,0.177,1.125,1.302
JEEP,COMPASS,COMPASS,GAZOLE,1598,1540,0.067,0.024000000000000007,0.044,0.068,38650,0.067,0.6000000000000002,0.6670000000000003
RENAULT,SCENIC,SCENIC,ESSENCE,1332,1528,0.261,0.011,0.018,,38700,0.261,0.27499999999999997,0.536
B.M.W.,SERIE_X,X2,ESSENCE,1998,1470,0.159,0.021,0.013,,46817,0.159,0.525,0.684
MINI,MINI,COUNTRYMAN,GAZOLE,1496,1440,0.097,0.025999999999999995,0.017,0.043,35880,0.097,0.6499999999999999,0.7469999999999999
VOLKSWAGEN,TIGUAN,TIGUAN,ESSENCE,1498,1466,0.234,0.024,0.024,,43962,0.234,0.6,0.834
VOLKSWAGEN,CADDY,CADDY,GAZOLE,1968,1646,0.023,0.020999999999999998,0.038,0.059,41913,0.023,0.5249999999999999,0.5479999999999999
MINI,MINI,MINI,ESSENCE,1499,1175,0.2,0.019,0.01,,33300,0.2,0.475,0.675
MERCEDES,CLASSE_A,A_180,ESSENCE,1332,1290,0.101,0.027,0.031,,37475,0.101,0.675,0.776
VOLKSWAGEN,T_ROC,T_ROC,ESSENCE,1498,1471,0.126,0.014,0.01,,44278,0.126,0.35000000000000003,0.47600000000000003
VOLKSWAGEN,TIGUAN,TIGUAN,GAZOLE,1968,1556,0.026,0.009000000000000001,0.03,0.039,48739,0.026,0.22500000000000003,0.25100000000000006
FIAT,500_ABARTH,500,ESSENCE,1368,1090,0.576,0.024,0.018,,23990,0.576,0.6,1.176
MINI,MINI,COUNTRYMAN,ESSENCE,1499,1390,0.136,0.016,0.008,,32880,0.136,0.4,0.536
B.M.W.,SERIE_1,118,ESSENCE,1499,1320,0.273,0.023,0.015,,37510,0.273,0.575,0.848
RENAULT,ESPACE,ESPACE,GAZOLE,1997,1848,0.014,0.008,0.021,0.029,57550,0.014,0.2,0.21400000000000002
FORD,FIESTA,FIESTA,SUPERETHANOL,999,1114,0.393,0.036,0.01,,23090,0.393,0.8999999999999999,1.293
MINI,MINI,MINI,ESSENCE,1499,1180,0.084,0.012,0.006,,27150,0.084,0.3,0.384
DS,DS_7_CROSSBACK,7_CROSSBACK,ELEC+ESSENC_HR,1598,1760,0.46,0.015,0.016,,57560,0.46,0.375,0.835
B.M.W.,SERIE_X,X2,ESSENCE,1499,1430,0.312,0.031,0.016,,42517,0.312,0.775,1.087
HYUNDAI,I_30,I_30,ESS+ELEC_HNR,1482,1382,0.622,0.053,0.025,,34240,0.622,1.325,1.947
RENAULT,CAPTUR,CAPTUR,ESSENCE,999,1221,0.244,0.047,0.047,,24867,0.244,1.175,1.419
MERCEDES,CLASSE_E,E_200,ELEC+GAZOLE_HR,1993,1850,0.048,0.008,0.005,0.013,58600,0.048,0.2,0.248
CITROEN,C4,C4,GAZOLE,1499,1260,0.052,0.003999999999999997,0.056,0.06,29020,0.052,0.09999999999999992,0.1519999999999999
VOLKSWAGEN,CADDY,CADDY,GAZOLE,1968,1637,0.024,0.012000000000000004,0.051,0.063,40123,0.024,0.3000000000000001,0.3240000000000001
ALFA_ROMEO,STELVIO,STELVIO,GAZOLE,2143,1680,0.044,0.0049999999999999975,0.035,0.04,56350,0.044,0.12499999999999994,0.16899999999999993
HYUNDAI,TUCSON,TUCSON,ESS+ELEC_HNR,1598,1491,0.418,0.043,0.032,,40300,0.418,1.075,1.4929999999999999
CITROEN,C3,C3,ESSENCE,1199,1090,0.327,0.023,0.023,,24625,0.327,0.575,0.9019999999999999
MERCEDES,CLASSE_GLC,GLC_300,ELEC+GAZOLE_HR,1950,2060,0.031,0.0,0.04,0.04,77775,0.031,0.0,0.031
B.M.W.,SERIE_X,X6,ELEC+GAZOLE_HR,2993,2215,0.096,0.012999999999999998,0.025,0.038,89225,0.096,0.32499999999999996,0.42099999999999993
ALFA_ROMEO,STELVIO,STELVIO,GAZOLE,2143,1745,0.04,0.0040000000000000036,0.044,0.048,56350,0.04,0.10000000000000009,0.1400000000000001
B.M.W.,SERIE_4,420,ELEC+GAZOLE_HR,1995,1705,0.112,0.027999999999999997,0.017,0.045,56383,0.112,0.7,0.8119999999999999
MERCEDES,CLASSE_V,V_300,GAZOLE,1950,2170,0.211,0.018,0.027,0.045,81025,0.211,0.44999999999999996,0.6609999999999999
FORD,ECOSPORT,ECOSPORT,ESSENCE,998,1284,0.271,0.02,0.016,,25900,0.271,0.5,0.771
DACIA,LODGY,LODGY,GAZOLE,1461,1330,0.153,0.047,0.02,0.067,19450,0.153,1.175,1.328
MERCEDES,CLASSE_S,S_350,GAZOLE,2925,1945,0.044,0.023,0.033,0.056,114525,0.044,0.575,0.619
MINI,MINI,CLUBMAN,ESSENCE,1499,1360,0.089,0.014,0.009,,32475,0.089,0.35000000000000003,0.43900000000000006
VOLKSWAGEN,KOMBI,KOMBI,GAZOLE,1968,1919,0.015,0.013999999999999999,0.033,0.047,60740,0.015,0.35,0.365
B.M.W.,SERIE_X,X4,ELEC+GAZOLE_HR,2993,2020,0.122,0.013999999999999999,0.038,0.052,79750,0.122,0.35,0.472
SKODA,OCTAVIA,OCTAVIA,ESSENCE,1498,1281,0.21,0.023,0.016,,31545,0.21,0.575,0.7849999999999999
VOLKSWAGEN,GOLF,GOLF,GAZOLE,1968,1391,0.028,0.011000000000000003,0.031,0.042,45610,0.028,0.2750000000000001,0.3030000000000001
MERCEDES,CLASSE_C,C_220,ELEC+GAZOLE_HR,1993,1715,0.063,0.007,0.007,0.014,59883,0.063,0.17500000000000002,0.23800000000000002
MINI,MINI,MINI,ESSENCE,1499,1235,0.084,0.012,0.006,,28050,0.084,0.3,0.384
B.M.W.,SERIE_X,X3,ESS+ELEC_HNR,1998,1800,0.157,0.013,0.017,,54800,0.157,0.325,0.482
VOLKSWAGEN,POLO,POLO,ESSENCE,999,1134,0.22,0.027,0.037,,26043,0.22,0.675,0.895
CITROEN,C4,C4,ESSENCE,1199,1247,0.334,0.024,0.023,,28938,0.334,0.6,0.9339999999999999
RENAULT,MEGANE,MEGANE,ESSENCE,1332,1266,0.246,0.012,0.02,,32750,0.246,0.3,0.546
VOLKSWAGEN,TIGUAN,TIGUAN,ESSENCE,1498,1461,0.234,0.024,0.024,,47189,0.234,0.6,0.834
RENAULT,CAPTUR,CAPTUR,ESSENCE,999,1199,0.294,0.039,0.034,,24867,0.294,0.975,1.269
SKODA,KAMIQ,KAMIQ,ESSENCE,1498,1226,0.144,0.022,0.022,,31270,0.144,0.5499999999999999,0.694
MERCEDES,CLASSE_A,A_160,ESSENCE,1332,1275,0.108,0.022,0.023,,34225,0.108,0.5499999999999999,0.6579999999999999
ALFA_ROMEO,STELVIO,STELVIO,GAZOLE,2143,1745,0.04,0.0040000000000000036,0.044,0.048,56350,0.04,0.10000000000000009,0.1400000000000001
B.M.W.,SERIE_1,118,GAZOLE,1995,1405,0.185,0.052,0.023,0.075,38110,0.185,1.3,1.485
DACIA,JOGGER,JOGGER,ESSENCE,999,1205,0.234,0.024,0.023,,20150,0.234,0.6,0.834
RENAULT,TRAFIC,TRAFIC,GAZOLE,1997,1963,0.04,0.006999999999999999,0.038,0.045,42550,0.04,0.175,0.215
MERCEDES,CLASSE_C,C_200,ELEC+GAZOLE_HR,1993,1650,0.064,0.007,0.007,0.014,50934,0.064,0.17500000000000002,0.23900000000000002
PEUGEOT,408,408,ELEC+ESSENC_HR,1598,1706,0.169,0.01,0.004,,46250,0.169,0.25,0.41900000000000004
B.M.W.,SERIE_4,420,ESSENCE,1998,1620,0.255,0.022,0.014,,53833,0.255,0.5499999999999999,0.8049999999999999
MERCEDES,CLASSE_B,B_180,GAZOLE,1950,1430,0.03,0.0049999999999999975,0.025,0.03,38525,0.03,0.12499999999999994,0.15499999999999994
VOLKSWAGEN,T_ROC,T_ROC,GAZOLE,1968,1485,0.019,0.006999999999999999,0.035,0.042,44513,0.019,0.175,0.19399999999999998
MINI,MINI,CLUBMAN,ESSENCE,1499,1330,0.089,0.018,0.009,,30325,0.089,0.44999999999999996,0.5389999999999999
VOLKSWAGEN,GOLF,GOLF,GAZOLE,1968,1311,0.025,0.023,0.036,0.059,38127,0.025,0.575,0.6
B.M.W.,SERIE_4,440,ELEC+GAZOLE_HR,2993,1830,0.113,0.015,0.032,0.047,71750,0.113,0.375,0.488
CITROEN,BERLINGO,BERLINGO,GAZOLE,1499,1521,0.053,0.003999999999999997,0.049,0.053,29550,0.053,0.09999999999999992,0.1529999999999999
FORD,FIESTA,FIESTA,SUPERETHANOL,999,1114,0.393,0.036,0.01,,23090,0.393,0.8999999999999999,1.293
B.M.W.,SERIE_1,118,ESSENCE,1499,1320,0.273,0.023,0.015,,37510,0.273,0.575,0.848
SEAT,LEON_SP,LEON,ESS+ELEC_HNR,999,1312,0.103,0.019,0.035,,30258,0.103,0.475,0.578
VOLKSWAGEN,T_ROC,T_ROC,GAZOLE,1968,1380,0.036,0.009999999999999998,0.027,0.037,40975,0.036,0.24999999999999997,0.286
MINI,MINI,CLUBMAN,ESSENCE,1998,1500,0.156,0.017,0.012,,42029,0.156,0.42500000000000004,0.5810000000000001
NISSAN,QASHQAI,QASHQAI,ESS+ELEC_HNR,1332,1329,0.314,0.012,0.017,,34540,0.314,0.3,0.614
RENAULT,ESPACE,ESPACE,GAZOLE,1997,1848,0.019,0.006999999999999999,0.019,0.026,50900,0.019,0.175,0.19399999999999998
FORD,TRANSIT_CUSTOM,TRANSIT_CUSTOM,GAZOLE,1995,2045,0.077,0.008,0.021,0.027,51095,0.077,0.2,0.277
PEUGEOT,RIFTER,RIFTER,ESSENCE,1199,1540,0.588,0.024,0.035,,32125,0.588,0.6,1.188
JAGUAR,F_PACE,F_PACE,ELEC+GAZOLE_HR,1998,1916,0.102,0.018,0.024,0.042,72740,0.102,0.44999999999999996,0.5519999999999999
PEUGEOT,2008,2008,GAZOLE,1499,1205,0.058,0.005999999999999998,0.046,0.052,28979,0.058,0.14999999999999997,0.20799999999999996
FORD,FIESTA,FIESTA,SUPERETHANOL,999,1114,0.393,0.036,0.01,,23090,0.393,0.8999999999999999,1.293
VOLVO,XC40,XC40,ELEC+ESSENC_HR,1477,1737,0.11,0.006,0.008,,56400,0.11,0.15,0.26
MINI,MINI,MINI,ESSENCE,1499,1175,0.2,0.019,0.01,,31057,0.2,0.475,0.675
B.M.W.,SERIE_1,120,ESSENCE,1998,1390,0.156,0.017,0.011,,41488,0.156,0.42500000000000004,0.5810000000000001
DS,DS_7_CROSSBACK,7_CROSSBACK,ESSENCE,1598,1428,0.59,0.023,0.031,,49207,0.59,0.575,1.165
ALFA_ROMEO,TONALE,TONALE,ESS+ELEC_HNR,1469,1525,0.28,0.041,0.013,,37433,0.28,1.0250000000000001,1.3050000000000002
B.M.W.,SERIE_2,220,ESSENCE,1998,1430,0.156,0.017,0.011,,44133,0.156,0.42500000000000004,0.5810000000000001
B.M.W.,SERIE_X,X3,ELEC+GAZOLE_HR,2993,1935,0.131,0.017,0.043,0.06,65800,0.131,0.42500000000000004,0.556
B.M.W.,SERIE_X,X4,ESS+ELEC_HNR,1998,1815,0.183,0.013,0.014,,63850,0.183,0.325,0.508
MINI,MINI,COUNTRYMAN,ESSENCE,1499,1430,0.253,0.02,0.017,,40000,0.253,0.5,0.753
B.M.W.,SERIE_X,X2,ESSENCE,1499,1430,0.312,0.031,0.016,,42517,0.312,0.775,1.087
LAND_ROVER,DISCOVERY_SPORT,DISCOVERY_SPORT,ELEC+ESSENC_HR,1498,2154,0.302,0.02,0.012,,65271,0.302,0.5,0.802
FIAT,500,500,ESS+ELEC_HNR,999,989,0.281,0.031,0.048,,18500,0.281,0.775,1.056
RENAULT,TRAFIC,TRAFIC,GAZOLE,1997,2001,0.04,0.006999999999999999,0.038,0.045,42550,0.04,0.175,0.215
KIA,RIO,RIO,ESS+ELEC_HNR,998,1130,0.116,0.025,0.029,,22973,0.116,0.625,0.741
TOYOTA,YARIS_CROSS,YARIS_CROSS,ESS+ELEC_HNR,1490,1300,0.098,0.01,0.003,,32678,0.098,0.25,0.348
RENAULT,CLIO,CLIO,ESSENCE,1332,1115,0.247,0.01,0.012,,25075,0.247,0.25,0.497
SKODA,KAMIQ,KAMIQ,ESSENCE,1498,1195,0.183,0.024,0.015,,27790,0.183,0.6,0.7829999999999999
SUZUKI,VITARA,VITARA,ESS+ELEC_HNR,1373,1270,0.336,0.032,0.019,,28665,0.336,0.8,1.1360000000000001
OPEL,INSIGNIA_GRAND_SPORT,INSIGNIA,GAZOLE,1496,1524,0.051,0.016999999999999998,0.02,0.037,43113,0.051,0.42499999999999993,0.4759999999999999
SKODA,OCTAVIA,OCTAVIA,GAZOLE,1968,1412,0.026,0.008999999999999998,0.028,0.037,36598,0.026,0.22499999999999995,0.25099999999999995
RENAULT,TRAFIC,TRAFIC,GAZOLE,1997,2058,0.016,0.008,0.03,0.038,46500,0.016,0.2,0.21600000000000003
MERCEDES,CLASSE_GLE,GLE_350,ELEC+GAZOLE_HR,1950,2580,0.031,0.0040000000000000036,0.046,0.05,95650,0.031,0.10000000000000009,0.1310000000000001
MINI,MINI,CABRIO,ESSENCE,1998,1305,0.252,0.016,0.013,,37567,0.252,0.4,0.652
ALFA_ROMEO,GIULIA,GIULIA,ESSENCE,1995,1530,0.238,0.027,0.024,,66400,0.238,0.675,0.913
VOLKSWAGEN,TIGUAN,TIGUAN,ESSENCE,1498,1461,0.234,0.024,0.024,,45809,0.234,0.6,0.834
MERCEDES,CLASSE_C,C_220,GAZOLE,1950,1630,0.043,0.007000000000000003,0.022,0.029,61100,0.043,0.17500000000000007,0.21800000000000008
PEUGEOT,508,508,ESSENCE,1199,1400,0.341,0.02,0.038,,42075,0.341,0.5,0.841
VOLVO,XC90,XC90,ELEC+GAZOLE_HR,1969,2095,0.254,0.027999999999999997,0.043,0.071,91530,0.254,0.7,0.954
SKODA,KODIAQ,KODIAQ,ESSENCE,1498,1524,0.243,0.025,0.02,,33820,0.243,0.625,0.868
VOLKSWAGEN,CADDY,CADDY,GAZOLE,1968,1656,0.024,0.012000000000000004,0.051,0.063,40123,0.024,0.3000000000000001,0.3240000000000001
RENAULT,CLIO,CLIO,ESS+G.P.L.,999,1161,0.285,0.037,0.024,,21750,0.285,0.9249999999999999,1.21
RENAULT,CLIO,CLIO,ESS+G.P.L.,999,1161,0.314,0.031,0.052,,21750,0.314,0.775,1.089
PEUGEOT,EXPERT_TRAVELLER,TRAVELLER,GAZOLE,1499,1659,0.072,0.0049999999999999975,0.05,0.055,34350,0.072,0.12499999999999994,0.19699999999999995
MERCEDES,CLASSE_GLE,GLE_300,ELEC+GAZOLE_HR,1993,2205,0.04,0.01,0.01,0.02,86350,0.04,0.25,0.29
MERCEDES,CLASSE_C,C_220,ELEC+GAZOLE_HR,1993,1800,0.056,0.005999999999999999,0.007,0.013,62283,0.056,0.15,0.206
PEUGEOT,508,508,ESSENCE,1199,1420,0.341,0.02,0.038,,43375,0.341,0.5,0.841
ALFA_ROMEO,GIULIA,GIULIA,GAZOLE,2143,1465,0.048,0.0029999999999999957,0.041,0.044,46350,0.048,0.0749999999999999,0.1229999999999999
FORD,FIESTA,FIESTA,ESS+ELEC_HNR,999,1136,0.309,0.034,0.014,,24190,0.309,0.8500000000000001,1.159
B.M.W.,SERIE_4,420,ELEC+GAZOLE_HR,1995,1760,0.087,0.026,0.019,0.045,58783,0.087,0.65,0.737
B.M.W.,SERIE_1,118,ESSENCE,1499,1320,0.273,0.023,0.015,,37510,0.273,0.575,0.848
MERCEDES,CLASSE_A,A_250,ELEC+ESSENC_HR,1332,1600,0.078,0.016,0.012,,47875,0.078,0.4,0.47800000000000004
VOLKSWAGEN,TIGUAN,TIGUAN,GAZOLE,1968,1556,0.026,0.009000000000000001,0.03,0.039,48739,0.026,0.22500000000000003,0.25100000000000006
PEUGEOT,308,308,ESSENCE,1199,1310,0.334,0.026,0.022,,30653,0.334,0.65,0.984
OPEL,COMBO_LIFE,COMBO,GAZOLE,1499,1430,0.052,0.0030000000000000027,0.051,0.054,25850,0.052,0.07500000000000007,0.12700000000000006
OPEL,INSIGNIA_SPORTS_TOURER,INSIGNIA,GAZOLE,1995,1540,0.049,0.013,0.014,0.027,44925,0.049,0.325,0.374
VOLKSWAGEN,TIGUAN,TIGUAN,ESSENCE,1498,1461,0.234,0.024,0.024,,45809,0.234,0.6,0.834
MINI,MINI,MINI,ESSENCE,1998,1205,0.252,0.016,0.013,,32871,0.252,0.4,0.652
MERCEDES,CLASSE_CLA,CLA_35_AMG,ESSENCE,1991,1540,0.287,0.018,0.016,,74875,0.287,0.44999999999999996,0.7369999999999999
CITROEN,JUMPY_SPACE_TOURER,SPACE_TOURER,GAZOLE,1997,1660,0.028,0.004,0.023,0.027,35250,0.028,0.1,0.128
MERCEDES,CLASSE_C,C_200,ELEC+GAZOLE_HR,1993,1650,0.064,0.007,0.007,0.014,50934,0.064,0.17500000000000002,0.23900000000000002
PEUGEOT,308,308,GAZOLE,1499,1382,0.08,0.003999999999999997,0.056,0.06,33033,0.08,0.09999999999999992,0.17999999999999994
FORD,GT,GT,ESSENCE,3496,1523,0.428,0.025,0.025,,405397,0.428,0.625,1.053
DS,DS_4,4,ESSENCE,1598,1419,0.433,0.026,0.037,,46700,0.433,0.65,1.083
B.M.W.,SERIE_8,840,ELEC+GAZOLE_HR,2993,2025,0.108,0.023,0.034,0.057,119100,0.108,0.575,0.6829999999999999
MERCEDES,CLASSE_GLE,GLE_350,ELEC+ESSENC_HR,1991,2530,0.207,0.021,0.015,,106050,0.207,0.525,0.732
JEEP,COMPASS,COMPASS,GAZOLE,1598,1540,0.067,0.024000000000000007,0.044,0.068,38650,0.067,0.6000000000000002,0.6670000000000003
KIA,RIO,RIO,ESSENCE,998,1100,0.11,0.018,0.03,,19465,0.11,0.44999999999999996,0.5599999999999999
SKODA,FABIA,FABIA,ESSENCE,999,1119,0.191,0.025,0.037,,23997,0.191,0.625,0.8160000000000001
SKODA,KODIAQ,KODIAQ,GAZOLE,1968,1823,0.023,0.006999999999999999,0.037,0.044,33820,0.023,0.175,0.19799999999999998
B.M.W.,SERIE_2,218,ESSENCE,1499,1470,0.204,0.007,0.009,,36688,0.204,0.17500000000000002,0.379
B.M.W.,SERIE_8,850,ESSENCE,4395,1930,0.184,0.017,0.015,,131600,0.184,0.42500000000000004,0.609
B.M.W.,SERIE_X,X2,ESSENCE,1499,1430,0.312,0.031,0.016,,42517,0.312,0.775,1.087
RENAULT,CLIO,CLIO,GAZOLE,1461,1173,0.134,0.038000000000000006,0.031,0.069,23000,0.134,0.9500000000000002,1.084
NISSAN,QASHQAI,QASHQAI,ESS+ELEC_HNR,1332,1329,0.314,0.012,0.017,,34540,0.314,0.3,0.614
B.M.W.,SERIE_1,116,ESSENCE,1499,1320,0.179,0.019,0.011,,33960,0.179,0.475,0.6539999999999999
MINI,MINI,CABRIO,ESSENCE,1499,1285,0.2,0.019,0.01,,36900,0.2,0.475,0.675
B.M.W.,SERIE_X,X4,ELEC+GAZOLE_HR,2993,1935,0.131,0.017,0.043,0.06,68850,0.131,0.42500000000000004,0.556
VOLKSWAGEN,GOLF,GOLF,ESS+ELEC_HNR,1498,1290,0.135,0.021,0.019,,32478,0.135,0.525,0.66
MERCEDES,CLASSE_GLC,GLC_220,GAZOLE,1950,1770,0.036,0.008,0.034,0.042,69575,0.036,0.2,0.23600000000000002
SKODA,FABIA,FABIA,ESSENCE,1498,1169,0.172,0.021,0.019,,26420,0.172,0.525,0.6970000000000001
PORSCHE,CAYENNE_TURBO_S_E_HYBRID,CAYENNE,ELEC+ESSENC_HR,3996,2535,0.275,0.019,0.006,,189670,0.275,0.475,0.75
RENAULT,KANGOO,KANGOO,GAZOLE,1461,1594,0.149,0.054,0.03,0.084,31900,0.149,1.35,1.499
MINI,MINI,CLUBMAN,ESSENCE,1499,1360,0.227,0.023,0.014,,38000,0.227,0.575,0.8019999999999999
B.M.W.,SERIE_X,X3,ELEC+GAZOLE_HR,1995,1810,0.159,0.038,0.023,0.061,55100,0.159,0.95,1.109
MERCEDES,CLASSE_A,A_180,ESSENCE,1332,1275,0.111,0.023,0.027,,35225,0.111,0.575,0.6859999999999999
LEXUS,RX450H,RX,ESS+ELEC_HNR,3456,2100,0.109,0.013,0.007,,79890,0.109,0.325,0.434
PORSCHE,CAYENNE_E_HYBRID,CAYENNE,ELEC+ESSENC_HR,2995,2360,0.389,0.021,0.021,,105929,0.389,0.525,0.914
FIAT,500,500,ESSENCE,1368,1045,0.829,0.039,0.02,,21290,0.829,0.975,1.8039999999999998
FIAT,500X,500X,ESSENCE,999,1320,0.423,0.023,0.016,,24990,0.423,0.575,0.998
MINI,MINI,MINI,ESSENCE,1499,1150,0.288,0.018,0.012,,28857,0.288,0.44999999999999996,0.738
FORD,PUMA,PUMA,ESS+ELEC_HNR,999,1259,0.377,0.042,0.023,,30214,0.377,1.05,1.427
JEEP,RENEGADE,RENEGADE,GAZOLE,1598,1430,0.05,0.022000000000000006,0.059,0.081,32400,0.05,0.5500000000000002,0.6000000000000002
RENAULT,CAPTUR,CAPTUR,ESS+ELEC_HNR,1598,1363,0.31,0.019,0.004,,31408,0.31,0.475,0.7849999999999999
RENAULT,MEGANE,MEGANE,GAZOLE,1461,1432,0.029,0.006000000000000002,0.011,0.017,34775,0.029,0.15000000000000005,0.17900000000000005
B.M.W.,SERIE_1,120,ESSENCE,1998,1390,0.156,0.017,0.011,,41488,0.156,0.42500000000000004,0.5810000000000001
ALFA_ROMEO,STELVIO,STELVIO,GAZOLE,2143,1745,0.04,0.0040000000000000036,0.044,0.048,64717,0.04,0.10000000000000009,0.1400000000000001
LEXUS,NX450H+,NX,ELEC+ESSENC_HR,2487,1990,0.127,0.013,0.006,,67824,0.127,0.325,0.452
MINI,MINI,COUNTRYMAN,ESSENCE,1998,1605,0.314,0.012,0.012,,53300,0.314,0.3,0.614
B.M.W.,SERIE_2,218,GAZOLE,1995,1545,0.05,0.005999999999999998,0.041,0.047,38888,0.05,0.14999999999999997,0.19999999999999996
B.M.W.,SERIE_2,218,ESSENCE,1499,1375,0.273,0.023,0.015,,40663,0.273,0.575,0.848
MAZDA,MAZDA_CX_30,CX_30,ESS+ELEC_HNR,1998,1378,0.24,0.021,0.009,,30730,0.24,0.525,0.765
VOLVO,XC60,XC60,ELEC+ESSENC_HR,1969,2094,0.645,0.006,0.006,,76310,0.645,0.15,0.795
B.M.W.,SERIE_X,X5,ELEC+GAZOLE_HR,2993,2285,0.096,0.012999999999999998,0.025,0.038,84217,0.096,0.32499999999999996,0.42099999999999993
B.M.W.,SERIE_1,118,ESSENCE,1499,1320,0.273,0.023,0.015,,37510,0.273,0.575,0.848
B.M.W.,SERIE_4,430,ELEC+GAZOLE_HR,2993,1845,0.124,0.012999999999999998,0.042,0.055,62950,0.124,0.32499999999999996,0.44899999999999995
MINI,MINI,CABRIO,ESSENCE,1499,1285,0.2,0.019,0.01,,36567,0.2,0.475,0.675
SKODA,KAROQ,KAROQ,GAZOLE,1968,1409,0.025,0.023,0.036,0.059,39098,0.025,0.575,0.6
B.M.W.,M4,M4,ESSENCE,2993,1775,0.177,0.008,0.018,,104550,0.177,0.2,0.377
MERCEDES,CLASSE_E,E_200,ELEC+GAZOLE_HR,1993,1850,0.054,0.006999999999999999,0.006,0.013,58600,0.054,0.175,0.22899999999999998
B.M.W.,SERIE_1,116,ESSENCE,1499,1340,0.072,0.014,0.008,,36260,0.072,0.35000000000000003,0.42200000000000004
MINI,MINI,MINI,ESSENCE,1499,1175,0.2,0.019,0.01,,32367,0.2,0.475,0.675
PEUGEOT,508,508,ESSENCE,1199,1400,0.341,0.02,0.038,,42075,0.341,0.5,0.841
PEUGEOT,EXPERT_TRAVELLER,TRAVELLER,GAZOLE,1499,1640,0.072,0.0049999999999999975,0.05,0.055,32350,0.072,0.12499999999999994,0.19699999999999995
B.M.W.,SERIE_2,216,GAZOLE,1496,1430,0.037,0.02,0.019,0.039,41313,0.037,0.5,0.537
ALPINE,A110,A110,ESSENCE,1798,1107,0.216,0.011,0.018,,76500,0.216,0.27499999999999997,0.491
B.M.W.,SERIE_2,220,ESS+ELEC_HNR,1499,1520,0.181,0.009,0.015,,38638,0.181,0.22499999999999998,0.40599999999999997
SKODA,SUPERB,SUPERB,GAZOLE,1968,1573,0.025,0.008,0.032,0.04,47108,0.025,0.2,0.225
MERCEDES,CLASSE_C,C_220,ELEC+GAZOLE_HR,1993,1800,0.056,0.005999999999999999,0.007,0.013,62283,0.056,0.15,0.206
B.M.W.,SERIE_3,320,ELEC+GAZOLE_HR,1995,1725,0.049,0.024999999999999998,0.018,0.043,56088,0.049,0.625,0.674
NISSAN,QASHQAI,QASHQAI,ESS+ELEC_HNR,1497,1610,0.187,0.013,0.004,,41320,0.187,0.325,0.512
ALPINE,A110,A110,ESSENCE,1798,1102,0.229,0.011,0.011,,60500,0.229,0.27499999999999997,0.504
CITROEN,BERLINGO,BERLINGO,GAZOLE,1499,1517,0.053,0.003999999999999997,0.049,0.053,29840,0.053,0.09999999999999992,0.1529999999999999
RENAULT,MEGANE,MEGANE,GAZOLE,1461,1346,0.067,0.009000000000000001,0.012,0.021,32275,0.067,0.22500000000000003,0.29200000000000004
PEUGEOT,208,208,ESSENCE,1199,1090,0.509,0.022,0.014,,24256,0.509,0.5499999999999999,1.059
B.M.W.,SERIE_4,420,ELEC+GAZOLE_HR,1995,1705,0.112,0.027999999999999997,0.017,0.045,56383,0.112,0.7,0.8119999999999999
SKODA,KAMIQ,KAMIQ,ESSENCE,999,1185,0.153,0.023,0.043,,29620,0.153,0.575,0.728
VOLKSWAGEN,PASSAT,PASSAT,GAZOLE,1968,1598,0.021,0.011000000000000003,0.038,0.049,58617,0.021,0.2750000000000001,0.2960000000000001
MINI,MINI,COUNTRYMAN,ESSENCE,1499,1430,0.253,0.02,0.017,,40000,0.253,0.5,0.753
VOLKSWAGEN,CADDY,CADDY,ESSENCE,1498,1467,0.245,0.029,0.031,,31090,0.245,0.7250000000000001,0.9700000000000001
KIA,XCEED,XCEED,ELEC+GAZOLE_HR,1598,1397,0.112,0.037,0.01,0.047,36715,0.112,0.9249999999999999,1.037
MERCEDES,CLASSE_V,V_250,GAZOLE,1950,2092,0.116,0.015,0.022,0.037,74793,0.116,0.375,0.491
SKODA,FABIA,FABIA,ESSENCE,1498,1149,0.172,0.021,0.019,,26420,0.172,0.525,0.6970000000000001
MINI,MINI,COUNTRYMAN,ESSENCE,1998,1465,0.17,0.022,0.017,,40388,0.17,0.5499999999999999,0.72
B.M.W.,SERIE_X,X5,ELEC+GAZOLE_HR,2993,2200,0.096,0.012999999999999998,0.025,0.038,84217,0.096,0.32499999999999996,0.42099999999999993
RENAULT,CLIO,CLIO,ESS+ELEC_HNR,1598,1243,0.416,0.023,0.005,,25133,0.416,0.575,0.9909999999999999
B.M.W.,SERIE_1,118,GAZOLE,1995,1405,0.185,0.052,0.023,0.075,38110,0.185,1.3,1.485
MERCEDES,CLASSE_C,C_220,ELEC+GAZOLE_HR,1993,1715,0.063,0.007,0.007,0.014,59883,0.063,0.17500000000000002,0.23800000000000002
VOLKSWAGEN,CADDY,CADDY,ESSENCE,1498,1497,0.212,0.028,0.029,,36003,0.212,0.7000000000000001,0.912
VOLVO,XC40,XC40,ELEC+ESSENC_HR,1477,1737,0.11,0.006,0.008,,54900,0.11,0.15,0.26
KIA,STONIC,STONIC,ESS+ELEC_HNR,998,1185,0.089,0.024,0.018,,26470,0.089,0.6,0.689
B.M.W.,SERIE_X,X5,ELEC+GAZOLE_HR,2993,2190,0.141,0.018000000000000002,0.045,0.063,77717,0.141,0.45000000000000007,0.5910000000000001
VOLKSWAGEN,TIGUAN,TIGUAN,GAZOLE,1968,1556,0.026,0.009000000000000001,0.03,0.039,48739,0.026,0.22500000000000003,0.25100000000000006
MINI,MINI,CABRIO,ESSENCE,1998,1375,0.234,0.016,0.008,,44900,0.234,0.4,0.634
B.M.W.,SERIE_1,118,ESSENCE,1499,1320,0.273,0.023,0.015,,37510,0.273,0.575,0.848
KIA,SPORTAGE,SPORTAGE,ESS+ELEC_HNR,1598,1486,0.193,0.023,0.027,,34078,0.193,0.575,0.768
B.M.W.,SERIE_X,X2,ESSENCE,1998,1615,0.12,0.009,0.019,,58700,0.12,0.22499999999999998,0.345
TOYOTA,AYGO,AYGO,ESSENCE,998,855,0.155,0.026,0.022,,15450,0.155,0.65,0.805
B.M.W.,SERIE_1,118,ESSENCE,1499,1290,0.291,0.024,0.018,,35210,0.291,0.6,0.891
PEUGEOT,5008,5008,ESSENCE,1598,1521,0.711,0.023,0.035,,46850,0.711,0.575,1.286
MINI,MINI,MINI,ESSENCE,1499,1210,0.14,0.013,0.007,,23450,0.14,0.325,0.465
VOLKSWAGEN,TIGUAN,TIGUAN,GAZOLE,1968,1630,0.019,0.009000000000000001,0.033,0.042,57595,0.019,0.22500000000000003,0.24400000000000002
CITROEN,JUMPY_SPACE_TOURER,SPACE_TOURER,GAZOLE,1499,1659,0.072,0.0049999999999999975,0.05,0.055,33350,0.072,0.12499999999999994,0.19699999999999995
MERCEDES,CLASSE_GLE,GLE_350,ELEC+ESSENC_HR,1991,2530,0.382,0.025,0.015,,106050,0.382,0.625,1.0070000000000001
MERCEDES,CLASSE_E,E_200,ELEC+GAZOLE_HR,1993,1850,0.048,0.008,0.005,0.013,58600,0.048,0.2,0.248
MINI,MINI,COUNTRYMAN,ESSENCE,1499,1430,0.253,0.02,0.017,,40000,0.253,0.5,0.753
MERCEDES,CLASSE_C,C_200,ELEC+GAZOLE_HR,1993,1705,0.064,0.007,0.007,0.014,55683,0.064,0.17500000000000002,0.23900000000000002
B.M.W.,SERIE_X,X4,ELEC+GAZOLE_HR,1995,1840,0.165,0.044000000000000004,0.025,0.069,62150,0.165,1.1,1.2650000000000001
FIAT,500C,500,ESS+ELEC_HNR,999,993,0.3,0.028,0.022,,19150,0.3,0.7000000000000001,1.0
SUZUKI,SX4,SX4,ESS+ELEC_HNR,1373,1310,0.336,0.032,0.019,,34190,0.336,0.8,1.1360000000000001
RENAULT,MEGANE,MEGANE,GAZOLE,1461,1346,0.067,0.009000000000000001,0.012,0.021,32275,0.067,0.22500000000000003,0.29200000000000004
FORD,TOURNEO,TOURNEO_CONNECT,GAZOLE,1499,1589,0.045,0.005,0.03,0.034,26495,0.045,0.125,0.16999999999999998
RENAULT,CLIO,CLIO,GAZOLE,1461,1173,0.134,0.038000000000000006,0.031,0.069,23000,0.134,0.9500000000000002,1.084
RENAULT,SCENIC,SCENIC,ESSENCE,1332,1490,0.247,0.009,0.019,,38067,0.247,0.22499999999999998,0.472
B.M.W.,SERIE_1,118,ESSENCE,1499,1320,0.273,0.023,0.015,,37510,0.273,0.575,0.848
PEUGEOT,EXPERT_TRAVELLER,TRAVELLER,GAZOLE,1997,1718,0.028,0.004,0.023,0.027,38875,0.028,0.1,0.128
SKODA,KAMIQ,KAMIQ,ESSENCE,999,1152,0.23,0.026,0.034,,24607,0.23,0.65,0.88
B.M.W.,SERIE_X,X5,ELEC+ESSENC_HR,2998,2435,0.148,0.016,0.009,,91300,0.148,0.4,0.548
VOLKSWAGEN,T_ROC,T_ROC,ESSENCE,1498,1471,0.126,0.014,0.01,,44278,0.126,0.35000000000000003,0.47600000000000003
CITROEN,JUMPY_SPACE_TOURER,SPACE_TOURER,GAZOLE,1499,1659,0.072,0.0049999999999999975,0.05,0.055,34350,0.072,0.12499999999999994,0.19699999999999995
ALPINE,A110,A110,ESSENCE,1798,1109,0.204,0.011,0.012,,76250,0.204,0.27499999999999997,0.479
VOLKSWAGEN,GOLF,GOLF,GAZOLE,1968,1383,0.025,0.008,0.034,0.042,35558,0.025,0.2,0.225
PEUGEOT,508,508,ELEC+ESSENC_HR,1598,1850,0.2,0.012,0.01,,68550,0.2,0.3,0.5
VOLKSWAGEN,GOLF,GOLF,GAZOLE,1968,1390,0.028,0.011000000000000003,0.031,0.042,45610,0.028,0.2750000000000001,0.3030000000000001
B.M.W.,SERIE_3,318,ELEC+GAZOLE_HR,1995,1660,0.048,0.023,0.016,0.039,50450,0.048,0.575,0.623
JAGUAR,XE,XE,ELEC+GAZOLE_HR,1998,1679,0.071,0.015,0.017,0.031,57673,0.071,0.375,0.446
VOLKSWAGEN,T_ROC,T_ROC,ESSENCE,999,1226,0.216,0.022,0.027,,29433,0.216,0.5499999999999999,0.7659999999999999
MINI,MINI,CABRIO,ESSENCE,1998,1325,0.188,0.016,0.009,,41233,0.188,0.4,0.5880000000000001
B.M.W.,SERIE_4,420,ELEC+GAZOLE_HR,1995,1670,0.087,0.027999999999999997,0.017,0.045,58050,0.087,0.7,0.7869999999999999
MINI,MINI,COUNTRYMAN,GAZOLE,1995,1535,0.167,0.046,0.015,0.061,43000,0.167,1.15,1.317
TOYOTA,COROLLA,COROLLA,ESS+ELEC_HNR,1987,1340,0.188,0.022,0.004,,35530,0.188,0.5499999999999999,0.738
VOLKSWAGEN,TIGUAN,TIGUAN,GAZOLE,1968,1556,0.026,0.009000000000000001,0.03,0.039,48739,0.026,0.22500000000000003,0.25100000000000006
B.M.W.,SERIE_2,218,GAZOLE,1995,1545,0.043,0.005999999999999998,0.025,0.031,38888,0.043,0.14999999999999997,0.19299999999999995
MERCEDES,AMG_GT,AMG_GT_53,ESS+ELEC_HNR,2999,1970,0.239,0.019,0.02,,123500,0.239,0.475,0.714
MERCEDES,CLASSE_C,C_200,ELEC+GAZOLE_HR,1993,1705,0.064,0.007,0.007,0.014,55683,0.064,0.17500000000000002,0.23900000000000002
B.M.W.,SERIE_X,X3,ELEC+GAZOLE_HR,1995,1810,0.159,0.038,0.023,0.061,55100,0.159,0.95,1.109
B.M.W.,SERIE_X,X4,ELEC+GAZOLE_HR,2993,1935,0.131,0.017,0.043,0.06,68850,0.131,0.42500000000000004,0.556
MERCEDES,CLASSE_S,S_580,ELEC+ESSENC_HR,2999,2305,0.247,0.013,0.004,,82525,0.247,0.325,0.5720000000000001
VOLKSWAGEN,GOLF,GOLF,ESS+ELEC_HNR,1498,1290,0.135,0.021,0.019,,32478,0.135,0.525,0.66
B.M.W.,SERIE_2,218,ESSENCE,1499,1375,0.273,0.023,0.015,,40663,0.273,0.575,0.848
MERCEDES,CLASSE_GLE,GLE_300,ELEC+GAZOLE_HR,1993,2205,0.059,0.011999999999999999,0.01,0.022,79100,0.059,0.3,0.359
MINI,MINI,MINI,ESSENCE,1499,1200,0.288,0.018,0.012,,29757,0.288,0.44999999999999996,0.738
RENAULT,KOLEOS,KOLEOS,GAZOLE,1997,1773,0.08,0.024000000000000007,0.043,0.067,52300,0.08,0.6000000000000002,0.6800000000000002
VOLVO,XC60,XC60,ELEC+GAZOLE_HR,1969,1837,0.246,0.027999999999999997,0.031,0.059,63730,0.246,0.7,0.946
B.M.W.,SERIE_2,220,ESSENCE,1998,1430,0.156,0.017,0.011,,44133,0.156,0.42500000000000004,0.5810000000000001
B.M.W.,SERIE_1,118,ESSENCE,1499,1290,0.291,0.024,0.018,,35210,0.291,0.6,0.891
SKODA,KODIAQ,KODIAQ,GAZOLE,1968,1678,0.026,0.009000000000000001,0.03,0.039,33820,0.026,0.22500000000000003,0.25100000000000006
PEUGEOT,208,208,ESSENCE,1199,1090,0.314,0.025,0.031,,26013,0.314,0.625,0.9390000000000001
FORD,FIESTA,FIESTA,ESS+ELEC_HNR,999,1136,0.309,0.034,0.014,,24190,0.309,0.8500000000000001,1.159
FIAT,500,500,ESS+ELEC_HNR,999,999,0.281,0.031,0.048,,18540,0.281,0.775,1.056
SEAT,LEON,LEON,ESS+ELEC_HNR,999,1260,0.117,0.02,0.038,,29158,0.117,0.5,0.617
B.M.W.,SERIE_1,118,ESSENCE,1499,1320,0.273,0.023,0.015,,37510,0.273,0.575,0.848
VOLKSWAGEN,KOMBI,KOMBI,GAZOLE,1968,1895,0.015,0.011999999999999997,0.041,0.053,61920,0.015,0.29999999999999993,0.31499999999999995
CUPRA,FORMENTOR,FORMENTOR,ESSENCE,1498,1383,0.381,0.031,0.014,,38453,0.381,0.775,1.1560000000000001
MERCEDES,VITO_TOURER,VITO,GAZOLE,1950,1947,0.116,0.015,0.022,0.037,47096,0.116,0.375,0.491
RENAULT,MEGANE,MEGANE,GAZOLE,1461,1400,0.151,0.046,0.026,0.072,34775,0.151,1.15,1.301
MERCEDES,CLASSE_E,E_400,GAZOLE,2925,1845,0.033,0.018999999999999996,0.033,0.052,82425,0.033,0.4749999999999999,0.5079999999999999
B.M.W.,SERIE_X,X5,ELEC+ESSENC_HR,2998,2435,0.148,0.016,0.009,,91300,0.148,0.4,0.548
HYUNDAI,KONA,KONA,ESS+ELEC_HNR,998,1265,0.223,0.025,0.022,,26450,0.223,0.625,0.848
RENAULT,CAPTUR,CAPTUR,ESSENCE,999,1221,0.244,0.047,0.047,,24867,0.244,1.175,1.419
MINI,MINI,MINI,ESSENCE,1499,1210,0.14,0.013,0.007,,23450,0.14,0.325,0.465
B.M.W.,SERIE_2,218,GAZOLE,1995,1470,0.178,0.053000000000000005,0.013,0.066,43563,0.178,1.3250000000000002,1.5030000000000001
MERCEDES,CLASSE_V,V_220,GAZOLE,1950,2170,0.027,0.006999999999999999,0.017,0.024,67675,0.027,0.175,0.20199999999999999
VOLVO,XC90,XC90,ELEC+GAZOLE_HR,1969,2095,0.254,0.027999999999999997,0.043,0.071,91530,0.254,0.7,0.954
VOLKSWAGEN,POLO,POLO,ESSENCE,999,1124,0.174,0.021,0.038,,25223,0.174,0.525,0.6990000000000001
B.M.W.,SERIE_4,440,ESS+ELEC_HNR,2998,1890,0.059,0.013,0.01,,77150,0.059,0.325,0.384
RENAULT,CAPTUR,CAPTUR,ESS+ELEC_HNR,1332,1245,0.202,0.012,0.021,,28967,0.202,0.3,0.502
B.M.W.,SERIE_4,440,ELEC+GAZOLE_HR,2993,1830,0.113,0.015,0.032,0.047,71750,0.113,0.375,0.488
MERCEDES,CLASSE_V,V_300,GAZOLE,1950,2067,0.116,0.015,0.022,0.037,81025,0.116,0.375,0.491
B.M.W.,SERIE_4,420,ELEC+GAZOLE_HR,1995,1705,0.112,0.027999999999999997,0.017,0.045,56383,0.112,0.7,0.8119999999999999
RENAULT,CAPTUR,CAPTUR,ESS+ELEC_HNR,1598,1361,0.345,0.017,0.006,,31408,0.345,0.42500000000000004,0.77
LAND_ROVER,DISCOVERY_SPORT,DISCOVERY_SPORT,ELEC+GAZOLE_HR,1998,2019,0.121,0.016999999999999994,0.035,0.052,60241,0.121,0.4249999999999999,0.5459999999999998
DS,DS_4,4,ESSENCE,1598,1419,0.433,0.026,0.037,,46700,0.433,0.65,1.083
RENAULT,MEGANE,MEGANE,ESSENCE,1332,1308,0.246,0.012,0.02,,33750,0.246,0.3,0.546
MINI,MINI,COUNTRYMAN,GAZOLE,1995,1475,0.161,0.044,0.016,0.06,39238,0.161,1.0999999999999999,1.261
HONDA,CR_V,CR_V,ESS+ELEC_HNR,1993,1668,0.096,0.008,0.009,,49670,0.096,0.2,0.29600000000000004
PEUGEOT,EXPERT_TRAVELLER,TRAVELLER,GAZOLE,1499,1659,0.072,0.0049999999999999975,0.05,0.055,34350,0.072,0.12499999999999994,0.19699999999999995
RENAULT,MEGANE,MEGANE,ESSENCE,1332,1340,0.246,0.012,0.02,,33750,0.246,0.3,0.546
AUDI,Q2,Q2,ESSENCE,1498,1305,0.132,0.023,0.025,,38452,0.132,0.575,0.707
MINI,MINI,COUNTRYMAN,GAZOLE,1995,1475,0.161,0.044,0.016,0.06,39238,0.161,1.0999999999999999,1.261
KIA,NIRO,NIRO,ELEC+ESSENC_HR,1580,1519,0.037,0.008,0.006,,42050,0.037,0.2,0.23700000000000002
B.M.W.,SERIE_1,116,GAZOLE,1496,1385,0.037,0.02,0.019,0.039,38560,0.037,0.5,0.537
RENAULT,ESPACE,ESPACE,GAZOLE,1997,1848,0.062,0.024,0.036,0.06,57550,0.062,0.6,0.6619999999999999
DS,DS_7_CROSSBACK,7_CROSSBACK,ELEC+ESSENC_HR,1598,1825,0.588,0.018,0.024,,64775,0.588,0.44999999999999996,1.0379999999999998
FIAT,500X,500X,ESSENCE,1332,1320,0.291,0.033,0.012,,31413,0.291,0.8250000000000001,1.116
VOLVO,XC60,XC60,ELEC+GAZOLE_HR,1969,1892,0.241,0.026000000000000002,0.042,0.068,76530,0.241,0.65,0.891
PEUGEOT,EXPERT_TRAVELLER,TRAVELLER,GAZOLE,1997,1733,0.028,0.004,0.023,0.027,34750,0.028,0.1,0.128
VOLKSWAGEN,GOLF,GOLF,GAZOLE,1968,1391,0.028,0.011000000000000003,0.031,0.042,45610,0.028,0.2750000000000001,0.3030000000000001
VOLKSWAGEN,ARTEON,ARTEON,ELEC+ESSENC_HR,1395,1738,0.161,0.016,0.012,,58050,0.161,0.4,0.561
B.M.W.,SERIE_1,118,ESSENCE,1499,1290,0.291,0.024,0.018,,35210,0.291,0.6,0.891
VOLKSWAGEN,TIGUAN,TIGUAN,GAZOLE,1968,1679,0.026,0.009999999999999998,0.029,0.039,52000,0.026,0.24999999999999997,0.27599999999999997
LAND_ROVER,RANGE_ROVER_VELAR,RANGE_ROVER_VELAR,ELEC+GAZOLE_HR,2997,2089,0.224,0.021,0.024,0.037,77998,0.224,0.525,0.749
FORD,PUMA,PUMA,ESS+ELEC_HNR,999,1259,0.362,0.047,0.021,,34100,0.362,1.175,1.537
B.M.W.,SERIE_1,116,ESSENCE,1499,1320,0.179,0.019,0.011,,33960,0.179,0.475,0.6539999999999999
FORD,FOCUS,FOCUS,ESS+ELEC_HNR,999,1338,0.253,0.04,0.014,,32600,0.253,1.0,1.2530000000000001
VOLKSWAGEN,GOLF,GOLF,GAZOLE,1968,1383,0.025,0.008,0.034,0.042,35558,0.025,0.2,0.225
KIA,PICANTO,PICANTO,ESSENCE,1197,909,0.24,0.029,0.021,,18073,0.24,0.7250000000000001,0.9650000000000001
CUPRA,FORMENTOR,FORMENTOR,ESSENCE,1498,1347,0.272,0.026,0.017,,36553,0.272,0.65,0.922
VOLKSWAGEN,TOURAN,TOURAN,GAZOLE,1968,1600,0.028,0.009000000000000005,0.026,0.035,45630,0.028,0.22500000000000012,0.2530000000000001
RENAULT,TRAFIC,TRAFIC,GAZOLE,1997,1981,0.04,0.006999999999999999,0.038,0.045,42550,0.04,0.175,0.215
MERCEDES,CLASSE_A,A_180,ESSENCE,1332,1290,0.101,0.027,0.031,,37475,0.101,0.675,0.776
PORSCHE,MACAN_S,MACAN,ESSENCE,2894,1930,0.322,0.023,0.014,,76946,0.322,0.575,0.897
B.M.W.,SERIE_X,X1,ESS+ELEC_HNR,1998,1655,0.135,0.013,0.01,,46050,0.135,0.325,0.46
PORSCHE,911_CARRERA_S,911,ESSENCE,2981,1515,0.146,0.01,0.014,,131256,0.146,0.25,0.396
B.M.W.,SERIE_3,330,ELEC+ESSENC_HR,1998,1880,0.331,0.013,0.012,,62783,0.331,0.325,0.656
DS,DS_9,9,ESSENCE,1598,1540,0.378,0.019,0.024,,52700,0.378,0.475,0.853
TOYOTA,COROLLA,COROLLA,ESS+ELEC_HNR,1987,1370,0.188,0.022,0.004,,37271,0.188,0.5499999999999999,0.738
VOLKSWAGEN,KOMBI,KOMBI,GAZOLE,1968,1919,0.015,0.013999999999999999,0.033,0.047,60740,0.015,0.35,0.365
MINI,MINI,COUNTRYMAN,ESSENCE,1499,1430,0.253,0.02,0.017,,40000,0.253,0.5,0.753
RENAULT,MEGANE,MEGANE,GAZOLE,1461,1320,0.171,0.061,0.021,0.082,32275,0.171,1.525,1.696
NISSAN,QASHQAI,QASHQAI,ESS+ELEC_HNR,1332,1457,0.312,0.015,0.024,,42920,0.312,0.375,0.687
HYUNDAI,TUCSON,TUCSON,ESS+ELEC_HNR,1598,1564,0.129,0.011,0.028,,40610,0.129,0.27499999999999997,0.40399999999999997
HYUNDAI,SANTA_FE,SANTA_FE,ESS+ELEC_HNR,1598,1780,0.125,0.013,0.01,,49683,0.125,0.325,0.45
VOLKSWAGEN,PASSAT,PASSAT,GAZOLE,1968,1598,0.021,0.011000000000000003,0.038,0.049,58617,0.021,0.2750000000000001,0.2960000000000001
MERCEDES,CLASSE_E,E_200,ELEC+GAZOLE_HR,1993,1755,0.048,0.008,0.005,0.013,58383,0.048,0.2,0.248
B.M.W.,SERIE_X,X2,GAZOLE,1496,1495,0.038,0.024999999999999998,0.018,0.043,42917,0.038,0.625,0.663
SKODA,KAROQ,KAROQ,GAZOLE,1968,1410,0.019,0.009000000000000001,0.04,0.049,35185,0.019,0.22500000000000003,0.24400000000000002
SKODA,OCTAVIA,OCTAVIA,GAZOLE,1968,1359,0.026,0.009000000000000001,0.043,0.052,31595,0.026,0.22500000000000003,0.25100000000000006
VOLKSWAGEN,KOMBI,KOMBI,GAZOLE,1968,1932,0.015,0.013999999999999999,0.033,0.047,60740,0.015,0.35,0.365
MINI,MINI,COUNTRYMAN,ESSENCE,1499,1430,0.253,0.02,0.017,,40000,0.253,0.5,0.753
VOLKSWAGEN,ARTEON,ARTEON,GAZOLE,1968,1571,0.024,0.008,0.032,0.04,56270,0.024,0.2,0.224
MERCEDES,CLASSE_GLE,GLE_350,ELEC+ESSENC_HR,1991,2530,0.382,0.025,0.015,,106050,0.382,0.625,1.0070000000000001
SEAT,ATECA,ATECA,GAZOLE,1968,1456,0.036,0.012,0.027,0.037,40423,0.036,0.3,0.33599999999999997
MERCEDES,CLASSE_GLC,GLC_43_AMG,ESSENCE,2996,1805,0.216,0.03,0.033,,80100,0.216,0.75,0.966
JAGUAR,XE,XE,ELEC+GAZOLE_HR,1998,1734,0.082,0.017,0.023,0.04,59170,0.082,0.42500000000000004,0.507
B.M.W.,SERIE_4,420,ELEC+GAZOLE_HR,1995,1605,0.086,0.018000000000000002,0.017,0.035,55650,0.086,0.45000000000000007,0.536
PORSCHE,CAYENNE_E_HYBRID,CAYENNE,ELEC+ESSENC_HR,2995,2295,0.42,0.021,0.021,,103699,0.42,0.525,0.9450000000000001
B.M.W.,SERIE_X,X2,GAZOLE,1995,1605,0.071,0.036000000000000004,0.02,0.056,50717,0.071,0.9000000000000001,0.9710000000000001
JEEP,COMPASS,COMPASS,ESSENCE,1332,1430,0.114,0.016,0.009,,37560,0.114,0.4,0.514
RENAULT,ARKANA_E_TECH,ARKANA,ESS+ELEC_HNR,1598,1435,0.38,0.018,0.006,,35656,0.38,0.44999999999999996,0.83
FORD,TOURNEO,TOURNEO_CONNECT,GAZOLE,1499,1582,0.045,0.005,0.03,0.034,26495,0.045,0.125,0.16999999999999998
MERCEDES,CLASSE_GLE,GLE_400,GAZOLE,2925,2205,0.053,0.015,0.03,0.045,88950,0.053,0.375,0.428
CITROEN,C3_AIRCROSS,C3_AIRCROSS,GAZOLE,1499,1260,0.055,0.002999999999999999,0.025,0.028,29340,0.055,0.07499999999999998,0.12999999999999998
HYUNDAI,I_20,I_20,ESS+ELEC_HNR,998,1115,0.15,0.027,0.025,,23800,0.15,0.675,0.8250000000000001
KIA,CEED,CEED,ELEC+GAZOLE_HR,1598,1370,0.108,0.038,0.009,0.047,33242,0.108,0.95,1.058
KIA,CEED,CEED,ESSENCE,1482,1285,0.187,0.025,0.042,,30142,0.187,0.625,0.812
VOLVO,XC40,XC40,ESSENCE,1477,1550,0.238,0.035,0.024,,40450,0.238,0.8750000000000001,1.113
RENAULT,CLIO,CLIO,ESSENCE,1332,1115,0.247,0.01,0.012,,25075,0.247,0.25,0.497
VOLKSWAGEN,TIGUAN,TIGUAN,ELEC+ESSENC_HR,1395,1744,0.213,0.014,0.011,,50806,0.213,0.35000000000000003,0.5630000000000001
VOLVO,XC40,XC40,ELEC+ESSENC_HR,1477,1737,0.081,0.006,0.011,,56400,0.081,0.15,0.23099999999999998
B.M.W.,SERIE_1,120,ESSENCE,1998,1390,0.156,0.017,0.011,,41488,0.156,0.42500000000000004,0.5810000000000001
B.M.W.,SERIE_X,X3,ELEC+ESSENC_HR,1998,1990,0.642,0.017,0.012,,64950,0.642,0.42500000000000004,1.0670000000000002
FORD,TRANSIT_CUSTOM,TRANSIT_CUSTOM,GAZOLE,1995,1964,0.117,0.014,0.049,0.065,51095,0.117,0.35000000000000003,0.467
B.M.W.,SERIE_1,116,GAZOLE,1496,1375,0.059,0.017000000000000005,0.018,0.035,32878,0.059,0.4250000000000001,0.4840000000000001
B.M.W.,SERIE_X,X4,ELEC+GAZOLE_HR,2993,2020,0.122,0.013999999999999999,0.038,0.052,79750,0.122,0.35,0.472
MINI,MINI,COUNTRYMAN,ESSENCE,1499,1390,0.136,0.016,0.008,,32880,0.136,0.4,0.536
B.M.W.,SERIE_1,118,ESSENCE,1499,1290,0.291,0.024,0.018,,32798,0.291,0.6,0.891
DACIA,DUSTER,DUSTER,ESS+G.P.L.,1332,1267,0.234,0.013,0.019,,23275,0.234,0.325,0.559
SKODA,KAROQ,KAROQ,ESSENCE,1498,1342,0.172,0.022,0.025,,37898,0.172,0.5499999999999999,0.722
B.M.W.,SERIE_1,116,GAZOLE,1496,1385,0.037,0.02,0.019,0.039,38560,0.037,0.5,0.537
MINI,MINI,CABRIO,ESSENCE,1998,1325,0.188,0.016,0.009,,41233,0.188,0.4,0.5880000000000001
SEAT,ATECA,ATECA,GAZOLE,1968,1426,0.033,0.009,0.032,0.04,37276,0.033,0.22499999999999998,0.258
RENAULT,CAPTUR,CAPTUR,ESS+ELEC_HNR,1332,1298,0.473,0.012,0.028,,27325,0.473,0.3,0.7729999999999999
PORSCHE,CAYENNE_TURBO_S_E_HYBRID,CAYENNE,ELEC+ESSENC_HR,3996,2535,0.275,0.019,0.006,,189670,0.275,0.475,0.75
B.M.W.,SERIE_4,440,ESS+ELEC_HNR,2998,1740,0.087,0.013,0.009,,70650,0.087,0.325,0.41200000000000003
B.M.W.,SERIE_3,340,ELEC+GAZOLE_HR,2993,1800,0.102,0.013999999999999999,0.041,0.055,71450,0.102,0.35,0.45199999999999996
MAZDA,MAZDA_CX_30,CX_30,ESS+ELEC_HNR,1998,1455,0.163,0.014,0.024,,36731,0.163,0.35000000000000003,0.513
FORD,TOURNEO,TOURNEO_CONNECT,GAZOLE,1499,1699,0.045,0.005,0.03,0.034,27695,0.045,0.125,0.16999999999999998
RENAULT,CLIO,CLIO,ESSENCE,999,1099,0.216,0.03,0.025,,21183,0.216,0.75,0.966
PORSCHE,718_BOXSTER_SPYDER,BOXSTER,ESSENCE,3995,1450,0.118,0.021,0.011,,105189,0.118,0.525,0.643
B.M.W.,SERIE_1,128,ESSENCE,1998,1445,0.102,0.009,0.016,,47600,0.102,0.22499999999999998,0.32699999999999996
FIAT,500C,500,ESS+ELEC_HNR,999,1012,0.3,0.028,0.022,,18701,0.3,0.7000000000000001,1.0
MERCEDES,CLASSE_C,C_220,ELEC+GAZOLE_HR,1993,1705,0.055,0.008,0.006,0.014,60783,0.055,0.2,0.255
B.M.W.,SERIE_4,430,ELEC+GAZOLE_HR,2993,1780,0.123,0.013999999999999999,0.041,0.055,62850,0.123,0.35,0.473
B.M.W.,SERIE_1,118,GAZOLE,1995,1430,0.171,0.049,0.013,0.062,40410,0.171,1.225,1.3960000000000001
B.M.W.,SERIE_2,240,ESSENCE,2998,1690,0.143,0.022,0.009,,61550,0.143,0.5499999999999999,0.693
VOLKSWAGEN,TIGUAN,TIGUAN,GAZOLE,1968,1551,0.026,0.009000000000000001,0.03,0.039,48739,0.026,0.22500000000000003,0.25100000000000006
MERCEDES,CLASSE_V,V_250,GAZOLE,1950,2170,0.211,0.018,0.027,0.045,74793,0.211,0.44999999999999996,0.6609999999999999
MERCEDES,CLASSE_V,V_250,GAZOLE,1950,2092,0.116,0.015,0.022,0.037,74793,0.116,0.375,0.491
B.M.W.,SERIE_X,X2,GAZOLE,1496,1495,0.038,0.024999999999999998,0.018,0.043,42917,0.038,0.625,0.663
VOLVO,XC60,XC60,ELEC+ESSENC_HR,1969,2075,0.243,0.008,0.008,,85355,0.243,0.2,0.443
B.M.W.,SERIE_X,X3,ELEC+GAZOLE_HR,1995,1810,0.159,0.038,0.023,0.061,55100,0.159,0.95,1.109
B.M.W.,SERIE_X,X5,ELEC+ESSENC_HR,2998,2435,0.148,0.016,0.009,,91300,0.148,0.4,0.548
B.M.W.,SERIE_1,118,ESSENCE,1499,1290,0.291,0.024,0.018,,35210,0.291,0.6,0.891
PORSCHE,PANAMERA_4_E_HYBRID,PANAMERA,ELEC+ESSENC_HR,2894,2220,0.22,0.015,0.005,,125222,0.22,0.375,0.595
SEAT,LEON,LEON,GAZOLE,1968,1341,0.023,0.011,0.047,0.056,29458,0.023,0.27499999999999997,0.298
B.M.W.,SERIE_1,118,GAZOLE,1995,1430,0.171,0.049,0.013,0.062,40410,0.171,1.225,1.3960000000000001
MINI,MINI,CLUBMAN,GAZOLE,1995,1435,0.171,0.046,0.017,0.063,37014,0.171,1.15,1.321
MERCEDES,CLASSE_C,C_200,ELEC+GAZOLE_HR,1993,1650,0.064,0.007,0.007,0.014,50934,0.064,0.17500000000000002,0.23900000000000002
ALFA_ROMEO,STELVIO,STELVIO,GAZOLE,2143,1745,0.04,0.0040000000000000036,0.044,0.048,56350,0.04,0.10000000000000009,0.1400000000000001
MERCEDES,CLASSE_C,C_200,ELEC+GAZOLE_HR,1993,1705,0.064,0.007,0.007,0.014,55683,0.064,0.17500000000000002,0.23900000000000002
PEUGEOT,5008,5008,GAZOLE,1499,1515,0.052,0.003999999999999997,0.041,0.045,40770,0.052,0.09999999999999992,0.1519999999999999
MERCEDES,CLASSE_GLS,GLS_580,ESS+ELEC_HNR,3982,2470,0.525,0.023,0.033,,131500,0.525,0.575,1.1
HYUNDAI,SANTA_FE,SANTA_FE,ESS+ELEC_HNR,1598,1780,0.125,0.013,0.01,,49683,0.125,0.325,0.45
FIAT,500C,500,ESS+ELEC_HNR,999,983,0.3,0.028,0.022,,19150,0.3,0.7000000000000001,1.0
B.M.W.,SERIE_5,518,ELEC+GAZOLE_HR,1995,1755,0.095,0.029,0.021,0.05,56088,0.095,0.7250000000000001,0.8200000000000001
B.M.W.,SERIE_X,X5,ELEC+ESSENC_HR,2998,2435,0.148,0.016,0.009,,91300,0.148,0.4,0.548
MINI,MINI,MINI,ESSENCE,1998,1275,0.227,0.016,0.01,,40700,0.227,0.4,0.627
B.M.W.,SERIE_1,118,ESSENCE,1499,1320,0.273,0.023,0.015,,37510,0.273,0.575,0.848
MERCEDES,CLASSE_V,V_220,GAZOLE,1950,2092,0.019,0.006999999999999999,0.019,0.026,67675,0.019,0.175,0.19399999999999998
B.M.W.,SERIE_1,120,GAZOLE,1995,1515,0.071,0.037000000000000005,0.021,0.058,46988,0.071,0.9250000000000002,0.9960000000000001
MINI,MINI,COUNTRYMAN,ESSENCE,1499,1430,0.253,0.02,0.017,,40000,0.253,0.5,0.753
B.M.W.,SERIE_X,X2,ESSENCE,1499,1430,0.312,0.031,0.016,,42517,0.312,0.775,1.087
MINI,MINI,COUNTRYMAN,ESSENCE,1998,1605,0.314,0.012,0.012,,53300,0.314,0.3,0.614
VOLKSWAGEN,CADDY,CADDY,GAZOLE,1968,1535,0.021,0.020999999999999998,0.039,0.06,28510,0.021,0.5249999999999999,0.5459999999999999
B.M.W.,SERIE_X,X3,ELEC+GAZOLE_HR,1995,1810,0.159,0.038,0.023,0.061,55100,0.159,0.95,1.109
B.M.W.,SERIE_2,218,GAZOLE,1995,1425,0.185,0.052,0.025,0.077,41263,0.185,1.3,1.485
MINI,MINI,MINI,ESSENCE,1499,1175,0.2,0.019,0.01,,32367,0.2,0.475,0.675
PORSCHE,CAYENNE_E_HYBRID,CAYENNE,ELEC+ESSENC_HR,2995,2295,0.389,0.021,0.021,,103699,0.389,0.525,0.914
OPEL,CORSA,CORSA,ESSENCE,1199,980,0.475,0.034,0.012,,19800,0.475,0.8500000000000001,1.3250000000000002
VOLVO,XC40,XC40,ESSENCE,1477,1550,0.238,0.035,0.024,,40450,0.238,0.8750000000000001,1.113
MERCEDES,CLASSE_V,V_250,GAZOLE,1950,2067,0.116,0.015,0.022,0.037,78399,0.116,0.375,0.491
TOYOTA,YARIS_CROSS,YARIS_CROSS,ESS+ELEC_HNR,1490,1215,0.157,0.016,0.007,,29600,0.157,0.4,0.557
VOLKSWAGEN,TIGUAN,TIGUAN,ESSENCE,1498,1461,0.234,0.024,0.024,,45809,0.234,0.6,0.834
RENAULT,KADJAR,KADJAR,ESSENCE,1332,1372,0.156,0.012,0.021,,35500,0.156,0.3,0.45599999999999996
MERCEDES,CLASSE_CLA,CLA_35_AMG,ESSENCE,1991,1540,0.287,0.018,0.016,,74875,0.287,0.44999999999999996,0.7369999999999999
MINI,MINI,MINI,ESSENCE,1998,1205,0.252,0.016,0.013,,32871,0.252,0.4,0.652
DACIA,JOGGER,JOGGER,ESS+G.P.L.,999,1223,0.438,0.049,0.021,,19148,0.438,1.225,1.663
DACIA,JOGGER,JOGGER,ESS+G.P.L.,999,1223,0.417,0.027,0.025,,19148,0.417,0.675,1.092
CUPRA,FORMENTOR,FORMENTOR,GAZOLE,1968,1552,0.025,0.005,0.029,0.032,44453,0.025,0.125,0.15
B.M.W.,SERIE_1,116,ESSENCE,1499,1340,0.072,0.014,0.008,,36260,0.072,0.35000000000000003,0.42200000000000004
RENAULT,TRAFIC,TRAFIC,GAZOLE,1997,1962,0.04,0.006999999999999999,0.038,0.045,41350,0.04,0.175,0.215
PORSCHE,CAYENNE_E_HYBRID,CAYENNE,ELEC+ESSENC_HR,2995,2295,0.389,0.021,0.021,,103699,0.389,0.525,0.914
HONDA,CR_V,CR_V,ESS+ELEC_HNR,1993,1610,0.088,0.007,0.009,,42907,0.088,0.17500000000000002,0.263
PEUGEOT,208,208,ESSENCE,1199,1090,0.509,0.022,0.014,,24256,0.509,0.5499999999999999,1.059
MINI,MINI,CLUBMAN,ESSENCE,1998,1500,0.156,0.017,0.012,,42029,0.156,0.42500000000000004,0.5810000000000001
MINI,MINI,CLUBMAN,ESSENCE,1998,1415,0.187,0.02,0.009,,41400,0.187,0.5,0.687
MERCEDES,CLASSE_C,C_220,ELEC+GAZOLE_HR,1993,1715,0.063,0.007,0.007,0.014,59883,0.063,0.17500000000000002,0.23800000000000002
LAND_ROVER,RANGE_ROVER_EVOQUE,RANGE_ROVER_EVOQUE,ELEC+ESSENC_HR,1498,2117,0.302,0.02,0.012,,62135,0.302,0.5,0.802
VOLKSWAGEN,KOMBI,KOMBI,GAZOLE,1968,1966,0.021,0.012999999999999998,0.033,0.046,60740,0.021,0.32499999999999996,0.346
B.M.W.,SERIE_4,420,ESSENCE,1998,1690,0.237,0.022,0.018,,60100,0.237,0.5499999999999999,0.7869999999999999
B.M.W.,SERIE_3,330,ELEC+ESSENC_HR,1998,1880,0.331,0.013,0.012,,62783,0.331,0.325,0.656
NISSAN,QASHQAI,QASHQAI,ESS+ELEC_HNR,1332,1375,0.292,0.017,0.02,,39315,0.292,0.42500000000000004,0.7170000000000001
DS,DS_4,4,ESSENCE,1598,1420,0.519,0.021,0.034,,42233,0.519,0.525,1.044
SKODA,FABIA,FABIA,ESSENCE,1498,1149,0.172,0.021,0.019,,26420,0.172,0.525,0.6970000000000001
MINI,MINI,COUNTRYMAN,GAZOLE,1995,1475,0.161,0.044,0.016,0.06,39238,0.161,1.0999999999999999,1.261
KIA,PICANTO,PICANTO,ESSENCE,998,903,0.371,0.02,0.011,,14810,0.371,0.5,0.871
MERCEDES,CLASSE_C,C_220,ELEC+GAZOLE_HR,1993,1765,0.055,0.008,0.006,0.014,58850,0.055,0.2,0.255
B.M.W.,SERIE_2,218,ESSENCE,1499,1375,0.273,0.023,0.015,,37850,0.273,0.575,0.848
MERCEDES,CLASSE_A,A_180,ESSENCE,1332,1305,0.101,0.027,0.031,,42233,0.101,0.675,0.776
B.M.W.,SERIE_X,X4,ESS+ELEC_HNR,2998,1920,0.109,0.015,0.013,,80750,0.109,0.375,0.484
MERCEDES,CLASSE_B,B_180,ESSENCE,1332,1310,0.111,0.023,0.027,,37225,0.111,0.575,0.6859999999999999
KIA,NIRO,NIRO,ESS+ELEC_HNR,1580,1415,0.16,0.023,0.003,,34850,0.16,0.575,0.735
B.M.W.,SERIE_1,116,ESSENCE,1499,1340,0.072,0.014,0.008,,36260,0.072,0.35000000000000003,0.42200000000000004
B.M.W.,M4,M4,ESSENCE,2993,1775,0.177,0.008,0.018,,104550,0.177,0.2,0.377
MASERATI,GHIBLI_MODENA_S_Q4,GHIBLI,ESSENCE,2979,1935,0.33,0.025,0.019,,104650,0.33,0.625,0.9550000000000001
MERCEDES,CLASSE_E,E_400,GAZOLE,2925,1845,0.033,0.018999999999999996,0.033,0.052,82425,0.033,0.4749999999999999,0.5079999999999999
VOLKSWAGEN,GOLF,GOLF,GAZOLE,1968,1366,0.028,0.008999999999999998,0.028,0.037,35558,0.028,0.22499999999999995,0.25299999999999995
MERCEDES,CLASSE_S,S_580,ELEC+ESSENC_HR,2999,2365,0.221,0.012,0.005,,82525,0.221,0.3,0.521
VOLKSWAGEN,ARTEON,ARTEON,GAZOLE,1968,1658,0.021,0.011000000000000003,0.038,0.049,62440,0.021,0.2750000000000001,0.2960000000000001
KIA,STONIC,STONIC,ESS+ELEC_HNR,998,1150,0.079,0.016,0.025,,25270,0.079,0.4,0.47900000000000004
B.M.W.,SERIE_5,530,ELEC+ESSENC_HR,1998,1960,0.311,0.01,0.011,,70838,0.311,0.25,0.5609999999999999
HYUNDAI,I_30,I_30,ESS+ELEC_HNR,998,1309,0.214,0.027,0.049,,29020,0.214,0.675,0.889
SKODA,KAMIQ,KAMIQ,ESSENCE,1498,1195,0.183,0.024,0.015,,27790,0.183,0.6,0.7829999999999999
RENAULT,SCENIC,SCENIC,ESSENCE,1332,1528,0.261,0.011,0.018,,38700,0.261,0.27499999999999997,0.536
JAGUAR,XF,XF,ELEC+GAZOLE_HR,1998,1834,0.071,0.015,0.017,0.031,67690,0.071,0.375,0.446
VOLKSWAGEN,CADDY,CADDY,GAZOLE,1968,1646,0.023,0.020999999999999998,0.038,0.059,40483,0.023,0.5249999999999999,0.5479999999999999
MINI,MINI,MINI,ESSENCE,1499,1230,0.2,0.019,0.01,,33325,0.2,0.475,0.675
VOLKSWAGEN,TIGUAN,TIGUAN,GAZOLE,1968,1556,0.026,0.009999999999999998,0.029,0.039,48739,0.026,0.24999999999999997,0.27599999999999997
B.M.W.,SERIE_X,X3,ELEC+GAZOLE_HR,2993,2005,0.122,0.013999999999999999,0.038,0.052,78000,0.122,0.35,0.472
FORD,FIESTA,FIESTA,SUPERETHANOL,999,1114,0.393,0.037,0.011,,23090,0.393,0.9249999999999999,1.318
OPEL,GRANDLAND_X,GRANDLAND_X,GAZOLE,1499,1400,0.052,0.003999999999999997,0.041,0.045,34038,0.052,0.09999999999999992,0.1519999999999999
ALPINE,A110,A110,ESSENCE,1798,1102,0.229,0.011,0.011,,60500,0.229,0.27499999999999997,0.504
B.M.W.,SERIE_X,X2,ESSENCE,1499,1410,0.267,0.025,0.014,,40217,0.267,0.625,0.892
PEUGEOT,3008,3008,GAZOLE,1499,1429,0.052,0.003999999999999997,0.041,0.045,37390,0.052,0.09999999999999992,0.1519999999999999
B.M.W.,SERIE_X,X3,ESS+ELEC_HNR,1998,1800,0.157,0.013,0.017,,54800,0.157,0.325,0.482
MINI,MINI,MINI,ESSENCE,1998,1225,0.188,0.016,0.009,,36800,0.188,0.4,0.5880000000000001
MERCEDES,CLASSE_V,V_250,GAZOLE,1950,2067,0.116,0.015,0.022,0.037,78399,0.116,0.375,0.491
VOLKSWAGEN,KOMBI,KOMBI,GAZOLE,1968,1824,0.026,0.017999999999999995,0.042,0.06,42000,0.026,0.4499999999999999,0.4759999999999999
NISSAN,QASHQAI,QASHQAI,ESS+ELEC_HNR,1332,1457,0.312,0.015,0.024,,42920,0.312,0.375,0.687
MERCEDES,CLASSE_C,C_220,ELEC+GAZOLE_HR,1993,1715,0.063,0.007,0.007,0.014,56383,0.063,0.17500000000000002,0.23800000000000002
TOYOTA,YARIS,YARIS,ESS+ELEC_HNR,1490,1090,0.149,0.025,0.01,,26900,0.149,0.625,0.774
B.M.W.,SERIE_1,118,ESSENCE,1499,1320,0.273,0.023,0.015,,37510,0.273,0.575,0.848
MERCEDES,CLASSE_GLE,GLE_300,ELEC+GAZOLE_HR,1993,2205,0.049,0.007999999999999998,0.01,0.018,86350,0.049,0.19999999999999996,0.24899999999999994
HONDA,CR_V,CR_V,ESS+ELEC_HNR,1993,1610,0.088,0.007,0.009,,42907,0.088,0.17500000000000002,0.263
ALFA_ROMEO,STELVIO,STELVIO,GAZOLE,2143,1745,0.04,0.0040000000000000036,0.044,0.048,64717,0.04,0.10000000000000009,0.1400000000000001
DS,DS_9,9,ESSENCE,1598,1540,0.378,0.019,0.024,,52700,0.378,0.475,0.853
ALFA_ROMEO,STELVIO,STELVIO,GAZOLE,2143,1680,0.044,0.0049999999999999975,0.035,0.04,52783,0.044,0.12499999999999994,0.16899999999999993
KIA,STONIC,STONIC,ESS+ELEC_HNR,998,1150,0.079,0.016,0.025,,25270,0.079,0.4,0.47900000000000004
MINI,MINI,MINI,ESSENCE,1499,1175,0.2,0.019,0.01,,32367,0.2,0.475,0.675
CITROEN,JUMPY_SPACE_TOURER,SPACE_TOURER,GAZOLE,1499,1659,0.072,0.0049999999999999975,0.05,0.055,33350,0.072,0.12499999999999994,0.19699999999999995
OPEL,INSIGNIA_SPORTS_TOURER,INSIGNIA,GAZOLE,1995,1540,0.049,0.013,0.014,0.027,44925,0.049,0.325,0.374
B.M.W.,SERIE_4,440,ESS+ELEC_HNR,2998,1740,0.087,0.013,0.009,,70650,0.087,0.325,0.41200000000000003
B.M.W.,SERIE_3,320,ELEC+GAZOLE_HR,1995,1665,0.047,0.016999999999999998,0.02,0.037,54300,0.047,0.42499999999999993,0.4719999999999999
DACIA,SANDERO,SANDERO,ESS+G.P.L.,999,1134,0.38,0.037,0.025,,15350,0.38,0.9249999999999999,1.305
DACIA,SANDERO,SANDERO,ESS+G.P.L.,999,1134,0.444,0.026,0.033,,15350,0.444,0.65,1.094
B.M.W.,SERIE_X,X1,GAZOLE,1995,1575,0.03,0.006000000000000002,0.026,0.032,44763,0.03,0.15000000000000005,0.18000000000000005
B.M.W.,SERIE_X,X6,ESSENCE,4395,2240,0.213,0.016,0.012,,101800,0.213,0.4,0.613
SEAT,LEON,LEON,ESSENCE,999,1216,0.126,0.02,0.036,,25648,0.126,0.5,0.626
PEUGEOT,2008,2008,GAZOLE,1499,1270,0.05,0.0050000000000000044,0.053,0.058,33203,0.05,0.1250000000000001,0.1750000000000001
FORD,FIESTA,FIESTA,SUPERETHANOL,999,1114,0.393,0.036,0.01,,21340,0.393,0.8999999999999999,1.293
PEUGEOT,308,308,ESSENCE,1199,1254,0.27,0.027,0.046,,26400,0.27,0.675,0.9450000000000001
B.M.W.,SERIE_1,118,ESSENCE,1499,1290,0.291,0.024,0.018,,35210,0.291,0.6,0.891
B.M.W.,SERIE_1,118,ESSENCE,1499,1320,0.273,0.023,0.015,,37510,0.273,0.575,0.848
MINI,MINI,CLUBMAN,ESSENCE,1998,1415,0.187,0.02,0.009,,41400,0.187,0.5,0.687
VOLVO,XC60,XC60,ELEC+ESSENC_HR,1969,2075,0.243,0.008,0.008,,85355,0.243,0.2,0.443
NISSAN,QASHQAI,QASHQAI,ESS+ELEC_HNR,1332,1457,0.312,0.015,0.024,,42920,0.312,0.375,0.687
B.M.W.,SERIE_5,530,ELEC+ESSENC_HR,1998,1960,0.311,0.01,0.011,,70838,0.311,0.25,0.5609999999999999
LAND_ROVER,DISCOVERY,DISCOVERY,ELEC+GAZOLE_HR,2997,2442,0.22,0.045,0.021,0.066,93000,0.22,1.125,1.345
B.M.W.,SERIE_1,120,GAZOLE,1995,1515,0.071,0.037000000000000005,0.021,0.058,46988,0.071,0.9250000000000002,0.9960000000000001
B.M.W.,SERIE_2,218,GAZOLE,1995,1545,0.043,0.005999999999999998,0.025,0.031,38888,0.043,0.14999999999999997,0.19299999999999995
PORSCHE,CAYENNE_E_HYBRID,CAYENNE,ELEC+ESSENC_HR,2995,2360,0.389,0.021,0.021,,105929,0.389,0.525,0.914
KIA,PICANTO,PICANTO,ESSENCE,1197,909,0.24,0.029,0.021,,18073,0.24,0.7250000000000001,0.9650000000000001
MERCEDES,CLASSE_B,B_160,ESSENCE,1332,1310,0.108,0.022,0.023,,33725,0.108,0.5499999999999999,0.6579999999999999
CITROEN,JUMPY_SPACE_TOURER,SPACE_TOURER,GAZOLE,1499,1659,0.072,0.0049999999999999975,0.05,0.055,34350,0.072,0.12499999999999994,0.19699999999999995
B.M.W.,SERIE_4,420,ELEC+GAZOLE_HR,1995,1775,0.089,0.022000000000000002,0.018,0.04,62650,0.089,0.55,0.639
B.M.W.,SERIE_2,220,ESS+ELEC_HNR,1499,1520,0.181,0.009,0.015,,38638,0.181,0.22499999999999998,0.40599999999999997
SEAT,ATECA,ATECA,ESSENCE,1498,1343,0.124,0.013,0.008,,36991,0.124,0.325,0.449
ALFA_ROMEO,STELVIO_QUADRIFOGLIO,STELVIO,ESSENCE,2891,1830,0.339,0.023,0.012,,111450,0.339,0.575,0.9139999999999999
NISSAN,QASHQAI,QASHQAI,ESS+ELEC_HNR,1332,1329,0.314,0.012,0.017,,34540,0.314,0.3,0.614
B.M.W.,SERIE_X,X2,GAZOLE,1995,1510,0.192,0.061000000000000006,0.024,0.085,43367,0.192,1.5250000000000001,1.717
MINI,MINI,COUNTRYMAN,ESSENCE,1499,1390,0.136,0.016,0.008,,32880,0.136,0.4,0.536
FORD,TOURNEO_CUSTOM,TOURNEO_CUSTOM,GAZOLE,1995,2255,0.117,0.014,0.049,0.065,48288,0.117,0.35000000000000003,0.467
MINI,MINI,MINI,ESSENCE,1998,1225,0.188,0.016,0.009,,36800,0.188,0.4,0.5880000000000001
MERCEDES,CLASSE_V,V_220,GAZOLE,1950,2067,0.019,0.006999999999999999,0.019,0.026,75234,0.019,0.175,0.19399999999999998
KIA,STONIC,STONIC,ESS+ELEC_HNR,998,1185,0.089,0.024,0.018,,26470,0.089,0.6,0.689
FIAT,TIPO,TIPO,ESS+ELEC_HNR,1469,1350,0.322,0.034,0.01,,28565,0.322,0.8500000000000001,1.1720000000000002
MINI,MINI,MINI,ESSENCE,1499,1150,0.288,0.018,0.012,,28857,0.288,0.44999999999999996,0.738
VOLVO,V60,V60,ELEC+ESSENC_HR,1969,1989,0.283,0.007,0.007,,69600,0.283,0.17500000000000002,0.45799999999999996
B.M.W.,SERIE_2,220,ESSENCE,1998,1490,0.226,0.024,0.013,,45650,0.226,0.6,0.826
RENAULT,TRAFIC,TRAFIC,GAZOLE,1997,2262,0.016,0.008,0.03,0.038,47700,0.016,0.2,0.21600000000000003
TOYOTA,YARIS_CROSS,YARIS_CROSS,ESS+ELEC_HNR,1490,1175,0.157,0.016,0.007,,29600,0.157,0.4,0.557
B.M.W.,SERIE_X,X2,GAZOLE,1995,1605,0.071,0.036000000000000004,0.02,0.056,50717,0.071,0.9000000000000001,0.9710000000000001
B.M.W.,M3,M3,ESSENCE,2993,1780,0.177,0.008,0.018,,102000,0.177,0.2,0.377
VOLKSWAGEN,TIGUAN,TIGUAN,GAZOLE,1968,1679,0.026,0.009999999999999998,0.029,0.039,52000,0.026,0.24999999999999997,0.27599999999999997
FORD,TOURNEO,TOURNEO_CONNECT,ESSENCE,999,1649,0.632,0.047,0.016,,26055,0.632,1.175,1.807
MINI,MINI,COUNTRYMAN,ESSENCE,1998,1465,0.17,0.022,0.017,,40388,0.17,0.5499999999999999,0.72
KIA,NIRO,NIRO,ELEC+ESSENC_HR,1580,1519,0.037,0.008,0.006,,42050,0.037,0.2,0.23700000000000002
B.M.W.,SERIE_4,420,ELEC+GAZOLE_HR,1995,1605,0.086,0.018000000000000002,0.017,0.035,55650,0.086,0.45000000000000007,0.536
VOLKSWAGEN,PASSAT,PASSAT,GAZOLE,1968,1598,0.021,0.011000000000000003,0.038,0.049,58617,0.021,0.2750000000000001,0.2960000000000001
FORD,FIESTA,FIESTA,SUPERETHANOL,999,1114,0.393,0.036,0.01,,23090,0.393,0.8999999999999999,1.293
B.M.W.,SERIE_2,218,ESSENCE,1499,1375,0.273,0.023,0.015,,40663,0.273,0.575,0.848
PEUGEOT,3008,3008,ELEC+ESSENC_HR,1598,1833,0.237,0.013,0.005,,53150,0.237,0.325,0.562
FIAT,500_ABARTH,500,ESSENCE,1368,1075,0.576,0.024,0.018,,24523,0.576,0.6,1.176
VOLKSWAGEN,TOURAN,TOURAN,ESSENCE,1498,1498,0.144,0.015,0.01,,41845,0.144,0.375,0.519
FIAT,500X,500X,ESSENCE,999,1320,0.423,0.023,0.016,,24990,0.423,0.575,0.998
B.M.W.,SERIE_X,X2,ESSENCE,1998,1470,0.159,0.021,0.013,,46817,0.159,0.525,0.684
MERCEDES,CLASSE_V,V_250,GAZOLE,1950,2067,0.116,0.015,0.022,0.037,74793,0.116,0.375,0.491
MERCEDES,VITO_TOURER,VITO,GAZOLE,1950,2015,0.211,0.018,0.027,0.045,50523,0.211,0.44999999999999996,0.6609999999999999
VOLKSWAGEN,PASSAT,PASSAT,GAZOLE,1968,1634,0.021,0.011000000000000003,0.038,0.049,58617,0.021,0.2750000000000001,0.2960000000000001
CUPRA,FORMENTOR,FORMENTOR,GAZOLE,1968,1552,0.025,0.005,0.029,0.032,44453,0.025,0.125,0.15
RENAULT,TWINGO,TWINGO,ESSENCE,999,909,0.225,0.018,0.022,,16900,0.225,0.44999999999999996,0.6749999999999999
PEUGEOT,508,508,ELEC+ESSENC_HR,1598,1745,0.599,0.018,0.017,,49833,0.599,0.44999999999999996,1.049
B.M.W.,SERIE_4,430,ELEC+GAZOLE_HR,2993,1780,0.123,0.013999999999999999,0.041,0.055,62850,0.123,0.35,0.473
SKODA,OCTAVIA,OCTAVIA,GAZOLE,1968,1425,0.026,0.008999999999999998,0.028,0.037,37710,0.026,0.22499999999999995,0.25099999999999995
DS,DS_7_CROSSBACK,7_CROSSBACK,ESSENCE,1598,1428,0.59,0.023,0.031,,49207,0.59,0.575,1.165
MERCEDES,CLASSE_GLE,GLE_63_AMG,ESS+ELEC_HNR,3982,2345,0.422,0.021,0.019,,150200,0.422,0.525,0.9470000000000001
B.M.W.,M4,M4,ESSENCE,2993,1775,0.177,0.008,0.018,,104550,0.177,0.2,0.377
B.M.W.,SERIE_4,420,ESSENCE,1998,1525,0.355,0.027,0.014,,53100,0.355,0.675,1.03
B.M.W.,SERIE_2,220,ESSENCE,1998,1490,0.226,0.024,0.013,,45650,0.226,0.6,0.826
B.M.W.,SERIE_2,218,GAZOLE,1995,1425,0.185,0.052,0.025,0.077,39850,0.185,1.3,1.485
SUZUKI,SX4,SX4,ESS+ELEC_HNR,1373,1285,0.381,0.037,0.021,,32290,0.381,0.9249999999999999,1.306
RENAULT,MEGANE,MEGANE,ESSENCE,1332,1214,0.183,0.013,0.01,,29775,0.183,0.325,0.508
FIAT,PANDA,PANDA,ESS+ELEC_HNR,999,1005,0.281,0.031,0.048,,14790,0.281,0.775,1.056
SKODA,OCTAVIA_RS,OCTAVIA,ESSENCE,1984,1468,0.182,0.021,0.02,,43810,0.182,0.525,0.7070000000000001
LAND_ROVER,RANGE_ROVER_EVOQUE,RANGE_ROVER_EVOQUE,ELEC+GAZOLE_HR,1998,1917,0.121,0.016999999999999994,0.035,0.052,39750,0.121,0.4249999999999999,0.5459999999999998
JAGUAR,XE,XE,ELEC+GAZOLE_HR,1998,1679,0.071,0.015,0.017,0.031,57673,0.071,0.375,0.446
B.M.W.,SERIE_5,530,ELEC+ESSENC_HR,1998,1960,0.311,0.01,0.011,,70838,0.311,0.25,0.5609999999999999
VOLKSWAGEN,POLO,POLO,ESSENCE,999,1093,0.226,0.032,0.041,,23613,0.226,0.8,1.026
MINI,MINI,CABRIO,ESSENCE,1499,1265,0.094,0.011,0.006,,29100,0.094,0.27499999999999997,0.369
FORD,PUMA,PUMA,ESSENCE,1496,1283,0.416,0.015,0.007,,36400,0.416,0.375,0.7909999999999999
SKODA,SCALA,SCALA,ESSENCE,1498,1203,0.156,0.021,0.019,,31315,0.156,0.525,0.681
MERCEDES,CLASSE_V,V_220,GAZOLE,1950,2092,0.019,0.006999999999999999,0.019,0.026,67675,0.019,0.175,0.19399999999999998
PEUGEOT,408,408,ESSENCE,1199,1393,0.392,0.021,0.04,,30500,0.392,0.525,0.917
B.M.W.,SERIE_X,X1,ESSENCE,1499,1500,0.075,0.009,0.008,,42463,0.075,0.22499999999999998,0.3
MINI,MINI,CLUBMAN,ESSENCE,1499,1335,0.217,0.021,0.015,,34014,0.217,0.525,0.742
B.M.W.,SERIE_X,X6,ELEC+GAZOLE_HR,2993,2185,0.141,0.018000000000000002,0.045,0.063,84025,0.141,0.45000000000000007,0.5910000000000001
B.M.W.,SERIE_1,118,GAZOLE,1995,1430,0.171,0.049,0.013,0.062,40410,0.171,1.225,1.3960000000000001
B.M.W.,SERIE_X,X3,ESS+ELEC_HNR,1998,1800,0.157,0.013,0.017,,54800,0.157,0.325,0.482
B.M.W.,SERIE_X,X3,ELEC+GAZOLE_HR,1995,1810,0.159,0.038,0.023,0.061,55100,0.159,0.95,1.109
MINI,MINI,CABRIO,ESSENCE,1998,1375,0.234,0.016,0.008,,44900,0.234,0.4,0.634
JEEP,RENEGADE,RENEGADE,ESS+ELEC_HNR,1469,1420,0.381,0.063,0.018,,33438,0.381,1.575,1.956
VOLVO,XC60,XC60,ELEC+ESSENC_HR,1969,2094,0.645,0.006,0.006,,76310,0.645,0.15,0.795
MERCEDES,VITO_TOURER,VITO,GAZOLE,1950,1947,0.019,0.006999999999999999,0.019,0.026,46050,0.019,0.175,0.19399999999999998
B.M.W.,SERIE_X,X6,ELEC+GAZOLE_HR,2993,2185,0.141,0.018000000000000002,0.045,0.063,84025,0.141,0.45000000000000007,0.5910000000000001
B.M.W.,SERIE_5,530,ELEC+GAZOLE_HR,2993,1925,0.112,0.020999999999999998,0.052,0.073,72588,0.112,0.5249999999999999,0.6369999999999999
MERCEDES,CLASSE_A,A_250,ELEC+ESSENC_HR,1332,1600,0.096,0.016,0.013,,47875,0.096,0.4,0.496
MERCEDES,CLASSE_A,A_180,ESSENCE,1332,1290,0.111,0.023,0.027,,39983,0.111,0.575,0.6859999999999999
SKODA,KAROQ,KAROQ,ESSENCE,1498,1335,0.115,0.013,0.018,,33965,0.115,0.325,0.44
MINI,MINI,MINI,ESSENCE,1499,1230,0.2,0.019,0.01,,33325,0.2,0.475,0.675
MERCEDES,CLASSE_GLE,GLE_300,ELEC+GAZOLE_HR,1993,2205,0.04,0.01,0.01,0.02,86350,0.04,0.25,0.29
RENAULT,CLIO,CLIO,ESS+ELEC_HNR,1598,1266,0.416,0.023,0.005,,25133,0.416,0.575,0.9909999999999999
PEUGEOT,308,308,ESSENCE,1199,1345,0.302,0.022,0.041,,34280,0.302,0.5499999999999999,0.8519999999999999
B.M.W.,SERIE_5,520,ELEC+GAZOLE_HR,1995,1840,0.1,0.029,0.019,0.048,63713,0.1,0.7250000000000001,0.8250000000000001
NISSAN,QASHQAI,QASHQAI,ESS+ELEC_HNR,1332,1329,0.314,0.012,0.017,,34540,0.314,0.3,0.614
MAZDA,MAZDA_CX_30,CX_30,ESS+ELEC_HNR,1998,1406,0.152,0.013,0.01,,33450,0.152,0.325,0.477
SKODA,OCTAVIA,OCTAVIA,GAZOLE,1968,1403,0.026,0.008999999999999998,0.028,0.037,37710,0.026,0.22499999999999995,0.25099999999999995
VOLVO,XC60,XC60,ELEC+ESSENC_HR,1969,2075,0.243,0.008,0.008,,85355,0.243,0.2,0.443
MINI,MINI,MINI,ESSENCE,1998,1275,0.227,0.016,0.01,,40700,0.227,0.4,0.627
VOLKSWAGEN,CADDY,CADDY,ESSENCE,1498,1497,0.212,0.028,0.029,,34573,0.212,0.7000000000000001,0.912
NISSAN,QASHQAI,QASHQAI,ESS+ELEC_HNR,1332,1375,0.292,0.017,0.02,,39315,0.292,0.42500000000000004,0.7170000000000001
VOLVO,XC40,XC40,ESS+ELEC_HNR,1969,1660,0.348,0.014,0.012,,56350,0.348,0.35000000000000003,0.698
PORSCHE,911_TARGA_4S,911,ESSENCE,2981,1675,0.13,0.014,0.013,,153576,0.13,0.35000000000000003,0.48000000000000004
RENAULT,TRAFIC,TRAFIC,GAZOLE,1997,2010,0.04,0.006999999999999999,0.038,0.045,42550,0.04,0.175,0.215
B.M.W.,SERIE_2,218,GAZOLE,1995,1470,0.178,0.053000000000000005,0.013,0.066,43563,0.178,1.3250000000000002,1.5030000000000001
JEEP,RENEGADE,RENEGADE,ESS+ELEC_HNR,1469,1420,0.381,0.063,0.018,,33438,0.381,1.575,1.956
SKODA,KAROQ,KAROQ,ESSENCE,1498,1342,0.132,0.023,0.025,,37898,0.132,0.575,0.707
B.M.W.,SERIE_1,118,GAZOLE,1995,1430,0.171,0.049,0.013,0.062,40410,0.171,1.225,1.3960000000000001
DACIA,SANDERO,SANDERO,ESSENCE,999,1072,0.317,0.04,0.027,,14400,0.317,1.0,1.317
SKODA,KODIAQ,KODIAQ,ESSENCE,1498,1495,0.206,0.028,0.027,,36460,0.206,0.7000000000000001,0.906
MERCEDES,CLASSE_C,C_220,ELEC+GAZOLE_HR,1993,1705,0.055,0.008,0.006,0.014,60783,0.055,0.2,0.255
RENAULT,KANGOO,KANGOO,GAZOLE,1461,1577,0.158,0.042,0.035,0.077,28050,0.158,1.05,1.208
SKODA,SCALA,SCALA,ESSENCE,999,1176,0.169,0.025,0.035,,29705,0.169,0.625,0.794
SKODA,OCTAVIA,OCTAVIA,ESSENCE,1498,1290,0.21,0.023,0.016,,30465,0.21,0.575,0.7849999999999999
PEUGEOT,208,208,ESSENCE,1199,1090,0.383,0.027,0.028,,26013,0.383,0.675,1.058
SKODA,KODIAQ,KODIAQ,ESSENCE,1498,1537,0.206,0.028,0.027,,37620,0.206,0.7000000000000001,0.906
DACIA,SANDERO,SANDERO,ESS+G.P.L.,999,1106,0.431,0.038,0.024,,13650,0.431,0.95,1.381
DACIA,SANDERO,SANDERO,ESS+G.P.L.,999,1106,0.434,0.023,0.032,,13650,0.434,0.575,1.009
B.M.W.,SERIE_1,120,GAZOLE,1995,1515,0.071,0.037000000000000005,0.021,0.058,46988,0.071,0.9250000000000002,0.9960000000000001
B.M.W.,SERIE_5,520,ESS+ELEC_HNR,1998,1715,0.111,0.012,0.022,,60063,0.111,0.3,0.411
B.M.W.,SERIE_2,240,ESSENCE,2998,1690,0.143,0.022,0.009,,61550,0.143,0.5499999999999999,0.693
B.M.W.,SERIE_X,X3,ESS+ELEC_HNR,1998,1800,0.157,0.013,0.017,,54800,0.157,0.325,0.482
B.M.W.,SERIE_1,118,GAZOLE,1995,1430,0.171,0.049,0.013,0.062,40410,0.171,1.225,1.3960000000000001
MERCEDES,CLASSE_B,B_250,ELEC+ESSENC_HR,1332,1645,0.096,0.016,0.013,,49933,0.096,0.4,0.496
B.M.W.,SERIE_X,X2,GAZOLE,1995,1510,0.192,0.061000000000000006,0.024,0.085,43367,0.192,1.5250000000000001,1.717
SKODA,OCTAVIA,OCTAVIA,ESSENCE,1498,1281,0.21,0.023,0.016,,31545,0.21,0.575,0.7849999999999999
CUPRA,FORMENTOR,FORMENTOR,ESSENCE,1984,1551,0.398,0.036,0.012,,50250,0.398,0.8999999999999999,1.298
B.M.W.,SERIE_X,X4,ELEC+GAZOLE_HR,2993,2020,0.122,0.013999999999999999,0.038,0.052,79750,0.122,0.35,0.472
PORSCHE,CAYENNE_E_HYBRID,CAYENNE,ELEC+ESSENC_HR,2995,2295,0.389,0.021,0.021,,103699,0.389,0.525,0.914
MERCEDES,CLASSE_A,A_200,ESSENCE,1332,1300,0.12,0.024,0.025,,39475,0.12,0.6,0.72
SKODA,KAMIQ,KAMIQ,ESSENCE,1498,1214,0.144,0.022,0.022,,30194,0.144,0.5499999999999999,0.694
RENAULT,CAPTUR,CAPTUR,ESS+ELEC_HNR,1332,1298,0.473,0.012,0.028,,27325,0.473,0.3,0.7729999999999999
B.M.W.,SERIE_1,118,ESSENCE,1499,1290,0.291,0.024,0.018,,35210,0.291,0.6,0.891
MERCEDES,CLASSE_C,C_220,ELEC+GAZOLE_HR,1993,1655,0.063,0.007,0.007,0.014,58383,0.063,0.17500000000000002,0.23800000000000002
RENAULT,SCENIC,SCENIC,ESSENCE,1332,1427,0.312,0.011,0.014,,33900,0.312,0.27499999999999997,0.587
B.M.W.,SERIE_5,520,ESS+ELEC_HNR,1998,1715,0.111,0.012,0.022,,60063,0.111,0.3,0.411
B.M.W.,SERIE_X,X2,ESSENCE,1499,1430,0.312,0.031,0.016,,42317,0.312,0.775,1.087
PORSCHE,MACAN_T,MACAN,ESSENCE,1984,1865,0.341,0.014,0.012,,72831,0.341,0.35000000000000003,0.6910000000000001
SUZUKI,SWIFT,SWIFT,ESS+ELEC_HNR,1197,975,0.494,0.049,0.01,,20070,0.494,1.225,1.719
FORD,TOURNEO_CUSTOM,TOURNEO_CUSTOM,GAZOLE,1995,2209,0.117,0.014,0.049,0.065,51095,0.117,0.35000000000000003,0.467
MERCEDES,CLASSE_V,V_300,GAZOLE,1950,2067,0.116,0.015,0.022,0.037,91580,0.116,0.375,0.491
FORD,FOCUS,FOCUS,ESS+ELEC_HNR,999,1312,0.337,0.043,0.018,,35350,0.337,1.075,1.412
B.M.W.,SERIE_4,440,ESS+ELEC_HNR,2998,1825,0.099,0.016,0.01,,71000,0.099,0.4,0.499
PORSCHE,PANAMERA_TURBO_S,PANAMERA,ESSENCE,3996,2095,0.199,0.018,0.015,,193536,0.199,0.44999999999999996,0.649
PEUGEOT,EXPERT_TRAVELLER,TRAVELLER,GAZOLE,1499,1625,0.072,0.0049999999999999975,0.05,0.055,32350,0.072,0.12499999999999994,0.19699999999999995
B.M.W.,SERIE_1,128,ESSENCE,1998,1445,0.102,0.009,0.016,,47600,0.102,0.22499999999999998,0.32699999999999996
FORD,TOURNEO_CUSTOM,TOURNEO_CUSTOM,GAZOLE,1995,2274,0.117,0.014,0.049,0.065,51095,0.117,0.35000000000000003,0.467
B.M.W.,SERIE_2,220,ESS+ELEC_HNR,1499,1520,0.181,0.009,0.015,,38638,0.181,0.22499999999999998,0.40599999999999997
NISSAN,QASHQAI,QASHQAI,ESS+ELEC_HNR,1332,1375,0.292,0.017,0.02,,39315,0.292,0.42500000000000004,0.7170000000000001
OPEL,ASTRA,ASTRA,ESSENCE,1199,1296,0.302,0.022,0.041,,33250,0.302,0.5499999999999999,0.8519999999999999
RENAULT,SCENIC,SCENIC,ESSENCE,1332,1427,0.312,0.011,0.014,,33900,0.312,0.27499999999999997,0.587
B.M.W.,SERIE_2,218,GAZOLE,1995,1545,0.05,0.005999999999999998,0.041,0.047,38888,0.05,0.14999999999999997,0.19999999999999996
VOLKSWAGEN,POLO,POLO,ESSENCE,999,1134,0.191,0.025,0.037,,26043,0.191,0.625,0.8160000000000001
PEUGEOT,EXPERT_TRAVELLER,TRAVELLER,GAZOLE,1997,1718,0.028,0.004,0.023,0.027,38875,0.028,0.1,0.128
KIA,SPORTAGE,SPORTAGE,ESS+ELEC_HNR,1598,1574,0.129,0.011,0.028,,42390,0.129,0.27499999999999997,0.40399999999999997
RENAULT,TALISMAN,TALISMAN,GAZOLE,1997,1619,0.063,0.022000000000000002,0.028,0.05,41400,0.063,0.55,0.613
OPEL,MOKKA,MOKKA,ESSENCE,1199,1220,0.333,0.022,0.026,,31388,0.333,0.5499999999999999,0.883
B.M.W.,SERIE_1,118,GAZOLE,1995,1430,0.171,0.049,0.013,0.062,40410,0.171,1.225,1.3960000000000001
CUPRA,FORMENTOR,FORMENTOR,ESSENCE,1984,1470,0.227,0.025,0.018,,45900,0.227,0.625,0.852
FORD,FIESTA,FIESTA,ESS+ELEC_HNR,999,1136,0.309,0.034,0.014,,24190,0.309,0.8500000000000001,1.159
B.M.W.,SERIE_X,X1,ELEC+GAZOLE_HR,1995,1690,0.037,0.005999999999999998,0.03,0.036,49617,0.037,0.14999999999999997,0.18699999999999997
B.M.W.,SERIE_4,430,ELEC+GAZOLE_HR,2993,1845,0.124,0.012999999999999998,0.042,0.055,62950,0.124,0.32499999999999996,0.44899999999999995
MERCEDES,CLASSE_GLE,GLE_350,ELEC+GAZOLE_HR,1950,2580,0.031,0.0049999999999999975,0.038,0.043,88400,0.031,0.12499999999999994,0.15599999999999994
KIA,SPORTAGE,SPORTAGE,ESS+ELEC_HNR,1598,1574,0.129,0.011,0.028,,42390,0.129,0.27499999999999997,0.40399999999999997
MERCEDES,CLASSE_GLC,GLC_300,ELEC+ESSENC_HR,1991,1965,0.208,0.013,0.008,,75925,0.208,0.325,0.533
VOLVO,XC40,XC40,ESSENCE,1477,1550,0.238,0.035,0.024,,33650,0.238,0.8750000000000001,1.113
SKODA,SCALA,SCALA,ESSENCE,999,1176,0.169,0.025,0.035,,29705,0.169,0.625,0.794
FORD,TOURNEO,TOURNEO_CONNECT,GAZOLE,1499,1744,0.04,0.005,0.022,0.027,30993,0.04,0.125,0.165
FORD,FIESTA,FIESTA,SUPERETHANOL,999,1114,0.393,0.036,0.01,,23090,0.393,0.8999999999999999,1.293
KIA,CEED,CEED,ESSENCE,1482,1255,0.354,0.027,0.025,,28522,0.354,0.675,1.029
RENAULT,KANGOO,KANGOO,GAZOLE,1461,1558,0.17,0.048,0.039,0.086,29800,0.17,1.2,1.3699999999999999
SKODA,OCTAVIA,OCTAVIA,ESS+ELEC_HNR,1498,1329,0.135,0.021,0.019,,35663,0.135,0.525,0.66
VOLVO,V60,V60,ELEC+GAZOLE_HR,1969,1728,0.243,0.026000000000000002,0.039,0.065,58933,0.243,0.65,0.893
MERCEDES,CLASSE_V,V_250,GAZOLE,1950,2092,0.116,0.015,0.022,0.037,74793,0.116,0.375,0.491
RENAULT,KADJAR,KADJAR,GAZOLE,1461,1466,0.116,0.042,0.037,0.075,32240,0.116,1.05,1.1660000000000001
MERCEDES,CLASSE_GLS,GLS_400,GAZOLE,2925,2430,0.046,0.013999999999999999,0.03,0.044,112850,0.046,0.35,0.39599999999999996
KIA,XCEED,XCEED,ELEC+ESSENC_HR,1580,1519,0.064,0.015,0.008,,37020,0.064,0.375,0.439
KIA,PROCEED,PROCEED,ESSENCE,1482,1323,0.354,0.027,0.025,,32033,0.354,0.675,1.029
DS,DS_3_CROSSBACK,3_CROSSBACK,ESSENCE,1199,1170,0.63,0.023,0.031,,29550,0.63,0.575,1.205
DACIA,DUSTER,DUSTER,ESS+G.P.L.,999,1262,0.632,0.053,0.015,,18685,0.632,1.325,1.9569999999999999
DACIA,DUSTER,DUSTER,ESS+G.P.L.,999,1262,0.388,0.018,0.026,,18685,0.388,0.44999999999999996,0.838
SKODA,KAMIQ,KAMIQ,ESSENCE,1498,1214,0.144,0.022,0.022,,31270,0.144,0.5499999999999999,0.694
B.M.W.,SERIE_4,440,ESS+ELEC_HNR,2998,1825,0.099,0.016,0.01,,71000,0.099,0.4,0.499
LAND_ROVER,RANGE_ROVER_EVOQUE,RANGE_ROVER_EVOQUE,ELEC+GAZOLE_HR,1998,1917,0.121,0.016999999999999994,0.035,0.052,39750,0.121,0.4249999999999999,0.5459999999999998
VOLVO,XC60,XC60,ELEC+ESSENC_HR,1969,2094,0.645,0.006,0.006,,72940,0.645,0.15,0.795
RENAULT,KANGOO,KANGOO,GAZOLE,1461,1556,0.164,0.045,0.035,0.078,28050,0.164,1.125,1.289
SKODA,OCTAVIA,OCTAVIA,GAZOLE,1968,1359,0.026,0.009000000000000001,0.043,0.052,31595,0.026,0.22500000000000003,0.25100000000000006
DACIA,SANDERO,SANDERO,ESS+G.P.L.,999,1134,0.38,0.037,0.025,,15350,0.38,0.9249999999999999,1.305
DACIA,SANDERO,SANDERO,ESS+G.P.L.,999,1134,0.444,0.026,0.033,,15350,0.444,0.65,1.094
MERCEDES,CLASSE_GLE,GLE_350,ELEC+GAZOLE_HR,1950,2615,0.031,0.0049999999999999975,0.038,0.043,106650,0.031,0.12499999999999994,0.15599999999999994
HYUNDAI,SANTA_FE,SANTA_FE,ELEC+ESSENC_HR,1598,2005,0.129,0.015,0.008,,57583,0.129,0.375,0.504
LAND_ROVER,RANGE_ROVER,RANGE_ROVER,ELEC+GAZOLE_HR,2997,2429,0.136,0.022000000000000002,0.027,0.049,169550,0.136,0.55,0.686
VOLKSWAGEN,CADDY,CADDY,GAZOLE,1968,1535,0.025,0.019000000000000003,0.047,0.066,31960,0.025,0.4750000000000001,0.5000000000000001
RENAULT,TRAFIC,TRAFIC,GAZOLE,1997,2001,0.04,0.006999999999999999,0.038,0.045,42550,0.04,0.175,0.215
VOLKSWAGEN,KOMBI,KOMBI,GAZOLE,1968,1919,0.015,0.013999999999999999,0.033,0.047,60740,0.015,0.35,0.365
B.M.W.,SERIE_3,316,ELEC+GAZOLE_HR,1995,1660,0.049,0.022000000000000002,0.018,0.04,48300,0.049,0.55,0.5990000000000001
B.M.W.,SERIE_4,420,ELEC+GAZOLE_HR,1995,1775,0.089,0.022000000000000002,0.018,0.04,62650,0.089,0.55,0.639
B.M.W.,SERIE_X,X4,ELEC+GAZOLE_HR,2993,2020,0.122,0.013999999999999999,0.038,0.052,79750,0.122,0.35,0.472
CITROEN,C3,C3,ESSENCE,1199,1090,0.327,0.023,0.023,,24625,0.327,0.575,0.9019999999999999
OPEL,ZAFIRA_LIFE,ZAFIRA,GAZOLE,1499,1659,0.072,0.0049999999999999975,0.05,0.055,36610,0.072,0.12499999999999994,0.19699999999999995
LAND_ROVER,RANGE_ROVER_VELAR,RANGE_ROVER_VELAR,ELEC+ESSENC_HR,1997,2199,0.601,0.025,0.02,,72850,0.601,0.625,1.226
MINI,MINI,MINI,ESSENCE,1499,1180,0.084,0.012,0.006,,27150,0.084,0.3,0.384
MINI,MINI,COUNTRYMAN,GAZOLE,1995,1535,0.167,0.046,0.015,0.061,43000,0.167,1.15,1.317
PORSCHE,PANAMERA_4_E_HYBRID,PANAMERA,ELEC+ESSENC_HR,2894,2210,0.314,0.021,0.005,,125222,0.314,0.525,0.839
FORD,KUGA,KUGA,ESS+ELEC_HNR,2488,1698,0.253,0.015,0.013,,42362,0.253,0.375,0.628
AUDI,SQ2,Q2,ESSENCE,1984,1535,0.249,0.024,0.013,,53900,0.249,0.6,0.849
B.M.W.,SERIE_3,330,ELEC+ESSENC_HR,1998,1825,0.323,0.016,0.011,,60333,0.323,0.4,0.7230000000000001
NISSAN,QASHQAI,QASHQAI,ESS+ELEC_HNR,1332,1329,0.314,0.012,0.017,,34540,0.314,0.3,0.614
B.M.W.,SERIE_4,420,ELEC+GAZOLE_HR,1995,1775,0.089,0.022000000000000002,0.018,0.04,62650,0.089,0.55,0.639
SKODA,KODIAQ,KODIAQ,ESSENCE,1498,1535,0.206,0.028,0.027,,37620,0.206,0.7000000000000001,0.906
B.M.W.,SERIE_X,X2,ESSENCE,1998,1615,0.12,0.009,0.019,,58700,0.12,0.22499999999999998,0.345
B.M.W.,SERIE_X,X3,ELEC+GAZOLE_HR,1995,1810,0.159,0.038,0.023,0.061,55100,0.159,0.95,1.109
MERCEDES,VITO_TOURER,VITO,GAZOLE,1950,2015,0.211,0.018,0.027,0.045,50343,0.211,0.44999999999999996,0.6609999999999999
CITROEN,C4,C4,ESSENCE,1199,1278,0.317,0.022,0.037,,31380,0.317,0.5499999999999999,0.867
FORD,TOURNEO,TOURNEO_CONNECT,GAZOLE,1499,1653,0.04,0.005,0.022,0.027,29793,0.04,0.125,0.165
RENAULT,CAPTUR,CAPTUR,ESSENCE,999,1199,0.244,0.047,0.047,,24867,0.244,1.175,1.419
LAND_ROVER,RANGE_ROVER_VELAR,RANGE_ROVER_VELAR,ELEC+GAZOLE_HR,1998,1974,0.102,0.018,0.024,0.042,77700,0.102,0.44999999999999996,0.5519999999999999
B.M.W.,SERIE_X,X3,ELEC+GAZOLE_HR,1995,1840,0.165,0.044000000000000004,0.025,0.069,59100,0.165,1.1,1.2650000000000001
TOYOTA,YARIS_CROSS,YARIS_CROSS,ESS+ELEC_HNR,1490,1175,0.157,0.016,0.007,,29600,0.157,0.4,0.557
PORSCHE,CAYENNE_E_HYBRID,CAYENNE,ELEC+ESSENC_HR,2995,2295,0.42,0.021,0.021,,103699,0.42,0.525,0.9450000000000001
MINI,MINI,CABRIO,ESSENCE,1998,1325,0.188,0.016,0.009,,41233,0.188,0.4,0.5880000000000001
B.M.W.,SERIE_X,X2,GAZOLE,1995,1540,0.177,0.049,0.016,0.065,45667,0.177,1.225,1.4020000000000001
VOLKSWAGEN,T_ROC,T_ROC,GAZOLE,1968,1485,0.022,0.007999999999999997,0.029,0.037,44513,0.022,0.19999999999999993,0.22199999999999992
B.M.W.,SERIE_X,X3,ESS+ELEC_HNR,2998,1910,0.109,0.015,0.013,,79000,0.109,0.375,0.484
KIA,CEED,CEED,ESSENCE,1482,1302,0.354,0.027,0.025,,30539,0.354,0.675,1.029
B.M.W.,SERIE_X,X2,ESSENCE,1499,1410,0.267,0.025,0.014,,40217,0.267,0.625,0.892
VOLKSWAGEN,GOLF,GOLF,GAZOLE,1968,1311,0.025,0.023,0.036,0.059,38127,0.025,0.575,0.6
B.M.W.,SERIE_X,X3,ELEC+GAZOLE_HR,1995,1840,0.165,0.044000000000000004,0.025,0.069,59100,0.165,1.1,1.2650000000000001
SKODA,KODIAQ,KODIAQ,GAZOLE,1968,1708,0.026,0.009000000000000001,0.03,0.039,33820,0.026,0.22500000000000003,0.25100000000000006
KIA,XCEED,XCEED,ESSENCE,998,1272,0.387,0.026,0.024,,30050,0.387,0.65,1.037
PORSCHE,718_CAYMAN,CAYMAN,ESSENCE,1988,1335,0.151,0.023,0.031,,59692,0.151,0.575,0.726
RENAULT,TRAFIC,TRAFIC,GAZOLE,1997,1981,0.04,0.006999999999999999,0.038,0.045,42550,0.04,0.175,0.215
SKODA,OCTAVIA,OCTAVIA,GAZOLE,1968,1424,0.026,0.008999999999999998,0.028,0.037,37710,0.026,0.22499999999999995,0.25099999999999995
PEUGEOT,EXPERT_TRAVELLER,TRAVELLER,GAZOLE,1499,1659,0.072,0.0049999999999999975,0.05,0.055,34350,0.072,0.12499999999999994,0.19699999999999995
RENAULT,KANGOO,KANGOO,GAZOLE,1461,1558,0.17,0.048,0.039,0.086,29800,0.17,1.2,1.3699999999999999
VOLVO,V60,V60,ELEC+ESSENC_HR,1969,2000,0.673,0.005,0.01,,64670,0.673,0.125,0.798
PEUGEOT,3008,3008,GAZOLE,1499,1429,0.052,0.003999999999999997,0.041,0.045,37390,0.052,0.09999999999999992,0.1519999999999999
PEUGEOT,308,308,ESSENCE,1199,1288,0.302,0.022,0.041,,33280,0.302,0.5499999999999999,0.8519999999999999
RENAULT,CLIO,CLIO,ESS+ELEC_HNR,1598,1266,0.445,0.022,0.002,,25133,0.445,0.5499999999999999,0.9949999999999999
B.M.W.,SERIE_2,218,GAZOLE,1995,1470,0.178,0.053000000000000005,0.013,0.066,43563,0.178,1.3250000000000002,1.5030000000000001
CITROEN,C3,C3,ESSENCE,1199,980,0.541,0.033,0.014,,19013,0.541,0.8250000000000001,1.366
VOLVO,XC40,XC40,ESS+ELEC_HNR,1969,1660,0.348,0.014,0.012,,56350,0.348,0.35000000000000003,0.698
B.M.W.,SERIE_X,X4,ESS+ELEC_HNR,1998,1815,0.183,0.013,0.014,,63850,0.183,0.325,0.508
B.M.W.,SERIE_2,218,GAZOLE,1995,1470,0.178,0.053000000000000005,0.013,0.066,43563,0.178,1.3250000000000002,1.5030000000000001
CITROEN,JUMPY_SPACE_TOURER,SPACE_TOURER,GAZOLE,1997,1718,0.028,0.004,0.023,0.027,34750,0.028,0.1,0.128
OPEL,MOKKA,MOKKA,ESSENCE,1199,1200,0.369,0.026,0.018,,29163,0.369,0.65,1.0190000000000001
CITROEN,BERLINGO,BERLINGO,ESSENCE,1199,1410,0.588,0.024,0.035,,27100,0.588,0.6,1.188
FIAT,500,500,ESS+ELEC_HNR,999,989,0.3,0.028,0.022,,19150,0.3,0.7000000000000001,1.0
FORD,TOURNEO,TOURNEO_CONNECT,ESSENCE,999,1605,0.632,0.047,0.016,,26055,0.632,1.175,1.807
MERCEDES,CLASSE_C,C_220,GAZOLE,1950,1575,0.059,0.009000000000000001,0.02,0.029,58600,0.059,0.22500000000000003,0.28400000000000003
SKODA,SCALA,SCALA,ESSENCE,999,1170,0.169,0.025,0.035,,29705,0.169,0.625,0.794
VOLKSWAGEN,T_ROC,T_ROC,ESSENCE,1498,1270,0.115,0.013,0.018,,34790,0.115,0.325,0.44
VOLVO,XC60,XC60,ELEC+ESSENC_HR,1969,2094,0.645,0.006,0.006,,76310,0.645,0.15,0.795
MINI,MINI,COUNTRYMAN,ESSENCE,1998,1605,0.314,0.012,0.012,,51800,0.314,0.3,0.614
B.M.W.,SERIE_1,120,GAZOLE,1995,1515,0.071,0.037000000000000005,0.021,0.058,46988,0.071,0.9250000000000002,0.9960000000000001
VOLKSWAGEN,CADDY,CADDY,GAZOLE,1968,1722,0.024,0.012000000000000004,0.051,0.063,41833,0.024,0.3000000000000001,0.3240000000000001
MERCEDES,VITO_TOURER,VITO,GAZOLE,1950,1957,0.019,0.006999999999999999,0.019,0.026,49623,0.019,0.175,0.19399999999999998
VOLKSWAGEN,T_ROC,T_ROC,ESSENCE,999,1226,0.216,0.022,0.027,,29433,0.216,0.5499999999999999,0.7659999999999999
KIA,SPORTAGE,SPORTAGE,ELEC+GAZOLE_HR,1598,1601,0.12,0.038,0.025,0.063,43590,0.12,0.95,1.0699999999999998
MERCEDES,CLASSE_B,B_250,ELEC+ESSENC_HR,1332,1645,0.078,0.016,0.013,,49933,0.078,0.4,0.47800000000000004
VOLKSWAGEN,ARTEON,ARTEON,GAZOLE,1968,1658,0.021,0.011000000000000003,0.038,0.049,62440,0.021,0.2750000000000001,0.2960000000000001
FIAT,500C,500,ESS+ELEC_HNR,999,1012,0.3,0.028,0.022,,18701,0.3,0.7000000000000001,1.0
TOYOTA,AYGO_X,AYGO_X,ESSENCE,998,945,0.246,0.022,0.017,,19433,0.246,0.5499999999999999,0.7959999999999999
RENAULT,KANGOO,KANGOO,ESSENCE,1332,1519,0.234,0.012,0.022,,31000,0.234,0.3,0.534
SKODA,KAMIQ,KAMIQ,ESSENCE,1498,1202,0.159,0.027,0.022,,30194,0.159,0.675,0.8340000000000001
CITROEN,JUMPY_SPACE_TOURER,SPACE_TOURER,GAZOLE,1997,1660,0.028,0.004,0.023,0.027,35250,0.028,0.1,0.128
B.M.W.,SERIE_X,X2,GAZOLE,1995,1540,0.177,0.049,0.016,0.065,45667,0.177,1.225,1.4020000000000001
DS,DS_4,4,ESSENCE,1598,1420,0.519,0.021,0.034,,42233,0.519,0.525,1.044
B.M.W.,SERIE_2,218,ESSENCE,1499,1470,0.235,0.009,0.009,,36688,0.235,0.22499999999999998,0.45999999999999996
OPEL,ASTRA,ASTRA,ESSENCE,1199,1296,0.302,0.022,0.041,,32917,0.302,0.5499999999999999,0.8519999999999999
MERCEDES,CLASSE_V,V_250,GAZOLE,1950,2042,0.116,0.015,0.022,0.037,67850,0.116,0.375,0.491
PEUGEOT,208,208,ESSENCE,1199,1090,0.509,0.022,0.014,,24256,0.509,0.5499999999999999,1.059
B.M.W.,SERIE_2,216,GAZOLE,1496,1430,0.037,0.02,0.019,0.039,41313,0.037,0.5,0.537
B.M.W.,SERIE_X,X2,GAZOLE,1995,1605,0.071,0.036000000000000004,0.02,0.056,50717,0.071,0.9000000000000001,0.9710000000000001
MERCEDES,CLASSE_C,C_220,ELEC+GAZOLE_HR,1993,1715,0.063,0.007,0.007,0.014,59883,0.063,0.17500000000000002,0.23800000000000002
B.M.W.,SERIE_3,340,ELEC+GAZOLE_HR,2993,1800,0.102,0.013999999999999999,0.041,0.055,71450,0.102,0.35,0.45199999999999996
MINI,MINI,CLUBMAN,GAZOLE,1496,1400,0.072,0.02,0.018,0.038,33325,0.072,0.5,0.572
DACIA,JOGGER,JOGGER,ESSENCE,999,1176,0.234,0.024,0.023,,19350,0.234,0.6,0.834
OPEL,GRANDLAND,GRANDLAND,ELEC+ESSENC_HR,1598,1801,0.588,0.018,0.024,,55400,0.588,0.44999999999999996,1.0379999999999998
VOLVO,S60,S60,ELEC+ESSENC_HR,1969,1985,0.677,0.006,0.008,,77600,0.677,0.15,0.8270000000000001
B.M.W.,SERIE_X,X6,ELEC+GAZOLE_HR,2993,2215,0.096,0.012999999999999998,0.025,0.038,89225,0.096,0.32499999999999996,0.42099999999999993
FIAT,TIPO,TIPO,ESSENCE,999,1240,0.749,0.034,0.019,,21690,0.749,0.8500000000000001,1.5990000000000002
FORD,TOURNEO,TOURNEO_CONNECT,GAZOLE,1499,1635,0.045,0.005,0.03,0.034,26495,0.045,0.125,0.16999999999999998
FIAT,500X,500X,ESSENCE,1332,1320,0.291,0.033,0.012,,31413,0.291,0.8250000000000001,1.116
B.M.W.,SERIE_X,X3,ELEC+GAZOLE_HR,1995,1840,0.165,0.044000000000000004,0.025,0.069,59100,0.165,1.1,1.2650000000000001
VOLKSWAGEN,CADDY,CADDY,GAZOLE,1968,1722,0.024,0.012000000000000004,0.051,0.063,41833,0.024,0.3000000000000001,0.3240000000000001
MERCEDES,CLASSE_GLS,GLS_63_AMG,ESS+ELEC_HNR,3982,2555,0.37,0.021,0.023,,176650,0.37,0.525,0.895
VOLKSWAGEN,CADDY,CADDY,GAZOLE,1968,1706,0.024,0.012000000000000004,0.051,0.063,29500,0.024,0.3000000000000001,0.3240000000000001
VOLKSWAGEN,CADDY,CADDY,GAZOLE,1968,1637,0.024,0.012000000000000004,0.051,0.063,38693,0.024,0.3000000000000001,0.3240000000000001
B.M.W.,SERIE_2,218,ESSENCE,1499,1375,0.273,0.023,0.015,,40663,0.273,0.575,0.848
MERCEDES,CLASSE_C,C_220,ELEC+GAZOLE_HR,1993,1765,0.055,0.008,0.006,0.014,62283,0.055,0.2,0.255
FIAT,500,500,ESS+ELEC_HNR,999,985,0.3,0.028,0.022,,18701,0.3,0.7000000000000001,1.0
VOLKSWAGEN,GOLF,GOLF,ESSENCE,1984,1480,0.289,0.029,0.024,,62700,0.289,0.7250000000000001,1.014
B.M.W.,SERIE_2,220,GAZOLE,1995,1565,0.071,0.037000000000000005,0.021,0.058,49633,0.071,0.9250000000000002,0.9960000000000001
B.M.W.,SERIE_X,X3,ELEC+GAZOLE_HR,1995,1840,0.165,0.044000000000000004,0.025,0.069,59100,0.165,1.1,1.2650000000000001
OPEL,GRANDLAND,GRANDLAND,ESSENCE,1199,1386,0.435,0.024,0.03,,39700,0.435,0.6,1.035
MERCEDES,CLASSE_E,E_200,ELEC+GAZOLE_HR,1993,1755,0.054,0.006999999999999999,0.006,0.013,58383,0.054,0.175,0.22899999999999998
MERCEDES,CLASSE_GLE,GLE_350,ELEC+GAZOLE_HR,1950,2615,0.031,0.0040000000000000036,0.046,0.05,106650,0.031,0.10000000000000009,0.1310000000000001
FIAT,500X,500X,ESSENCE,999,1320,0.423,0.023,0.016,,27832,0.423,0.575,0.998
B.M.W.,SERIE_4,440,ESS+ELEC_HNR,2998,1890,0.059,0.013,0.01,,77150,0.059,0.325,0.384
SKODA,KAROQ,KAROQ,ESSENCE,1498,1324,0.192,0.027,0.022,,32725,0.192,0.675,0.867
VOLKSWAGEN,TIGUAN,TIGUAN,GAZOLE,1968,1679,0.026,0.009000000000000001,0.03,0.039,52000,0.026,0.22500000000000003,0.25100000000000006
NISSAN,QASHQAI,QASHQAI,ESS+ELEC_HNR,1332,1329,0.314,0.012,0.017,,34540,0.314,0.3,0.614
MERCEDES,CLASSE_C,C_220,ELEC+GAZOLE_HR,1993,1715,0.063,0.007,0.007,0.014,59883,0.063,0.17500000000000002,0.23800000000000002
MERCEDES,CLASSE_GLE,GLE_300,ELEC+GAZOLE_HR,1993,2205,0.049,0.007999999999999998,0.01,0.018,86350,0.049,0.19999999999999996,0.24899999999999994
B.M.W.,SERIE_3,320,ELEC+ESSENC_HR,1998,1880,0.343,0.014,0.011,,58833,0.343,0.35000000000000003,0.6930000000000001
B.M.W.,SERIE_5,530,ELEC+ESSENC_HR,1998,1900,0.352,0.012,0.011,,68188,0.352,0.3,0.6519999999999999
MERCEDES,VITO_TOURER,VITO,GAZOLE,1950,1982,0.116,0.015,0.022,0.037,51198,0.116,0.375,0.491
DACIA,SANDERO,SANDERO,ESS+G.P.L.,999,1129,0.39,0.038,0.02,,16717,0.39,0.95,1.3399999999999999
DACIA,SANDERO,SANDERO,ESS+G.P.L.,999,1129,0.569,0.041,0.038,,16717,0.569,1.0250000000000001,1.594
RENAULT,CAPTUR,CAPTUR,ESS+ELEC_HNR,1332,1298,0.45,0.013,0.027,,30200,0.45,0.325,0.775
RENAULT,CAPTUR,CAPTUR,ESSENCE,999,1221,0.294,0.039,0.034,,24867,0.294,0.975,1.269
DS,DS_3_CROSSBACK,3_CROSSBACK,GAZOLE,1499,1205,0.058,0.005999999999999998,0.046,0.052,30550,0.058,0.14999999999999997,0.20799999999999996
CUPRA,FORMENTOR,FORMENTOR,GAZOLE,1968,1552,0.025,0.005,0.029,0.032,44453,0.025,0.125,0.15
VOLKSWAGEN,TIGUAN,TIGUAN,GAZOLE,1968,1556,0.026,0.009000000000000001,0.03,0.039,48739,0.026,0.22500000000000003,0.25100000000000006
B.M.W.,SERIE_4,430,ELEC+GAZOLE_HR,2993,1880,0.125,0.013000000000000005,0.044,0.057,67400,0.125,0.3250000000000001,0.4500000000000001
FORD,FIESTA,FIESTA,SUPERETHANOL,999,1114,0.393,0.036,0.01,,21340,0.393,0.8999999999999999,1.293
B.M.W.,SERIE_X,X2,ESSENCE,1499,1410,0.267,0.025,0.014,,40217,0.267,0.625,0.892
JAGUAR,XF,XF,ELEC+GAZOLE_HR,1998,1833,0.082,0.017,0.023,0.04,65047,0.082,0.42500000000000004,0.507
MINI,MINI,MINI,ESSENCE,1998,1265,0.252,0.016,0.013,,33771,0.252,0.4,0.652
PORSCHE,911_CARRERA_4S,911,ESSENCE,2981,1565,0.13,0.014,0.013,,139176,0.13,0.35000000000000003,0.48000000000000004
B.M.W.,SERIE_2,220,ELEC+GAZOLE_HR,1995,1580,0.097,0.02,0.018,0.038,48550,0.097,0.5,0.597
FORD,FIESTA,FIESTA,SUPERETHANOL,999,1114,0.393,0.036,0.01,,23090,0.393,0.8999999999999999,1.293
MINI,MINI,CLUBMAN,ESSENCE,1499,1360,0.227,0.023,0.014,,38000,0.227,0.575,0.8019999999999999
OPEL,MOKKA,MOKKA,ESSENCE,1199,1220,0.333,0.022,0.026,,31388,0.333,0.5499999999999999,0.883
B.M.W.,SERIE_1,120,ESSENCE,1998,1390,0.156,0.017,0.011,,41488,0.156,0.42500000000000004,0.5810000000000001
RENAULT,KANGOO,KANGOO,GAZOLE,1461,1556,0.164,0.045,0.035,0.078,28050,0.164,1.125,1.289
B.M.W.,SERIE_X,X3,ELEC+GAZOLE_HR,1995,1840,0.165,0.044000000000000004,0.025,0.069,59100,0.165,1.1,1.2650000000000001
VOLKSWAGEN,GOLF,GOLF,GAZOLE,1968,1303,0.03,0.009000000000000001,0.041,0.05,32357,0.03,0.22500000000000003,0.255
FIAT,PANDA,PANDA,ESS+ELEC_HNR,999,1002,0.3,0.028,0.022,,12665,0.3,0.7000000000000001,1.0
B.M.W.,SERIE_X,X3,ESS+ELEC_HNR,2998,1910,0.109,0.015,0.013,,77900,0.109,0.375,0.484
RENAULT,ESPACE,ESPACE,GAZOLE,1997,1831,0.065,0.026000000000000002,0.038,0.064,50900,0.065,0.65,0.7150000000000001
CITROEN,JUMPY_SPACE_TOURER,SPACE_TOURER,GAZOLE,1997,1764,0.031,0.004,0.012,0.016,44070,0.031,0.1,0.131
RENAULT,ESPACE,ESPACE,GAZOLE,1997,1848,0.062,0.024,0.036,0.06,57550,0.062,0.6,0.6619999999999999
ALFA_ROMEO,GIULIA,GIULIA,GAZOLE,2143,1465,0.048,0.0029999999999999957,0.041,0.044,50883,0.048,0.0749999999999999,0.1229999999999999
MERCEDES,CLASSE_V,V_220,GAZOLE,1950,2067,0.019,0.006999999999999999,0.019,0.026,75234,0.019,0.175,0.19399999999999998
OPEL,CROSSLAND,CROSSLAND_X,ESSENCE,1199,1179,0.32,0.026,0.03,,26933,0.32,0.65,0.97
B.M.W.,SERIE_1,118,GAZOLE,1995,1430,0.171,0.049,0.013,0.062,40410,0.171,1.225,1.3960000000000001
FORD,FIESTA,FIESTA,ESSENCE,1496,1205,0.482,0.017,0.019,,26950,0.482,0.42500000000000004,0.907
MERCEDES,CLASSE_A,A_180,ESSENCE,1332,1275,0.111,0.023,0.027,,35225,0.111,0.575,0.6859999999999999
SEAT,ATECA,ATECA,GAZOLE,1968,1452,0.036,0.012,0.027,0.037,40423,0.036,0.3,0.33599999999999997
B.M.W.,SERIE_4,430,ELEC+GAZOLE_HR,2993,1880,0.125,0.013000000000000005,0.044,0.057,67400,0.125,0.3250000000000001,0.4500000000000001
VOLKSWAGEN,TIGUAN,TIGUAN,GAZOLE,1968,1748,0.019,0.008999999999999994,0.034,0.043,57980,0.019,0.22499999999999987,0.24399999999999986
MAZDA,MAZDA_CX_5,CX_5,GAZOLE,2191,1725,0.067,0.011999999999999997,0.064,0.076,43750,0.067,0.29999999999999993,0.36699999999999994
SUZUKI,SWIFT,SWIFT,ESS+ELEC_HNR,1373,1020,0.38,0.036,0.01,,23250,0.38,0.8999999999999999,1.2799999999999998
PEUGEOT,3008,3008,ESSENCE,1598,1429,0.711,0.023,0.035,,39650,0.711,0.575,1.286
VOLKSWAGEN,T_ROC,T_ROC,ESSENCE,1498,1471,0.126,0.014,0.01,,44278,0.126,0.35000000000000003,0.47600000000000003
OPEL,ASTRA,ASTRA,GAZOLE,1499,1363,0.054,0.004,0.027,0.031,35650,0.054,0.1,0.154
RENAULT,KADJAR,KADJAR,ESSENCE,1332,1372,0.207,0.016,0.022,,36200,0.207,0.4,0.607
B.M.W.,SERIE_5,520,ELEC+GAZOLE_HR,1995,1840,0.1,0.029,0.019,0.048,63713,0.1,0.7250000000000001,0.8250000000000001
VOLVO,XC90,XC90,ELEC+ESSENC_HR,1969,2252,0.706,0.006,0.009,,87338,0.706,0.15,0.856
RENAULT,CAPTUR,CAPTUR,ESS+ELEC_HNR,1598,1363,0.31,0.019,0.004,,31408,0.31,0.475,0.7849999999999999
B.M.W.,SERIE_1,116,GAZOLE,1496,1385,0.037,0.02,0.019,0.039,38560,0.037,0.5,0.537
RENAULT,TRAFIC,TRAFIC,GAZOLE,1997,1980,0.054,0.017999999999999988,0.068,0.086,42550,0.054,0.44999999999999973,0.5039999999999998
OPEL,CORSA,CORSA,ESSENCE,1199,1158,0.209,0.02,0.026,,27300,0.209,0.5,0.709
MINI,MINI,MINI,ESSENCE,1499,1175,0.2,0.019,0.01,,31057,0.2,0.475,0.675
MINI,MINI,MINI,ESSENCE,1998,1280,0.188,0.016,0.009,,37750,0.188,0.4,0.5880000000000001
B.M.W.,SERIE_X,X3,ELEC+GAZOLE_HR,1995,1810,0.159,0.038,0.023,0.061,55100,0.159,0.95,1.109
SKODA,FABIA,FABIA,ESSENCE,999,1141,0.191,0.025,0.037,,23997,0.191,0.625,0.8160000000000001
B.M.W.,SERIE_1,120,GAZOLE,1995,1515,0.071,0.037000000000000005,0.021,0.058,46988,0.071,0.9250000000000002,0.9960000000000001
MERCEDES,CLASSE_GLS,GLS_63_AMG,ESS+ELEC_HNR,3982,2555,0.37,0.021,0.023,,166850,0.37,0.525,0.895
B.M.W.,SERIE_4,420,ELEC+GAZOLE_HR,1995,1760,0.087,0.026,0.019,0.045,58783,0.087,0.65,0.737
SKODA,OCTAVIA,OCTAVIA,GAZOLE,1968,1424,0.026,0.008999999999999998,0.028,0.037,37710,0.026,0.22499999999999995,0.25099999999999995
PEUGEOT,308,308,GAZOLE,1499,1343,0.08,0.003999999999999997,0.056,0.06,32033,0.08,0.09999999999999992,0.17999999999999994
B.M.W.,SERIE_1,118,GAZOLE,1995,1430,0.171,0.049,0.013,0.062,40410,0.171,1.225,1.3960000000000001
KIA,SPORTAGE,SPORTAGE,ELEC+GAZOLE_HR,1598,1527,0.13,0.031,0.014,0.045,40423,0.13,0.775,0.905
JEEP,COMPASS,COMPASS,ESS+ELEC_HNR,1469,1500,0.28,0.041,0.013,,40533,0.28,1.0250000000000001,1.3050000000000002
FORD,FIESTA,FIESTA,SUPERETHANOL,999,1114,0.393,0.036,0.01,,23090,0.393,0.8999999999999999,1.293
ALFA_ROMEO,GIULIA,GIULIA,ESSENCE,1995,1445,0.608,0.055,0.028,,49650,0.608,1.375,1.983
FORD,FIESTA,FIESTA,ESS+ELEC_HNR,999,1136,0.309,0.034,0.014,,24190,0.309,0.8500000000000001,1.159
B.M.W.,SERIE_2,218,ESSENCE,1499,1470,0.235,0.009,0.009,,36688,0.235,0.22499999999999998,0.45999999999999996
SKODA,OCTAVIA,OCTAVIA,ESSENCE,999,1247,0.19,0.025,0.042,,29465,0.19,0.625,0.815
PEUGEOT,EXPERT_TRAVELLER,TRAVELLER,GAZOLE,1997,1767,0.031,0.004,0.012,0.016,43950,0.031,0.1,0.131
RENAULT,SCENIC,SCENIC,ESSENCE,1332,1450,0.261,0.011,0.018,,35900,0.261,0.27499999999999997,0.536
B.M.W.,SERIE_X,X2,GAZOLE,1995,1540,0.177,0.049,0.016,0.065,45667,0.177,1.225,1.4020000000000001
VOLKSWAGEN,TIGUAN,TIGUAN,GAZOLE,1968,1556,0.026,0.009000000000000001,0.03,0.039,48739,0.026,0.22500000000000003,0.25100000000000006
VOLKSWAGEN,TIGUAN,TIGUAN,GAZOLE,1968,1556,0.026,0.009000000000000001,0.03,0.039,50136,0.026,0.22500000000000003,0.25100000000000006
VOLVO,XC60,XC60,ELEC+ESSENC_HR,1969,2075,0.243,0.008,0.008,,85355,0.243,0.2,0.443
SKODA,OCTAVIA,OCTAVIA,ESS+ELEC_HNR,999,1278,0.103,0.019,0.035,,31557,0.103,0.475,0.578
B.M.W.,SERIE_X,X5,ELEC+GAZOLE_HR,2993,2200,0.096,0.012999999999999998,0.025,0.038,84217,0.096,0.32499999999999996,0.42099999999999993
VOLVO,XC40,XC40,ESS+ELEC_HNR,1969,1613,0.248,0.015,0.014,,45763,0.248,0.375,0.623
MERCEDES,CLASSE_GLC,GLC_300,ELEC+GAZOLE_HR,1950,2060,0.031,0.0,0.04,0.04,77775,0.031,0.0,0.031
SKODA,KAMIQ,KAMIQ,ESSENCE,999,1177,0.167,0.02,0.037,,28070,0.167,0.5,0.667
DS,DS_3_CROSSBACK,3_CROSSBACK,ESSENCE,1199,1205,0.333,0.022,0.026,,35234,0.333,0.5499999999999999,0.883
LAND_ROVER,RANGE_ROVER_EVOQUE,RANGE_ROVER_EVOQUE,ELEC+GAZOLE_HR,1998,1917,0.121,0.016999999999999994,0.035,0.052,39750,0.121,0.4249999999999999,0.5459999999999998
RENAULT,CAPTUR,CAPTUR,ESS+ELEC_HNR,1598,1361,0.345,0.017,0.006,,31408,0.345,0.42500000000000004,0.77
B.M.W.,SERIE_3,330,ELEC+ESSENC_HR,1998,1825,0.323,0.016,0.011,,60333,0.323,0.4,0.7230000000000001
HONDA,JAZZ,JAZZ,ESS+ELEC_HNR,1498,1252,0.052,0.007,0.006,,25920,0.052,0.17500000000000002,0.227
MERCEDES,CLASSE_E,E_200,ELEC+GAZOLE_HR,1993,1755,0.054,0.006999999999999999,0.006,0.013,58383,0.054,0.175,0.22899999999999998
VOLKSWAGEN,PASSAT,PASSAT,GAZOLE,1968,1598,0.021,0.011000000000000003,0.038,0.049,58617,0.021,0.2750000000000001,0.2960000000000001
RENAULT,ARKANA,ARKANA,ESS+ELEC_HNR,1332,1347,0.534,0.014,0.023,,36125,0.534,0.35000000000000003,0.8840000000000001
PORSCHE,911_CARRERA_4S,911,ESSENCE,2981,1565,0.13,0.014,0.013,,139176,0.13,0.35000000000000003,0.48000000000000004
VOLKSWAGEN,TOURAN,TOURAN,GAZOLE,1968,1600,0.028,0.009000000000000005,0.026,0.035,45630,0.028,0.22500000000000012,0.2530000000000001
MINI,MINI,COUNTRYMAN,ESSENCE,1998,1605,0.314,0.012,0.012,,53300,0.314,0.3,0.614
RENAULT,TALISMAN,TALISMAN,GAZOLE,1997,1619,0.089,0.023,0.038,0.061,51500,0.089,0.575,0.6639999999999999
B.M.W.,SERIE_5,520,ELEC+GAZOLE_HR,1995,1840,0.1,0.029,0.019,0.048,63713,0.1,0.7250000000000001,0.8250000000000001
PEUGEOT,EXPERT_TRAVELLER,TRAVELLER,GAZOLE,1499,1659,0.072,0.0049999999999999975,0.05,0.055,33350,0.072,0.12499999999999994,0.19699999999999995
B.M.W.,SERIE_1,116,ESSENCE,1499,1320,0.179,0.019,0.011,,33960,0.179,0.475,0.6539999999999999
SKODA,KAMIQ,KAMIQ,ESSENCE,999,1181,0.153,0.023,0.043,,27693,0.153,0.575,0.728
MERCEDES,CLASSE_GLC,GLC_220,GAZOLE,1950,1770,0.036,0.008,0.034,0.042,69575,0.036,0.2,0.23600000000000002
B.M.W.,SERIE_1,118,GAZOLE,1995,1405,0.185,0.052,0.023,0.075,38110,0.185,1.3,1.485
JAGUAR,F_PACE,F_PACE,ELEC+ESSENC_HR,1997,2147,0.601,0.025,0.02,,67870,0.601,0.625,1.226
SKODA,KAMIQ,KAMIQ,ESSENCE,1498,1226,0.159,0.027,0.022,,31270,0.159,0.675,0.8340000000000001
PEUGEOT,2008,2008,GAZOLE,1499,1205,0.058,0.005999999999999998,0.046,0.052,28979,0.058,0.14999999999999997,0.20799999999999996
CITROEN,JUMPY_SPACE_TOURER,SPACE_TOURER,GAZOLE,1499,1640,0.072,0.0049999999999999975,0.05,0.055,32350,0.072,0.12499999999999994,0.19699999999999995
VOLKSWAGEN,T_ROC,T_ROC,GAZOLE,1968,1380,0.036,0.009999999999999998,0.027,0.037,40975,0.036,0.24999999999999997,0.286
ALFA_ROMEO,GIULIA,GIULIA,ESSENCE,1995,1445,0.608,0.055,0.028,,49650,0.608,1.375,1.983
VOLKSWAGEN,CADDY,CADDY,ESSENCE,1498,1497,0.212,0.028,0.029,,36003,0.212,0.7000000000000001,0.912
B.M.W.,SERIE_X,X1,GAZOLE,1995,1575,0.03,0.006000000000000002,0.028,0.034,44763,0.03,0.15000000000000005,0.18000000000000005
TOYOTA,CAMRY,CAMRY,ESS+ELEC_HNR,2487,1595,0.182,0.014,0.002,,45365,0.182,0.35000000000000003,0.532
B.M.W.,SERIE_4,440,ESS+ELEC_HNR,2998,1740,0.087,0.013,0.009,,70650,0.087,0.325,0.41200000000000003
B.M.W.,SERIE_X,X1,ESSENCE,1499,1500,0.085,0.008,0.006,,42463,0.085,0.2,0.28500000000000003
B.M.W.,SERIE_1,120,ESSENCE,1998,1390,0.156,0.017,0.011,,41488,0.156,0.42500000000000004,0.5810000000000001
MERCEDES,CLASSE_C,C_220,ELEC+GAZOLE_HR,1993,1715,0.063,0.007,0.007,0.014,59883,0.063,0.17500000000000002,0.23800000000000002
PEUGEOT,508,508,ELEC+ESSENC_HR,1598,1875,0.476,0.011,0.019,,69850,0.476,0.27499999999999997,0.7509999999999999
MINI,MINI,CLUBMAN,GAZOLE,1995,1485,0.168,0.047,0.015,0.062,40633,0.168,1.175,1.343
B.M.W.,SERIE_2,220,ESSENCE,1998,1490,0.226,0.024,0.013,,45650,0.226,0.6,0.826
B.M.W.,SERIE_4,420,ESSENCE,1998,1690,0.237,0.022,0.018,,60100,0.237,0.5499999999999999,0.7869999999999999
MINI,MINI,CLUBMAN,ESSENCE,1998,1400,0.249,0.024,0.018,,37829,0.249,0.6,0.849
JEEP,COMPASS,COMPASS,ESSENCE,1332,1430,0.319,0.027,0.01,,35475,0.319,0.675,0.994
B.M.W.,SERIE_2,218,GAZOLE,1995,1425,0.185,0.052,0.025,0.077,41263,0.185,1.3,1.485
B.M.W.,SERIE_4,420,ELEC+GAZOLE_HR,1995,1760,0.087,0.026,0.019,0.045,58783,0.087,0.65,0.737
VOLKSWAGEN,TOURAN,TOURAN,GAZOLE,1968,1556,0.028,0.009000000000000005,0.026,0.035,45080,0.028,0.22500000000000012,0.2530000000000001
VOLVO,XC60,XC60,ELEC+ESSENC_HR,1969,2075,0.243,0.008,0.008,,85355,0.243,0.2,0.443
B.M.W.,SERIE_1,118,ESSENCE,1499,1320,0.273,0.023,0.015,,37510,0.273,0.575,0.848
NISSAN,QASHQAI,QASHQAI,ESS+ELEC_HNR,1332,1457,0.312,0.015,0.024,,42920,0.312,0.375,0.687
VOLVO,S60,S60,ELEC+ESSENC_HR,1969,1964,0.283,0.007,0.007,,77600,0.283,0.17500000000000002,0.45799999999999996
B.M.W.,SERIE_4,430,ELEC+GAZOLE_HR,2993,1780,0.123,0.013999999999999999,0.041,0.055,62850,0.123,0.35,0.473
MERCEDES,VITO_TOURER,VITO,GAZOLE,1950,1957,0.019,0.006999999999999999,0.019,0.026,49623,0.019,0.175,0.19399999999999998
VOLKSWAGEN,POLO,POLO,ESSENCE,999,1134,0.191,0.025,0.037,,26043,0.191,0.625,0.8160000000000001
MERCEDES,CLASSE_GLC,GLC_300,ELEC+GAZOLE_HR,1950,2060,0.034,0.004,0.028,0.032,77775,0.034,0.1,0.134
B.M.W.,SERIE_2,220,ELEC+GAZOLE_HR,1995,1580,0.097,0.02,0.018,0.038,48550,0.097,0.5,0.597
FORD,FOCUS,FOCUS,ESS+ELEC_HNR,999,1312,0.337,0.043,0.018,,35350,0.337,1.075,1.412
B.M.W.,SERIE_2,220,ESSENCE,1998,1490,0.226,0.024,0.013,,45650,0.226,0.6,0.826
B.M.W.,SERIE_X,X3,ELEC+GAZOLE_HR,1995,1810,0.159,0.038,0.023,0.061,55100,0.159,0.95,1.109
B.M.W.,SERIE_X,X3,ELEC+GAZOLE_HR,1995,1810,0.159,0.038,0.023,0.061,55100,0.159,0.95,1.109
KIA,CEED,CEED,ESSENCE,1482,1255,0.354,0.027,0.025,,28522,0.354,0.675,1.029
SKODA,KODIAQ,KODIAQ,ESSENCE,1498,1524,0.243,0.025,0.02,,33820,0.243,0.625,0.868
MINI,MINI,COUNTRYMAN,GAZOLE,1995,1535,0.167,0.046,0.015,0.061,43000,0.167,1.15,1.317
RENAULT,ARKANA_E_TECH,ARKANA,ESS+ELEC_HNR,1598,1435,0.383,0.02,0.003,,35656,0.383,0.5,0.883
B.M.W.,SERIE_X,X3,ELEC+GAZOLE_HR,1995,1810,0.159,0.038,0.023,0.061,55100,0.159,0.95,1.109
KIA,STONIC,STONIC,ESS+ELEC_HNR,998,1150,0.079,0.016,0.025,,25270,0.079,0.4,0.47900000000000004
RENAULT,MEGANE,MEGANE,GAZOLE,1461,1372,0.029,0.006000000000000002,0.011,0.017,33775,0.029,0.15000000000000005,0.17900000000000005
FIAT,PANDA,PANDA,ESS+ELEC_HNR,999,993,0.281,0.031,0.048,,15368,0.281,0.775,1.056
MERCEDES,CLASSE_GLE,GLE_350,ELEC+GAZOLE_HR,1950,2580,0.031,0.0049999999999999975,0.038,0.043,95650,0.031,0.12499999999999994,0.15599999999999994
FIAT,500,500,ESSENCE,1368,1055,0.493,0.026,0.018,,30583,0.493,0.65,1.143
SKODA,KAROQ,KAROQ,ESSENCE,1498,1354,0.126,0.014,0.01,,37898,0.126,0.35000000000000003,0.47600000000000003
FORD,PUMA,PUMA,ESS+ELEC_HNR,999,1259,0.362,0.047,0.021,,34100,0.362,1.175,1.537
PEUGEOT,308,308,ESSENCE,1199,1300,0.27,0.027,0.046,,27400,0.27,0.675,0.9450000000000001
MERCEDES,CLASSE_V,V_300,GAZOLE,1950,2067,0.116,0.015,0.022,0.037,81025,0.116,0.375,0.491
B.M.W.,SERIE_1,116,ESSENCE,1499,1340,0.072,0.014,0.008,,36260,0.072,0.35000000000000003,0.42200000000000004
FORD,FIESTA,FIESTA,SUPERETHANOL,999,1114,0.393,0.036,0.01,,23090,0.393,0.8999999999999999,1.293
B.M.W.,SERIE_X,X5,ELEC+GAZOLE_HR,2993,2190,0.145,0.018000000000000002,0.045,0.063,79017,0.145,0.45000000000000007,0.5950000000000001
MINI,MINI,MINI,ESSENCE,1499,1210,0.14,0.013,0.007,,23450,0.14,0.325,0.465
ALFA_ROMEO,STELVIO,STELVIO,GAZOLE,2143,1745,0.04,0.0040000000000000036,0.044,0.048,64717,0.04,0.10000000000000009,0.1400000000000001
MINI,MINI,MINI,ESSENCE,1998,1225,0.188,0.016,0.009,,36800,0.188,0.4,0.5880000000000001
MERCEDES,CLASSE_E,E_400,GAZOLE,2925,1890,0.033,0.018999999999999996,0.033,0.052,83000,0.033,0.4749999999999999,0.5079999999999999
B.M.W.,SERIE_3,320,ELEC+ESSENC_HR,1998,1880,0.343,0.014,0.011,,58833,0.343,0.35000000000000003,0.6930000000000001
TOYOTA,YARIS_CROSS,YARIS_CROSS,ESS+ELEC_HNR,1490,1300,0.098,0.01,0.003,,32678,0.098,0.25,0.348
VOLKSWAGEN,T_ROC,T_ROC,ESSENCE,1498,1270,0.115,0.013,0.018,,34790,0.115,0.325,0.44
VOLKSWAGEN,GOLF,GOLF,ESS+ELEC_HNR,1498,1290,0.135,0.021,0.019,,32478,0.135,0.525,0.66
RENAULT,KADJAR,KADJAR,ESSENCE,1332,1353,0.162,0.015,0.013,,33500,0.162,0.375,0.537
B.M.W.,SERIE_2,220,ESSENCE,1998,1430,0.156,0.017,0.011,,44133,0.156,0.42500000000000004,0.5810000000000001
VOLKSWAGEN,TOURAN,TOURAN,GAZOLE,1968,1557,0.024,0.015,0.046,0.061,39860,0.024,0.375,0.399
PEUGEOT,508,508,ELEC+ESSENC_HR,1598,1720,0.599,0.018,0.017,,50100,0.599,0.44999999999999996,1.049
SKODA,SCALA,SCALA,ESSENCE,1498,1198,0.156,0.021,0.019,,31315,0.156,0.525,0.681
SKODA,KAMIQ,KAMIQ,ESSENCE,1498,1226,0.159,0.027,0.022,,31270,0.159,0.675,0.8340000000000001
RENAULT,SCENIC,SCENIC,ESSENCE,1332,1528,0.261,0.011,0.018,,38700,0.261,0.27499999999999997,0.536
B.M.W.,SERIE_1,116,ESSENCE,1499,1340,0.072,0.014,0.008,,36260,0.072,0.35000000000000003,0.42200000000000004
MINI,MINI,MINI,ESSENCE,1499,1175,0.2,0.019,0.01,,32367,0.2,0.475,0.675
SKODA,KODIAQ,KODIAQ,GAZOLE,1968,1663,0.026,0.009000000000000001,0.03,0.039,33820,0.026,0.22500000000000003,0.25100000000000006
PORSCHE,911_CARRERA_4S,911,ESSENCE,2981,1635,0.13,0.014,0.013,,153576,0.13,0.35000000000000003,0.48000000000000004
VOLKSWAGEN,POLO,POLO,ESSENCE,999,1134,0.191,0.025,0.037,,26043,0.191,0.625,0.8160000000000001
MINI,MINI,CLUBMAN,ESSENCE,1998,1500,0.156,0.017,0.012,,42029,0.156,0.42500000000000004,0.5810000000000001
VOLVO,XC60,XC60,ELEC+GAZOLE_HR,1969,1892,0.241,0.026000000000000002,0.042,0.068,76530,0.241,0.65,0.891
SKODA,OCTAVIA,OCTAVIA,GAZOLE,1968,1352,0.026,0.009000000000000001,0.043,0.052,31595,0.026,0.22500000000000003,0.25100000000000006
VOLKSWAGEN,TIGUAN,TIGUAN,ESSENCE,1498,1461,0.234,0.024,0.024,,45809,0.234,0.6,0.834
DS,DS_4,4,ESSENCE,1598,1420,0.519,0.021,0.034,,42233,0.519,0.525,1.044
B.M.W.,SERIE_8,840,ELEC+GAZOLE_HR,2993,1995,0.102,0.020999999999999998,0.031,0.052,81610,0.102,0.5249999999999999,0.6269999999999999
MINI,MINI,CABRIO,ESSENCE,1998,1325,0.188,0.016,0.009,,41233,0.188,0.4,0.5880000000000001
MINI,MINI,CLUBMAN,GAZOLE,1995,1540,0.074,0.039999999999999994,0.019,0.059,44029,0.074,0.9999999999999999,1.0739999999999998
VOLKSWAGEN,POLO,POLO,ESSENCE,999,1093,0.226,0.032,0.041,,23613,0.226,0.8,1.026
MERCEDES,CLASSE_C,C_220,ELEC+GAZOLE_HR,1993,1715,0.063,0.007,0.007,0.014,56383,0.063,0.17500000000000002,0.23800000000000002
MINI,MINI,COUNTRYMAN,GAZOLE,1995,1510,0.177,0.045,0.015,0.06,42567,0.177,1.125,1.302
PORSCHE,CAYENNE_TURBO_S_E_HYBRID,CAYENNE,ELEC+ESSENC_HR,3996,2535,0.275,0.019,0.006,,189670,0.275,0.475,0.75
SUZUKI,SX4,SX4,ESS+ELEC_HNR,1373,1205,0.363,0.036,0.012,,29490,0.363,0.8999999999999999,1.263
MINI,MINI,COUNTRYMAN,GAZOLE,1995,1535,0.167,0.046,0.015,0.061,43000,0.167,1.15,1.317
SKODA,FABIA,FABIA,ESSENCE,999,1119,0.191,0.025,0.037,,23997,0.191,0.625,0.8160000000000001
MERCEDES,CLASSE_GLC,GLC_43_AMG,ESSENCE,2996,1805,0.216,0.03,0.033,,80100,0.216,0.75,0.966
ALFA_ROMEO,STELVIO,STELVIO,GAZOLE,2143,1680,0.044,0.0049999999999999975,0.035,0.04,56350,0.044,0.12499999999999994,0.16899999999999993
DACIA,DUSTER,DUSTER,GAZOLE,1461,1354,0.146,0.049,0.019,0.068,21013,0.146,1.225,1.371
KIA,SPORTAGE,SPORTAGE,ESS+ELEC_HNR,1598,1640,0.108,0.012,0.01,,44390,0.108,0.3,0.408
KIA,CEED,CEED,ELEC+GAZOLE_HR,1598,1370,0.237,0.041999999999999996,0.021,0.063,33242,0.237,1.0499999999999998,1.287
SKODA,KAMIQ,KAMIQ,ESSENCE,1498,1214,0.144,0.022,0.022,,31270,0.144,0.5499999999999999,0.694
B.M.W.,SERIE_1,120,ESSENCE,1998,1390,0.156,0.017,0.011,,41488,0.156,0.42500000000000004,0.5810000000000001
MERCEDES,CLASSE_A,A_180,ESSENCE,1332,1290,0.101,0.027,0.031,,37475,0.101,0.675,0.776
VOLKSWAGEN,TIGUAN,TIGUAN,ESSENCE,1498,1461,0.234,0.024,0.024,,45809,0.234,0.6,0.834
PEUGEOT,5008,5008,GAZOLE,1499,1515,0.052,0.003999999999999997,0.041,0.045,39310,0.052,0.09999999999999992,0.1519999999999999
FORD,TOURNEO,TOURNEO_CONNECT,GAZOLE,1499,1731,0.04,0.005,0.022,0.027,30433,0.04,0.125,0.165
VOLKSWAGEN,CADDY,CADDY,GAZOLE,1968,1568,0.023,0.020999999999999998,0.038,0.059,38773,0.023,0.5249999999999999,0.5479999999999999
B.M.W.,SERIE_5,530,ELEC+ESSENC_HR,1998,1960,0.311,0.01,0.011,,70838,0.311,0.25,0.5609999999999999
NISSAN,QASHQAI,QASHQAI,ESS+ELEC_HNR,1332,1457,0.312,0.015,0.024,,42920,0.312,0.375,0.687
OPEL,CORSA,CORSA,ESSENCE,1199,1158,0.209,0.02,0.026,,27300,0.209,0.5,0.709
PEUGEOT,208,208,ESSENCE,1199,1158,0.209,0.02,0.026,,29353,0.209,0.5,0.709
VOLKSWAGEN,CADDY,CADDY,GAZOLE,1968,1637,0.024,0.012000000000000004,0.051,0.063,40123,0.024,0.3000000000000001,0.3240000000000001
SSANGYONG,TIVOLI,TIVOLI,ESSENCE,1197,1294,0.635,0.028,0.023,,19240,0.635,0.7000000000000001,1.335
MERCEDES,CLASSE_E,E_53_AMG,ESS+ELEC_HNR,2999,1950,0.193,0.024,0.02,,97400,0.193,0.6,0.7929999999999999
FORD,TOURNEO,TOURNEO_CONNECT,GAZOLE,1499,1671,0.045,0.005,0.03,0.034,26495,0.045,0.125,0.16999999999999998
B.M.W.,SERIE_X,X4,ELEC+GAZOLE_HR,1995,1840,0.165,0.044000000000000004,0.025,0.069,62150,0.165,1.1,1.2650000000000001
FIAT,500X,500X,ESSENCE,999,1320,0.423,0.023,0.016,,24990,0.423,0.575,0.998
B.M.W.,SERIE_4,430,ELEC+GAZOLE_HR,2993,1845,0.124,0.012999999999999998,0.042,0.055,62950,0.124,0.32499999999999996,0.44899999999999995
KIA,NIRO,NIRO,ESS+ELEC_HNR,1580,1415,0.16,0.023,0.003,,34850,0.16,0.575,0.735
KIA,RIO,RIO,ESSENCE,998,1100,0.11,0.018,0.03,,19465,0.11,0.44999999999999996,0.5599999999999999
B.M.W.,SERIE_4,430,ELEC+GAZOLE_HR,2993,1780,0.123,0.013999999999999999,0.041,0.055,62850,0.123,0.35,0.473
VOLKSWAGEN,T_ROC,T_ROC,GAZOLE,1968,1485,0.019,0.006999999999999999,0.035,0.042,44513,0.019,0.175,0.19399999999999998
TOYOTA,C_HR,C_HR,ESS+ELEC_HNR,1798,1420,0.131,0.016,0.002,,34314,0.131,0.4,0.531
TOYOTA,YARIS,YARIS,ESS+ELEC_HNR,1490,1090,0.149,0.025,0.01,,26900,0.149,0.625,0.774
RENAULT,ESPACE,ESPACE,GAZOLE,1997,1802,0.014,0.008,0.021,0.029,57550,0.014,0.2,0.21400000000000002
B.M.W.,SERIE_2,218,ESSENCE,1499,1375,0.273,0.023,0.015,,40663,0.273,0.575,0.848
FORD,TRANSIT_CUSTOM,TRANSIT_CUSTOM,GAZOLE,1995,2012,0.117,0.014,0.049,0.065,51095,0.117,0.35000000000000003,0.467
VOLKSWAGEN,CADDY,CADDY,ESSENCE,1498,1467,0.245,0.029,0.031,,29190,0.245,0.7250000000000001,0.9700000000000001
MERCEDES,CLASSE_E,E_300,ELEC+ESSENC_HR,1991,1915,0.155,0.017,0.009,,74875,0.155,0.42500000000000004,0.5800000000000001
HYUNDAI,KONA,KONA,ESS+ELEC_HNR,1580,1376,0.094,0.014,0.003,,29780,0.094,0.35000000000000003,0.44400000000000006
PORSCHE,911_TARGA_4,911,ESSENCE,2981,1665,0.108,0.01,0.013,,137976,0.108,0.25,0.358
TOYOTA,C_HR,C_HR,ESS+ELEC_HNR,1798,1420,0.131,0.016,0.002,,34314,0.131,0.4,0.531
FIAT,500C,500,ESS+ELEC_HNR,999,1022,0.3,0.028,0.022,,18701,0.3,0.7000000000000001,1.0
RENAULT,TRAFIC,TRAFIC,GAZOLE,1997,1963,0.04,0.006999999999999999,0.038,0.045,42550,0.04,0.175,0.215
PORSCHE,CAYENNE_TURBO_S_E_HYBRID,CAYENNE,ELEC+ESSENC_HR,3996,2490,0.275,0.019,0.006,,185950,0.275,0.475,0.75
B.M.W.,SERIE_5,530,ELEC+ESSENC_HR,1998,1960,0.311,0.01,0.011,,70838,0.311,0.25,0.5609999999999999
MERCEDES,VITO_TOURER,VITO,GAZOLE,1950,1972,0.019,0.006999999999999999,0.019,0.026,49623,0.019,0.175,0.19399999999999998
PORSCHE,MACAN_GTS,MACAN,ESSENCE,2894,1960,0.39,0.014,0.023,,93699,0.39,0.35000000000000003,0.74
B.M.W.,SERIE_X,X1,ESSENCE,1499,1500,0.085,0.008,0.006,,42463,0.085,0.2,0.28500000000000003
B.M.W.,SERIE_3,330,ELEC+GAZOLE_HR,2993,1825,0.121,0.012999999999999998,0.042,0.055,62725,0.121,0.32499999999999996,0.44599999999999995
PORSCHE,911_CARRERA_4_GTS,911,ESSENCE,2981,1595,0.133,0.012,0.014,,175385,0.133,0.3,0.433
B.M.W.,SERIE_5,540,ELEC+GAZOLE_HR,2993,1850,0.1,0.026999999999999996,0.033,0.06,74988,0.1,0.6749999999999999,0.7749999999999999
MINI,MINI,CLUBMAN,ESSENCE,1998,1415,0.187,0.02,0.009,,41400,0.187,0.5,0.687
FIAT,PANDA,PANDA,ESS+ELEC_HNR,999,1009,0.3,0.028,0.022,,15940,0.3,0.7000000000000001,1.0
RENAULT,CLIO,CLIO,ESS+ELEC_HNR,1598,1243,0.416,0.023,0.005,,25133,0.416,0.575,0.9909999999999999
MERCEDES,CLASSE_GLE,GLE_350,ELEC+GAZOLE_HR,1950,2580,0.031,0.0040000000000000036,0.046,0.05,95650,0.031,0.10000000000000009,0.1310000000000001
RENAULT,KANGOO,KANGOO,GAZOLE,1461,1577,0.164,0.045,0.035,0.078,28050,0.164,1.125,1.289
PEUGEOT,EXPERT_TRAVELLER,TRAVELLER,GAZOLE,1499,1659,0.072,0.0049999999999999975,0.05,0.055,33350,0.072,0.12499999999999994,0.19699999999999995
JAGUAR,E_PACE,E_PACE,ELEC+ESSENC_HR,1498,2127,0.266,0.018,0.019,,53800,0.266,0.44999999999999996,0.716
DS,DS_3_CROSSBACK,3_CROSSBACK,ESSENCE,1199,1170,0.63,0.023,0.031,,29550,0.63,0.575,1.205
PEUGEOT,EXPERT_TRAVELLER,TRAVELLER,GAZOLE,1499,1659,0.072,0.0049999999999999975,0.05,0.055,33350,0.072,0.12499999999999994,0.19699999999999995
SKODA,FABIA,FABIA,ESSENCE,1498,1149,0.172,0.021,0.019,,26420,0.172,0.525,0.6970000000000001
FORD,FIESTA,FIESTA,ESS+ELEC_HNR,999,1136,0.309,0.034,0.014,,24190,0.309,0.8500000000000001,1.159
RENAULT,CLIO,CLIO,ESSENCE,999,1088,0.216,0.03,0.025,,21183,0.216,0.75,0.966
RENAULT,SCENIC,SCENIC,ESSENCE,1332,1516,0.247,0.009,0.019,,38067,0.247,0.22499999999999998,0.472
MINI,MINI,CABRIO,ESSENCE,1998,1375,0.234,0.016,0.008,,44900,0.234,0.4,0.634
B.M.W.,SERIE_2,218,GAZOLE,1995,1545,0.05,0.005999999999999998,0.041,0.047,38888,0.05,0.14999999999999997,0.19999999999999996
VOLKSWAGEN,CADDY,CADDY,GAZOLE,1968,1646,0.023,0.020999999999999998,0.038,0.059,40483,0.023,0.5249999999999999,0.5479999999999999
DACIA,SANDERO,SANDERO,ESS+G.P.L.,999,1130,0.39,0.038,0.02,,14440,0.39,0.95,1.3399999999999999
DACIA,SANDERO,SANDERO,ESS+G.P.L.,999,1130,0.569,0.041,0.038,,14440,0.569,1.0250000000000001,1.594
MERCEDES,CLASSE_V,V_300,GAZOLE,1950,2067,0.116,0.015,0.022,0.037,76411,0.116,0.375,0.491
SKODA,OCTAVIA,OCTAVIA,GAZOLE,1968,1352,0.026,0.009000000000000001,0.043,0.052,31595,0.026,0.22500000000000003,0.25100000000000006
B.M.W.,SERIE_1,118,GAZOLE,1995,1430,0.171,0.049,0.013,0.062,40410,0.171,1.225,1.3960000000000001
TOYOTA,AYGO_X,AYGO_X,ESSENCE,998,945,0.246,0.022,0.017,,19433,0.246,0.5499999999999999,0.7959999999999999
RENAULT,MEGANE,MEGANE,ESSENCE,1332,1242,0.246,0.012,0.02,,32750,0.246,0.3,0.546
PEUGEOT,308,308,ESSENCE,1199,1289,0.302,0.022,0.041,,33280,0.302,0.5499999999999999,0.8519999999999999
HYUNDAI,TUCSON,TUCSON,ELEC+ESSENC_HR,1598,1818,0.18,0.012,0.005,,47925,0.18,0.3,0.48
DACIA,DUSTER,DUSTER,GAZOLE,1461,1443,0.15,0.044,0.027,0.071,22783,0.15,1.0999999999999999,1.2499999999999998
MINI,MINI,MINI,ESSENCE,1998,1225,0.188,0.016,0.009,,36800,0.188,0.4,0.5880000000000001
CUPRA,FORMENTOR,FORMENTOR,ESSENCE,1498,1383,0.381,0.031,0.014,,38453,0.381,0.775,1.1560000000000001
PEUGEOT,208,208,ESSENCE,1199,1090,0.509,0.022,0.014,,24256,0.509,0.5499999999999999,1.059
CITROEN,C3_AIRCROSS,C3_AIRCROSS,GAZOLE,1499,1260,0.055,0.002999999999999999,0.025,0.028,29340,0.055,0.07499999999999998,0.12999999999999998
PEUGEOT,308,308,GAZOLE,1499,1343,0.08,0.003999999999999997,0.056,0.06,32033,0.08,0.09999999999999992,0.17999999999999994
RENAULT,CLIO,CLIO,ESSENCE,999,1028,0.222,0.021,0.026,,18550,0.222,0.525,0.747
PORSCHE,718_CAYMAN_GTS,CAYMAN,ESSENCE,3995,1435,0.138,0.019,0.01,,91451,0.138,0.475,0.613
MERCEDES,VITO_TOURER,VITO,GAZOLE,1950,1957,0.019,0.006999999999999999,0.019,0.026,46907,0.019,0.175,0.19399999999999998
DACIA,SANDERO,SANDERO,ESSENCE,999,1072,0.241,0.036,0.029,,13790,0.241,0.8999999999999999,1.141
RENAULT,KANGOO,KANGOO,GAZOLE,1461,1579,0.17,0.048,0.039,0.086,29800,0.17,1.2,1.3699999999999999
FORD,KUGA,KUGA,ESS+ELEC_HNR,2488,1626,0.205,0.011,0.01,,41512,0.205,0.27499999999999997,0.48
VOLKSWAGEN,TIGUAN,TIGUAN,ESSENCE,1498,1568,0.319,0.026,0.024,,49030,0.319,0.65,0.9690000000000001
MINI,MINI,MINI,ESSENCE,1998,1280,0.188,0.016,0.009,,37750,0.188,0.4,0.5880000000000001
B.M.W.,SERIE_1,118,ESSENCE,1499,1320,0.273,0.023,0.015,,37510,0.273,0.575,0.848
B.M.W.,SERIE_3,320,ELEC+GAZOLE_HR,1995,1665,0.047,0.016999999999999998,0.02,0.037,54300,0.047,0.42499999999999993,0.4719999999999999
B.M.W.,SERIE_8,840,ESSENCE,2998,1915,0.099,0.017,0.01,,116900,0.099,0.42500000000000004,0.524
VOLKSWAGEN,TIGUAN,TIGUAN,ESSENCE,1498,1568,0.319,0.026,0.024,,49030,0.319,0.65,0.9690000000000001
RENAULT,ARKANA_E_TECH,ARKANA,ESS+ELEC_HNR,1598,1435,0.383,0.02,0.003,,35656,0.383,0.5,0.883
DS,DS_4,4,ESSENCE,1598,1419,0.433,0.026,0.037,,46700,0.433,0.65,1.083
OPEL,COMBO_LIFE,COMBO,ESSENCE,1199,1366,0.444,0.022,0.052,,22700,0.444,0.5499999999999999,0.994
PEUGEOT,2008,2008,GAZOLE,1499,1270,0.067,0.0059999999999999915,0.07,0.076,33203,0.067,0.1499999999999998,0.2169999999999998
CITROEN,JUMPY_SPACE_TOURER,SPACE_TOURER,GAZOLE,1499,1659,0.072,0.0049999999999999975,0.05,0.055,33350,0.072,0.12499999999999994,0.19699999999999995
CUPRA,FORMENTOR_VZ_E_HYBRID,FORMENTOR,ELEC+ESSENC_HR,1395,1626,0.275,0.02,0.009,,47467,0.275,0.5,0.775
TOYOTA,COROLLA,COROLLA,ESS+ELEC_HNR,1987,1340,0.188,0.022,0.004,,35530,0.188,0.5499999999999999,0.738
VOLKSWAGEN,TIGUAN,TIGUAN,ELEC+ESSENC_HR,1395,1744,0.213,0.013,0.011,,50806,0.213,0.325,0.538
VOLKSWAGEN,TIGUAN,TIGUAN,ESSENCE,1498,1461,0.234,0.024,0.024,,45809,0.234,0.6,0.834
VOLVO,V60,V60,ELEC+GAZOLE_HR,1969,1728,0.243,0.026000000000000002,0.039,0.065,58933,0.243,0.65,0.893
MERCEDES,CLASSE_V,V_300,GAZOLE,1950,2145,0.211,0.018,0.027,0.045,91580,0.211,0.44999999999999996,0.6609999999999999
OPEL,COMBO_LIFE,COMBO,GAZOLE,1499,1430,0.053,0.003999999999999997,0.049,0.053,28450,0.053,0.09999999999999992,0.1529999999999999
MINI,MINI,COUNTRYMAN,GAZOLE,1496,1465,0.027,0.031000000000000003,0.018,0.049,38080,0.027,0.7750000000000001,0.8020000000000002
MERCEDES,CLASSE_E,E_300,ELEC+GAZOLE_HR,1950,1985,0.029,0.007000000000000003,0.027,0.034,76675,0.029,0.17500000000000007,0.20400000000000007
B.M.W.,SERIE_X,X2,GAZOLE,1995,1540,0.177,0.049,0.016,0.065,45667,0.177,1.225,1.4020000000000001
FORD,FOCUS,FOCUS,ESS+ELEC_HNR,999,1269,0.351,0.051,0.021,,26333,0.351,1.275,1.626
ALFA_ROMEO,GIULIA,GIULIA,GAZOLE,2143,1565,0.021,0.001999999999999995,0.041,0.043,60383,0.021,0.04999999999999987,0.07099999999999987
MAZDA,MAZDA_3,3,ESS+ELEC_HNR,1998,1345,0.158,0.014,0.012,,31488,0.158,0.35000000000000003,0.508
RENAULT,MEGANE,MEGANE,ESSENCE,1332,1242,0.246,0.012,0.02,,32750,0.246,0.3,0.546
B.M.W.,SERIE_1,118,GAZOLE,1995,1430,0.171,0.049,0.013,0.062,40410,0.171,1.225,1.3960000000000001
LEXUS,RX450HL,RX,ESS+ELEC_HNR,3456,2205,0.103,0.013,0.008,,85590,0.103,0.325,0.428
FORD,FIESTA,FIESTA,SUPERETHANOL,999,1114,0.393,0.037,0.011,,23090,0.393,0.9249999999999999,1.318
FORD,FIESTA,FIESTA,SUPERETHANOL,999,1114,0.393,0.036,0.01,,21340,0.393,0.8999999999999999,1.293
HYUNDAI,KONA,KONA,ESS+ELEC_HNR,998,1265,0.223,0.025,0.022,,26450,0.223,0.625,0.848
OPEL,ASTRA,ASTRA,GAZOLE,1499,1349,0.078,0.0050000000000000044,0.051,0.056,31200,0.078,0.1250000000000001,0.20300000000000012
CITROEN,BERLINGO,BERLINGO,GAZOLE,1499,1430,0.053,0.003999999999999997,0.049,0.053,27250,0.053,0.09999999999999992,0.1529999999999999
SKODA,KAMIQ,KAMIQ,ESSENCE,999,1197,0.153,0.023,0.043,,29620,0.153,0.575,0.728
VOLKSWAGEN,GOLF,GOLF,GAZOLE,1968,1391,0.028,0.011000000000000003,0.031,0.042,45610,0.028,0.2750000000000001,0.3030000000000001
RENAULT,CAPTUR,CAPTUR,ESS+ELEC_HNR,1332,1321,0.45,0.013,0.027,,30200,0.45,0.325,0.775
MERCEDES,VITO_TOURER,VITO,GAZOLE,1950,1947,0.116,0.015,0.022,0.037,50523,0.116,0.375,0.491
RENAULT,CLIO,CLIO,ESS+ELEC_HNR,1598,1266,0.445,0.022,0.002,,25133,0.445,0.5499999999999999,0.9949999999999999
OPEL,COMBO_LIFE,COMBO,GAZOLE,1499,1540,0.053,0.003999999999999997,0.049,0.053,29710,0.053,0.09999999999999992,0.1529999999999999
VOLVO,XC60,XC60,ELEC+GAZOLE_HR,1969,1837,0.246,0.027999999999999997,0.031,0.059,63730,0.246,0.7,0.946
FORD,ECOSPORT,ECOSPORT,ESSENCE,998,1284,0.271,0.02,0.016,,25900,0.271,0.5,0.771
FIAT,TIPO,TIPO,GAZOLE,1598,1340,0.071,0.026999999999999996,0.05,0.077,26990,0.071,0.6749999999999999,0.7459999999999999
SKODA,KAMIQ,KAMIQ,ESSENCE,1498,1226,0.144,0.022,0.022,,31270,0.144,0.5499999999999999,0.694
VOLKSWAGEN,KOMBI,KOMBI,GAZOLE,1968,1919,0.015,0.013999999999999999,0.033,0.047,60740,0.015,0.35,0.365
DACIA,DUSTER,DUSTER,GAZOLE,1461,1415,0.15,0.044,0.027,0.071,22585,0.15,1.0999999999999999,1.2499999999999998
MERCEDES,CLASSE_V,V_300,GAZOLE,1950,2145,0.211,0.018,0.027,0.045,76411,0.211,0.44999999999999996,0.6609999999999999
SKODA,KAMIQ,KAMIQ,ESSENCE,999,1165,0.167,0.02,0.037,,28070,0.167,0.5,0.667
B.M.W.,SERIE_2,220,GAZOLE,1995,1505,0.19,0.053000000000000005,0.016,0.069,47413,0.19,1.3250000000000002,1.5150000000000001
RENAULT,CLIO,CLIO,ESS+ELEC_HNR,1598,1266,0.445,0.022,0.002,,25133,0.445,0.5499999999999999,0.9949999999999999
FORD,KUGA,KUGA,ELEC+ESSENC_HR,2488,1769,0.465,0.02,0.008,,46290,0.465,0.5,0.9650000000000001
B.M.W.,SERIE_X,X2,GAZOLE,1995,1605,0.071,0.036000000000000004,0.02,0.056,50717,0.071,0.9000000000000001,0.9710000000000001
B.M.W.,SERIE_5,530,ELEC+GAZOLE_HR,2993,1925,0.112,0.020999999999999998,0.052,0.073,72588,0.112,0.5249999999999999,0.6369999999999999
FIAT,500C,500,ESS+ELEC_HNR,999,1001,0.3,0.028,0.022,,19150,0.3,0.7000000000000001,1.0
B.M.W.,SERIE_X,X1,GAZOLE,1995,1575,0.03,0.006000000000000002,0.026,0.032,44763,0.03,0.15000000000000005,0.18000000000000005
KIA,RIO,RIO,ESS+ELEC_HNR,998,1155,0.112,0.022,0.025,,24973,0.112,0.5499999999999999,0.6619999999999999
B.M.W.,SERIE_1,118,ESSENCE,1499,1290,0.291,0.024,0.018,,35210,0.291,0.6,0.891
B.M.W.,SERIE_4,420,ESSENCE,1998,1620,0.255,0.022,0.014,,53833,0.255,0.5499999999999999,0.8049999999999999
MERCEDES,CLASSE_A,A_180,ESSENCE,1332,1290,0.101,0.027,0.031,,37475,0.101,0.675,0.776
VOLKSWAGEN,ARTEON,ARTEON,GAZOLE,1968,1658,0.021,0.011000000000000003,0.038,0.049,62440,0.021,0.2750000000000001,0.2960000000000001
JEEP,RENEGADE,RENEGADE,ESS+ELEC_HNR,1469,1420,0.381,0.063,0.018,,33438,0.381,1.575,1.956
PORSCHE,CAYENNE_E_HYBRID,CAYENNE,ELEC+ESSENC_HR,2995,2295,0.389,0.021,0.021,,103699,0.389,0.525,0.914
KIA,PICANTO,PICANTO,ESSENCE,1197,908,0.283,0.024,0.017,,17173,0.283,0.6,0.883
MERCEDES,CLASSE_V,V_300,GAZOLE,1950,2067,0.116,0.015,0.022,0.037,81025,0.116,0.375,0.491
B.M.W.,SERIE_X,X6,ELEC+GAZOLE_HR,2993,2215,0.096,0.012999999999999998,0.025,0.038,89225,0.096,0.32499999999999996,0.42099999999999993
TOYOTA,YARIS,YARIS,ESSENCE,998,960,0.306,0.034,0.025,,19733,0.306,0.8500000000000001,1.1560000000000001
RENAULT,SCENIC,SCENIC,ESSENCE,1332,1450,0.261,0.011,0.018,,35900,0.261,0.27499999999999997,0.536
MINI,MINI,CABRIO,ESSENCE,1998,1305,0.252,0.016,0.013,,37567,0.252,0.4,0.652
SKODA,OCTAVIA,OCTAVIA,ESS+ELEC_HNR,1498,1316,0.135,0.021,0.019,,36790,0.135,0.525,0.66
B.M.W.,SERIE_X,X3,ELEC+GAZOLE_HR,2993,1935,0.131,0.017,0.043,0.06,65800,0.131,0.42500000000000004,0.556
SKODA,KODIAQ,KODIAQ,GAZOLE,1968,1707,0.026,0.009999999999999998,0.029,0.039,33820,0.026,0.24999999999999997,0.27599999999999997
MINI,MINI,COUNTRYMAN,GAZOLE,1496,1440,0.097,0.025999999999999995,0.017,0.043,35880,0.097,0.6499999999999999,0.7469999999999999
PEUGEOT,EXPERT_TRAVELLER,TRAVELLER,GAZOLE,1499,1659,0.072,0.0049999999999999975,0.05,0.055,33350,0.072,0.12499999999999994,0.19699999999999995
DACIA,DUSTER,DUSTER,ESS+G.P.L.,999,1292,0.82,0.047,0.015,,18668,0.82,1.175,1.995
DACIA,DUSTER,DUSTER,ESS+G.P.L.,999,1292,0.295,0.024,0.039,,18668,0.295,0.6,0.895
OPEL,GRANDLAND,GRANDLAND,ESSENCE,1199,1356,0.514,0.027,0.051,,35500,0.514,0.675,1.189
RENAULT,CAPTUR,CAPTUR,ESSENCE,999,1199,0.244,0.047,0.047,,24867,0.244,1.175,1.419
VOLVO,XC60,XC60,ELEC+GAZOLE_HR,1969,1837,0.246,0.027999999999999997,0.031,0.059,63730,0.246,0.7,0.946
MERCEDES,CLASSE_GLE,GLE_350,ELEC+GAZOLE_HR,1950,2580,0.031,0.0049999999999999975,0.038,0.043,95650,0.031,0.12499999999999994,0.15599999999999994
SKODA,OCTAVIA_RS,OCTAVIA,ESSENCE,1984,1456,0.182,0.021,0.02,,42700,0.182,0.525,0.7070000000000001
B.M.W.,SERIE_X,X3,ESS+ELEC_HNR,1998,1800,0.157,0.013,0.017,,54800,0.157,0.325,0.482
MINI,MINI,MINI,ESSENCE,1998,1280,0.188,0.016,0.009,,37750,0.188,0.4,0.5880000000000001
VOLVO,XC40,XC40,ESSENCE,1477,1550,0.238,0.035,0.024,,33650,0.238,0.8750000000000001,1.113
SKODA,OCTAVIA_RS,OCTAVIA,ESSENCE,1984,1468,0.182,0.021,0.02,,43810,0.182,0.525,0.7070000000000001
LAND_ROVER,RANGE_ROVER_EVOQUE,RANGE_ROVER_EVOQUE,ELEC+GAZOLE_HR,1998,1917,0.121,0.016999999999999994,0.035,0.052,39750,0.121,0.4249999999999999,0.5459999999999998
CITROEN,C3,C3,ESSENCE,1199,1090,0.454,0.029,0.012,,22600,0.454,0.7250000000000001,1.179
VOLVO,XC90,XC90,ELEC+ESSENC_HR,1969,2252,0.706,0.006,0.009,,89750,0.706,0.15,0.856
B.M.W.,SERIE_X,X2,ESSENCE,1499,1430,0.312,0.031,0.016,,42517,0.312,0.775,1.087
VOLKSWAGEN,T_ROC,T_ROC,ESSENCE,999,1226,0.216,0.022,0.027,,29433,0.216,0.5499999999999999,0.7659999999999999
SKODA,OCTAVIA,OCTAVIA,GAZOLE,1968,1424,0.026,0.008999999999999998,0.028,0.037,37710,0.026,0.22499999999999995,0.25099999999999995
FORD,TOURNEO,TOURNEO_CONNECT,GAZOLE,1499,1703,0.045,0.005,0.03,0.034,29293,0.045,0.125,0.16999999999999998
B.M.W.,SERIE_4,440,ESS+ELEC_HNR,2998,1740,0.087,0.013,0.009,,70650,0.087,0.325,0.41200000000000003
RENAULT,KADJAR,KADJAR,GAZOLE,1461,1466,0.116,0.042,0.037,0.075,32240,0.116,1.05,1.1660000000000001
ALFA_ROMEO,STELVIO,STELVIO,GAZOLE,2143,1680,0.044,0.0049999999999999975,0.035,0.04,56350,0.044,0.12499999999999994,0.16899999999999993
FORD,TOURNEO,TOURNEO_CONNECT,GAZOLE,1499,1671,0.045,0.005,0.03,0.034,28093,0.045,0.125,0.16999999999999998
VOLVO,XC40,XC40,ELEC+ESSENC_HR,1477,1737,0.11,0.006,0.008,,51525,0.11,0.15,0.26
B.M.W.,SERIE_1,118,ESSENCE,1499,1290,0.291,0.024,0.018,,35210,0.291,0.6,0.891
FORD,FIESTA,FIESTA,SUPERETHANOL,999,1114,0.393,0.036,0.01,,23090,0.393,0.8999999999999999,1.293
B.M.W.,SERIE_2,218,GAZOLE,1995,1425,0.185,0.052,0.025,0.077,38450,0.185,1.3,1.485
MINI,MINI,CABRIO,ESSENCE,1998,1340,0.24,0.014,0.012,,44367,0.24,0.35000000000000003,0.5900000000000001
RENAULT,CLIO,CLIO,ESSENCE,999,1126,0.258,0.032,0.028,,22850,0.258,0.8,1.058
PEUGEOT,408,408,ELEC+ESSENC_HR,1598,1706,0.169,0.01,0.004,,46250,0.169,0.25,0.41900000000000004
FORD,FIESTA,FIESTA,ESSENCE,1496,1192,0.575,0.019,0.007,,27390,0.575,0.475,1.0499999999999998
RENAULT,CLIO,CLIO,ESS+G.P.L.,999,1150,0.285,0.037,0.024,,21750,0.285,0.9249999999999999,1.21
RENAULT,CLIO,CLIO,ESS+G.P.L.,999,1150,0.314,0.031,0.052,,21750,0.314,0.775,1.089
B.M.W.,SERIE_4,420,ESSENCE,1998,1690,0.237,0.022,0.018,,60100,0.237,0.5499999999999999,0.7869999999999999
MERCEDES,CLASSE_B,B_250,ELEC+ESSENC_HR,1332,1645,0.078,0.016,0.012,,49933,0.078,0.4,0.47800000000000004
OPEL,INSIGNIA_GRAND_SPORT,INSIGNIA,GAZOLE,1496,1524,0.051,0.016999999999999998,0.02,0.037,43113,0.051,0.42499999999999993,0.4759999999999999
B.M.W.,SERIE_4,440,ESS+ELEC_HNR,2998,1825,0.099,0.016,0.01,,71000,0.099,0.4,0.499
DACIA,JOGGER,JOGGER,ESS+G.P.L.,999,1205,0.234,0.024,0.023,,20150,0.234,0.6,0.834
RENAULT,MEGANE_E_TECH_PLUG_IN_HYBRID,MEGANE,ELEC+ESSENC_HR,1598,1603,0.397,0.019,0.003,,40725,0.397,0.475,0.872
DACIA,DUSTER,DUSTER,ESS+G.P.L.,999,1292,0.82,0.047,0.015,,18668,0.82,1.175,1.995
DACIA,DUSTER,DUSTER,ESS+G.P.L.,999,1292,0.295,0.024,0.039,,18668,0.295,0.6,0.895
NISSAN,JUKE,JUKE,ESSENCE,999,1211,0.236,0.018,0.023,,28890,0.236,0.44999999999999996,0.6859999999999999
B.M.W.,SERIE_1,128,ESSENCE,1998,1445,0.102,0.009,0.016,,47600,0.102,0.22499999999999998,0.32699999999999996
MAZDA,MAZDA_3,3,ESS+ELEC_HNR,1998,1435,0.16,0.014,0.021,,37050,0.16,0.35000000000000003,0.51
PEUGEOT,308,308,ESSENCE,1199,1345,0.302,0.022,0.041,,34280,0.302,0.5499999999999999,0.8519999999999999
FORD,FOCUS,FOCUS,ESS+ELEC_HNR,999,1376,0.337,0.043,0.018,,34950,0.337,1.075,1.412
ALPINE,A110,A110,ESSENCE,1798,1109,0.204,0.011,0.012,,76250,0.204,0.27499999999999997,0.479
DS,DS_4,4,ESSENCE,1598,1420,0.519,0.021,0.034,,42233,0.519,0.525,1.044
PEUGEOT,308,308,ESSENCE,1199,1300,0.27,0.027,0.046,,27400,0.27,0.675,0.9450000000000001
B.M.W.,SERIE_X,X4,ELEC+GAZOLE_HR,2993,1935,0.131,0.017,0.043,0.06,68850,0.131,0.42500000000000004,0.556
B.M.W.,SERIE_X,X2,ESSENCE,1499,1410,0.267,0.025,0.014,,40217,0.267,0.625,0.892
B.M.W.,SERIE_1,116,GAZOLE,1496,1385,0.037,0.02,0.019,0.039,38560,0.037,0.5,0.537
SKODA,FABIA,FABIA,ESSENCE,999,1119,0.191,0.025,0.037,,23997,0.191,0.625,0.8160000000000001
FERRARI,F8_TRIBUTO,F8,ESSENCE,3902,1530,0.38,0.032,0.034,,232694,0.38,0.8,1.1800000000000002
B.M.W.,SERIE_1,120,ESSENCE,1998,1390,0.156,0.017,0.011,,41488,0.156,0.42500000000000004,0.5810000000000001
VOLKSWAGEN,TIGUAN,TIGUAN,ESSENCE,1498,1461,0.234,0.024,0.024,,45809,0.234,0.6,0.834
PORSCHE,CAYENNE,CAYENNE,ESSENCE,2995,2030,0.457,0.014,0.012,,88260,0.457,0.35000000000000003,0.807
NISSAN,QASHQAI,QASHQAI,ESS+ELEC_HNR,1332,1329,0.314,0.012,0.017,,34540,0.314,0.3,0.614
NISSAN,QASHQAI,QASHQAI,ESS+ELEC_HNR,1332,1457,0.312,0.015,0.024,,42920,0.312,0.375,0.687
SKODA,SCALA,SCALA,ESSENCE,1498,1203,0.156,0.021,0.019,,31315,0.156,0.525,0.681
MERCEDES,VITO_TOURER,VITO,GAZOLE,1950,1982,0.116,0.015,0.022,0.037,50523,0.116,0.375,0.491
MERCEDES,CLASSE_E,E_200,ELEC+GAZOLE_HR,1993,1755,0.054,0.006999999999999999,0.006,0.013,58383,0.054,0.175,0.22899999999999998
HYUNDAI,I_10,I_10,ESSENCE,998,924,0.219,0.02,0.009,,14613,0.219,0.5,0.719
MERCEDES,CLASSE_GLC,GLC_300,ELEC+GAZOLE_HR,1950,2060,0.034,0.004,0.028,0.032,77775,0.034,0.1,0.134
MERCEDES,CLASSE_A,A_160,ESSENCE,1332,1275,0.108,0.022,0.023,,34225,0.108,0.5499999999999999,0.6579999999999999
VOLVO,XC90,XC90,ELEC+ESSENC_HR,1969,2222,0.258,0.007,0.005,,99353,0.258,0.17500000000000002,0.43300000000000005
B.M.W.,SERIE_1,120,ESSENCE,1998,1390,0.156,0.017,0.011,,41488,0.156,0.42500000000000004,0.5810000000000001
B.M.W.,SERIE_1,116,ESSENCE,1499,1320,0.179,0.019,0.011,,33960,0.179,0.475,0.6539999999999999
SKODA,OCTAVIA,OCTAVIA,GAZOLE,1968,1403,0.026,0.008999999999999998,0.028,0.037,37710,0.026,0.22499999999999995,0.25099999999999995
PEUGEOT,308,308,ESSENCE,1199,1310,0.334,0.026,0.022,,30653,0.334,0.65,0.984
PORSCHE,CAYENNE_TURBO_S_E_HYBRID,CAYENNE,ELEC+ESSENC_HR,3996,2535,0.275,0.019,0.006,,189670,0.275,0.475,0.75
SKODA,KAROQ,KAROQ,ESSENCE,1498,1330,0.132,0.023,0.025,,37898,0.132,0.575,0.707
MERCEDES,CLASSE_E,E_400,GAZOLE,2925,1845,0.033,0.018999999999999996,0.033,0.052,82425,0.033,0.4749999999999999,0.5079999999999999
FORD,PUMA,PUMA,ESS+ELEC_HNR,999,1259,0.362,0.047,0.021,,34100,0.362,1.175,1.537
RENAULT,ESPACE,ESPACE,GAZOLE,1997,1848,0.016,0.006000000000000002,0.022,0.028,50900,0.016,0.15000000000000005,0.16600000000000004
RENAULT,TRAFIC,TRAFIC,GAZOLE,1997,2033,0.04,0.006999999999999999,0.038,0.045,42550,0.04,0.175,0.215
MINI,MINI,CLUBMAN,ESSENCE,1499,1330,0.089,0.018,0.009,,30325,0.089,0.44999999999999996,0.5389999999999999
B.M.W.,SERIE_1,116,GAZOLE,1496,1385,0.037,0.02,0.019,0.039,38560,0.037,0.5,0.537
PORSCHE,CAYENNE_TURBO_S_E_HYBRID,CAYENNE,ELEC+ESSENC_HR,3996,2535,0.275,0.019,0.006,,189670,0.275,0.475,0.75
RENAULT,KADJAR,KADJAR,ESSENCE,1332,1353,0.162,0.015,0.013,,33500,0.162,0.375,0.537
SKODA,OCTAVIA,OCTAVIA,ESSENCE,999,1235,0.19,0.025,0.042,,28345,0.19,0.625,0.815
B.M.W.,SERIE_3,318,ESSENCE,1998,1575,0.262,0.02,0.012,,48100,0.262,0.5,0.762
VOLKSWAGEN,TIGUAN,TIGUAN,GAZOLE,1968,1556,0.026,0.009000000000000001,0.03,0.039,48739,0.026,0.22500000000000003,0.25100000000000006
LAND_ROVER,RANGE_ROVER,RANGE_ROVER,ESSENCE,4395,2510,0.19,0.013,0.038,,180325,0.19,0.325,0.515
DS,DS_4,4,ESSENCE,1598,1419,0.433,0.026,0.037,,46700,0.433,0.65,1.083
RENAULT,CLIO,CLIO,ESSENCE,999,1115,0.258,0.032,0.028,,22850,0.258,0.8,1.058
KIA,XCEED,XCEED,ESSENCE,1482,1325,0.473,0.039,0.047,,33715,0.473,0.975,1.448
RENAULT,CLIO,CLIO,ESSENCE,1332,1115,0.247,0.01,0.012,,25075,0.247,0.25,0.497
KIA,RIO,RIO,ESS+ELEC_HNR,998,1130,0.074,0.022,0.027,,23673,0.074,0.5499999999999999,0.6239999999999999
PORSCHE,PANAMERA_4_E_HYBRID,PANAMERA,ELEC+ESSENC_HR,2894,2210,0.22,0.015,0.005,,125222,0.22,0.375,0.595
B.M.W.,SERIE_2,220,GAZOLE,1995,1505,0.19,0.053000000000000005,0.016,0.069,47413,0.19,1.3250000000000002,1.5150000000000001
VOLVO,S60,S60,ELEC+ESSENC_HR,1969,1964,0.283,0.007,0.007,,68375,0.283,0.17500000000000002,0.45799999999999996
TOYOTA,YARIS,YARIS,ESS+ELEC_HNR,1490,1085,0.149,0.025,0.01,,25263,0.149,0.625,0.774
VOLVO,XC90,XC90,ELEC+ESSENC_HR,1969,2222,0.258,0.007,0.005,,99353,0.258,0.17500000000000002,0.43300000000000005
PEUGEOT,3008,3008,ELEC+ESSENC_HR,1598,1763,0.254,0.013,0.003,,46338,0.254,0.325,0.579
SKODA,FABIA,FABIA,ESSENCE,999,1076,0.193,0.021,0.042,,22347,0.193,0.525,0.718
RENAULT,MEGANE,MEGANE,ESSENCE,1332,1274,0.243,0.013,0.019,,35050,0.243,0.325,0.5680000000000001
SEAT,LEON,LEON,ESS+ELEC_HNR,999,1260,0.103,0.019,0.035,,29158,0.103,0.475,0.578
SKODA,SCALA,SCALA,ESSENCE,1498,1192,0.183,0.024,0.015,,28923,0.183,0.6,0.7829999999999999
B.M.W.,SERIE_1,118,ESSENCE,1499,1320,0.273,0.023,0.015,,37510,0.273,0.575,0.848
RENAULT,CAPTUR,CAPTUR,ESS+ELEC_HNR,1332,1298,0.45,0.013,0.027,,30200,0.45,0.325,0.775
DS,DS_7_CROSSBACK,7_CROSSBACK,ESSENCE,1598,1428,0.59,0.023,0.031,,49207,0.59,0.575,1.165
VOLKSWAGEN,TOURAN,TOURAN,ESSENCE,1498,1488,0.129,0.016,0.023,,37750,0.129,0.4,0.529
RENAULT,KANGOO,KANGOO,GAZOLE,1461,1556,0.164,0.045,0.035,0.078,28050,0.164,1.125,1.289
B.M.W.,SERIE_X,X2,GAZOLE,1995,1510,0.192,0.061000000000000006,0.024,0.085,43167,0.192,1.5250000000000001,1.717
ROLLS_ROYC,DAWN,DAWN,ESSENCE,6592,2630,0.407,0.033,0.016,,411990,0.407,0.8250000000000001,1.232
MERCEDES,CLASSE_V,V_300,GAZOLE,1950,2067,0.116,0.015,0.022,0.037,81025,0.116,0.375,0.491
VOLKSWAGEN,KOMBI,KOMBI,GAZOLE,1968,1919,0.015,0.013999999999999999,0.033,0.047,60740,0.015,0.35,0.365
MINI,MINI,CLUBMAN,ESSENCE,1998,1500,0.156,0.017,0.012,,42029,0.156,0.42500000000000004,0.5810000000000001
B.M.W.,SERIE_1,120,GAZOLE,1995,1515,0.071,0.037000000000000005,0.021,0.058,46988,0.071,0.9250000000000002,0.9960000000000001
MITSUBISHI,SPACE_STAR,SPACE_STAR,ESSENCE,1193,910,0.194,0.018,0.012,,16090,0.194,0.44999999999999996,0.6439999999999999
VOLKSWAGEN,TIGUAN,TIGUAN,GAZOLE,1968,1748,0.019,0.008999999999999994,0.034,0.043,57980,0.019,0.22499999999999987,0.24399999999999986
B.M.W.,SERIE_X,X3,ELEC+GAZOLE_HR,1995,1840,0.165,0.044000000000000004,0.025,0.069,59100,0.165,1.1,1.2650000000000001
B.M.W.,SERIE_4,420,ELEC+GAZOLE_HR,1995,1705,0.112,0.027999999999999997,0.017,0.045,56383,0.112,0.7,0.8119999999999999
MERCEDES,CLASSE_E,E_200,GAZOLE,1950,1725,0.021,0.006000000000000002,0.029,0.035,72300,0.021,0.15000000000000005,0.17100000000000004
MINI,MINI,CABRIO,ESSENCE,1499,1285,0.2,0.019,0.01,,36567,0.2,0.475,0.675
LEXUS,RX450H,RX,ESS+ELEC_HNR,3456,2100,0.109,0.013,0.007,,79890,0.109,0.325,0.434
FIAT,500X,500X,ESSENCE,1332,1320,0.291,0.033,0.012,,31413,0.291,0.8250000000000001,1.116
HONDA,CIVIC,CIVIC,ESS+ELEC_HNR,1993,1458,0.14,0.017,0.008,,34400,0.14,0.42500000000000004,0.5650000000000001
FORD,KUGA,KUGA,ESS+ELEC_HNR,2488,1626,0.205,0.011,0.01,,43590,0.205,0.27499999999999997,0.48
MINI,MINI,MINI,ESSENCE,1499,1150,0.288,0.018,0.012,,28857,0.288,0.44999999999999996,0.738
RENAULT,SCENIC,SCENIC,ESSENCE,1332,1505,0.312,0.011,0.014,,36700,0.312,0.27499999999999997,0.587
SKODA,OCTAVIA_RS,OCTAVIA,ESSENCE,1984,1456,0.182,0.021,0.02,,42700,0.182,0.525,0.7070000000000001
RENAULT,CLIO,CLIO,ESSENCE,999,1126,0.258,0.032,0.028,,22850,0.258,0.8,1.058
CITROEN,JUMPY_SPACE_TOURER,SPACE_TOURER,GAZOLE,1499,1659,0.072,0.0049999999999999975,0.05,0.055,33350,0.072,0.12499999999999994,0.19699999999999995
PEUGEOT,3008,3008,ELEC+ESSENC_HR,1598,1833,0.588,0.018,0.024,,53150,0.588,0.44999999999999996,1.0379999999999998
FIAT,500X,500X,ESSENCE,1332,1320,0.291,0.033,0.012,,31413,0.291,0.8250000000000001,1.116
ALPINE,A110,A110,ESSENCE,1798,1109,0.204,0.011,0.012,,76250,0.204,0.27499999999999997,0.479
RENAULT,ARKANA,ARKANA,ESS+ELEC_HNR,1332,1347,0.263,0.012,0.02,,36125,0.263,0.3,0.563
KIA,CEED,CEED,ELEC+GAZOLE_HR,1598,1407,0.108,0.038,0.009,0.047,34316,0.108,0.95,1.058
SKODA,KAMIQ,KAMIQ,ESSENCE,999,1185,0.153,0.023,0.043,,29620,0.153,0.575,0.728
B.M.W.,SERIE_X,X5,ELEC+ESSENC_HR,2998,2435,0.148,0.016,0.009,,91300,0.148,0.4,0.548
KIA,RIO,RIO,ESSENCE,1197,1045,0.327,0.038,0.014,,17473,0.327,0.95,1.277
MINI,MINI,COUNTRYMAN,ESSENCE,1499,1430,0.253,0.02,0.017,,40000,0.253,0.5,0.753
FORD,TOURNEO_CUSTOM,TOURNEO_CUSTOM,GAZOLE,1995,2209,0.117,0.014,0.049,0.065,51095,0.117,0.35000000000000003,0.467
FORD,FIESTA,FIESTA,SUPERETHANOL,999,1114,0.393,0.036,0.01,,23090,0.393,0.8999999999999999,1.293
B.M.W.,SERIE_2,220,ESS+ELEC_HNR,1499,1520,0.181,0.009,0.015,,38638,0.181,0.22499999999999998,0.40599999999999997
VOLVO,XC40,XC40,ESS+ELEC_HNR,1969,1613,0.288,0.013,0.013,,51525,0.288,0.325,0.613
RENAULT,KADJAR,KADJAR,GAZOLE,1461,1466,0.116,0.042,0.037,0.075,32240,0.116,1.05,1.1660000000000001
OPEL,GRANDLAND,GRANDLAND,ESSENCE,1199,1386,0.435,0.024,0.03,,39700,0.435,0.6,1.035
TOYOTA,YARIS,YARIS,ESS+ELEC_HNR,1490,1090,0.149,0.025,0.01,,26900,0.149,0.625,0.774
AUDI,Q2,Q2,ESSENCE,999,1250,0.216,0.022,0.027,,32160,0.216,0.5499999999999999,0.7659999999999999
DACIA,DUSTER,DUSTER,ESS+G.P.L.,1332,1328,0.286,0.013,0.015,,21033,0.286,0.325,0.611
B.M.W.,SERIE_1,118,GAZOLE,1995,1430,0.171,0.049,0.013,0.062,40410,0.171,1.225,1.3960000000000001
RENAULT,ESPACE,ESPACE,GAZOLE,1997,1848,0.014,0.008,0.021,0.029,57550,0.014,0.2,0.21400000000000002
VOLKSWAGEN,ARTEON,ARTEON,GAZOLE,1968,1576,0.027,0.010999999999999996,0.032,0.043,60040,0.027,0.2749999999999999,0.30199999999999994
B.M.W.,SERIE_4,430,ELEC+GAZOLE_HR,2993,1780,0.123,0.013999999999999999,0.041,0.055,62850,0.123,0.35,0.473
NISSAN,MICRA,MICRA,ESSENCE,999,1041,0.216,0.039,0.03,,21361,0.216,0.975,1.191
B.M.W.,SERIE_X,X3,ESS+ELEC_HNR,2998,1910,0.109,0.015,0.013,,79000,0.109,0.375,0.484
B.M.W.,SERIE_2,220,ESSENCE,1998,1430,0.156,0.017,0.011,,44133,0.156,0.42500000000000004,0.5810000000000001
FIAT,500,500,ESS+ELEC_HNR,999,999,0.3,0.028,0.022,,19150,0.3,0.7000000000000001,1.0
B.M.W.,SERIE_X,X2,ESSENCE,1499,1410,0.267,0.025,0.014,,40217,0.267,0.625,0.892
SKODA,OCTAVIA,OCTAVIA,ESS+ELEC_HNR,1498,1308,0.135,0.021,0.019,,35430,0.135,0.525,0.66
MERCEDES,CLASSE_C,C_220,ELEC+GAZOLE_HR,1993,1765,0.055,0.008,0.006,0.014,62283,0.055,0.2,0.255
SKODA,SCALA,SCALA,ESSENCE,999,1170,0.169,0.025,0.035,,29705,0.169,0.625,0.794
PEUGEOT,408,408,ESSENCE,1199,1392,0.392,0.021,0.04,,30500,0.392,0.525,0.917
DS,DS_4,4,ESSENCE,1598,1419,0.433,0.026,0.037,,45700,0.433,0.65,1.083
MERCEDES,CLASSE_E,E_200,GAZOLE,1950,1725,0.021,0.006000000000000002,0.029,0.035,72300,0.021,0.15000000000000005,0.17100000000000004
B.M.W.,SERIE_X,X5,ELEC+GAZOLE_HR,2993,2190,0.138,0.020000000000000004,0.044,0.064,79017,0.138,0.5000000000000001,0.6380000000000001
VOLKSWAGEN,TIGUAN,TIGUAN,GAZOLE,1968,1556,0.026,0.009000000000000001,0.03,0.039,48739,0.026,0.22500000000000003,0.25100000000000006
VOLKSWAGEN,KOMBI,KOMBI,GAZOLE,1968,2070,0.042,0.020000000000000004,0.047,0.067,74750,0.042,0.5000000000000001,0.5420000000000001
B.M.W.,SERIE_2,235,ESSENCE,1998,1570,0.079,0.009,0.015,,58750,0.079,0.22499999999999998,0.304
RENAULT,ARKANA_E_TECH,ARKANA,ESS+ELEC_HNR,1598,1435,0.383,0.02,0.003,,35656,0.383,0.5,0.883
RENAULT,CAPTUR,CAPTUR,ESS+ELEC_HNR,1598,1361,0.345,0.017,0.006,,31408,0.345,0.42500000000000004,0.77
SKODA,KODIAQ,KODIAQ,GAZOLE,1968,1748,0.026,0.009999999999999998,0.029,0.039,33820,0.026,0.24999999999999997,0.27599999999999997
RENAULT,CLIO,CLIO,GAZOLE,1461,1173,0.08,0.027000000000000003,0.023,0.05,23000,0.08,0.675,0.755
RENAULT,AUSTRAL,AUSTRAL,ESS+ELEC_HNR,1332,1464,0.278,0.024,0.019,,38800,0.278,0.6,0.878
B.M.W.,SERIE_4,440,ESS+ELEC_HNR,2998,1825,0.099,0.016,0.01,,71000,0.099,0.4,0.499
RENAULT,SCENIC,SCENIC,ESSENCE,1332,1450,0.261,0.011,0.018,,35900,0.261,0.27499999999999997,0.536
B.M.W.,SERIE_X,X3,ELEC+GAZOLE_HR,1995,1840,0.165,0.044000000000000004,0.025,0.069,59100,0.165,1.1,1.2650000000000001
MERCEDES,CLASSE_GLE,GLE_350,ELEC+ESSENC_HR,1991,2530,0.207,0.021,0.015,,106050,0.207,0.525,0.732
RENAULT,TRAFIC,TRAFIC,GAZOLE,1997,2033,0.04,0.006999999999999999,0.038,0.045,42550,0.04,0.175,0.215
OPEL,CORSA,CORSA,ESSENCE,1199,1090,0.509,0.022,0.014,,21900,0.509,0.5499999999999999,1.059
ALPINE,A110,A110,ESSENCE,1798,1102,0.229,0.011,0.011,,60500,0.229,0.27499999999999997,0.504
SKODA,SCALA,SCALA,ESSENCE,1498,1203,0.156,0.021,0.019,,31315,0.156,0.525,0.681
JAGUAR,XF,XF,ELEC+GAZOLE_HR,1998,1896,0.082,0.017,0.023,0.04,70260,0.082,0.42500000000000004,0.507
OPEL,CROSSLAND,CROSSLAND_X,ESSENCE,1199,1205,0.296,0.019,0.035,,29750,0.296,0.475,0.7709999999999999
PORSCHE,911_TARGA_4S,911,ESSENCE,2981,1675,0.13,0.014,0.013,,153576,0.13,0.35000000000000003,0.48000000000000004
HYUNDAI,KONA,KONA,ESS+ELEC_HNR,1580,1376,0.094,0.014,0.003,,29780,0.094,0.35000000000000003,0.44400000000000006
NISSAN,MICRA,MICRA,ESSENCE,999,1068,0.138,0.027,0.034,,22761,0.138,0.675,0.8130000000000001
FORD,FIESTA,FIESTA,SUPERETHANOL,999,1114,0.393,0.036,0.01,,23090,0.393,0.8999999999999999,1.293
RENAULT,CLIO,CLIO,GAZOLE,1461,1173,0.134,0.038000000000000006,0.031,0.069,23000,0.134,0.9500000000000002,1.084
RENAULT,MEGANE,MEGANE,ESSENCE,1332,1241,0.183,0.013,0.01,,29775,0.183,0.325,0.508
SKODA,OCTAVIA,OCTAVIA,ESSENCE,1498,1269,0.21,0.023,0.016,,30465,0.21,0.575,0.7849999999999999
MERCEDES,CLASSE_GLE,GLE_350,ELEC+GAZOLE_HR,1950,2580,0.031,0.0049999999999999975,0.038,0.043,95650,0.031,0.12499999999999994,0.15599999999999994
B.M.W.,SERIE_X,X2,GAZOLE,1496,1495,0.038,0.024999999999999998,0.018,0.043,42917,0.038,0.625,0.663
VOLVO,V90,V90,ELEC+GAZOLE_HR,1969,1819,0.247,0.026999999999999996,0.032,0.059,63163,0.247,0.6749999999999999,0.9219999999999999
B.M.W.,SERIE_5,530,ELEC+ESSENC_HR,1998,1960,0.311,0.01,0.011,,70838,0.311,0.25,0.5609999999999999
PEUGEOT,RIFTER,RIFTER,ESSENCE,1199,1505,0.588,0.024,0.035,,28850,0.588,0.6,1.188
OPEL,GRANDLAND_X,GRANDLAND_X,GAZOLE,1499,1400,0.052,0.003999999999999997,0.041,0.045,34038,0.052,0.09999999999999992,0.1519999999999999
MERCEDES,CLASSE_S,S_580,ELEC+ESSENC_HR,2999,2365,0.221,0.012,0.005,,82525,0.221,0.3,0.521
FORD,PUMA,PUMA,ESS+ELEC_HNR,999,1259,0.362,0.047,0.021,,33600,0.362,1.175,1.537
FORD,FIESTA,FIESTA,SUPERETHANOL,999,1114,0.393,0.036,0.01,,23090,0.393,0.8999999999999999,1.293
SEAT,LEON,LEON,ESS+ELEC_HNR,999,1260,0.117,0.02,0.038,,29158,0.117,0.5,0.617
OPEL,CORSA,CORSA,ESSENCE,1199,1090,0.509,0.022,0.014,,21900,0.509,0.5499999999999999,1.059
JEEP,RENEGADE,RENEGADE,ESS+ELEC_HNR,1469,1420,0.381,0.063,0.018,,33438,0.381,1.575,1.956
LAND_ROVER,RANGE_ROVER,RANGE_ROVER,ESSENCE,4395,2510,0.19,0.013,0.038,,180325,0.19,0.325,0.515
TOYOTA,YARIS,YARIS,ESS+ELEC_HNR,1490,1090,0.149,0.025,0.01,,26900,0.149,0.625,0.774
MERCEDES,CLASSE_E,E_200,ELEC+GAZOLE_HR,1993,1755,0.054,0.006999999999999999,0.006,0.013,58383,0.054,0.175,0.22899999999999998
B.M.W.,SERIE_4,420,ELEC+GAZOLE_HR,1995,1605,0.086,0.018000000000000002,0.017,0.035,55650,0.086,0.45000000000000007,0.536
VOLKSWAGEN,CADDY,CADDY,ESSENCE,1498,1467,0.245,0.029,0.031,,29190,0.245,0.7250000000000001,0.9700000000000001
MERCEDES,CLASSE_E,E_300,ESS+ELEC_HNR,1991,1780,0.249,0.016,0.013,,73850,0.249,0.4,0.649
SKODA,KAMIQ,KAMIQ,ESSENCE,999,1185,0.153,0.023,0.043,,29620,0.153,0.575,0.728
B.M.W.,SERIE_1,118,ESSENCE,1499,1320,0.273,0.023,0.015,,37510,0.273,0.575,0.848
B.M.W.,SERIE_5,520,ELEC+GAZOLE_HR,1995,1780,0.096,0.026,0.02,0.046,61063,0.096,0.65,0.746
RENAULT,TALISMAN,TALISMAN,GAZOLE,1997,1658,0.063,0.022000000000000002,0.028,0.05,42700,0.063,0.55,0.613
B.M.W.,SERIE_X,X1,ESSENCE,1499,1500,0.075,0.009,0.008,,42463,0.075,0.22499999999999998,0.3
MERCEDES,CLASSE_E,E_300,ELEC+GAZOLE_HR,1950,2070,0.029,0.007000000000000003,0.027,0.034,78875,0.029,0.17500000000000007,0.20400000000000007
VOLKSWAGEN,TIGUAN,TIGUAN,GAZOLE,1968,1556,0.026,0.009000000000000001,0.03,0.039,48739,0.026,0.22500000000000003,0.25100000000000006
JEEP,COMPASS,COMPASS,ESS+ELEC_HNR,1469,1500,0.28,0.041,0.013,,40533,0.28,1.0250000000000001,1.3050000000000002
VOLKSWAGEN,KOMBI,KOMBI,GAZOLE,1968,1932,0.015,0.013999999999999999,0.033,0.047,60740,0.015,0.35,0.365
B.M.W.,SERIE_4,420,ELEC+GAZOLE_HR,1995,1705,0.112,0.027999999999999997,0.017,0.045,56383,0.112,0.7,0.8119999999999999
SKODA,KAMIQ,KAMIQ,ESSENCE,1498,1214,0.159,0.027,0.022,,31270,0.159,0.675,0.8340000000000001
MERCEDES,CLASSE_C,C_220,GAZOLE,1950,1575,0.059,0.009000000000000001,0.02,0.029,58600,0.059,0.22500000000000003,0.28400000000000003
TOYOTA,COROLLA,COROLLA,ESS+ELEC_HNR,1798,1345,0.101,0.015,0.002,,32308,0.101,0.375,0.476
PORSCHE,CAYENNE_E_HYBRID,CAYENNE,ELEC+ESSENC_HR,2995,2360,0.389,0.021,0.021,,105929,0.389,0.525,0.914
FIAT,PANDA,PANDA,ESS+ELEC_HNR,999,992,0.3,0.028,0.022,,15290,0.3,0.7000000000000001,1.0
FERRARI,MONZA,MONZA,ESSENCE,6496,1631,0.427,0.037,0.026,,1586530,0.427,0.9249999999999999,1.3519999999999999
MERCEDES,CLASSE_CLS,CLS_220,GAZOLE,1950,1725,0.021,0.006000000000000002,0.029,0.035,82500,0.021,0.15000000000000005,0.17100000000000004
KIA,PICANTO,PICANTO,ESSENCE,1197,909,0.24,0.029,0.021,,18073,0.24,0.7250000000000001,0.9650000000000001
B.M.W.,SERIE_3,330,ELEC+GAZOLE_HR,2993,1825,0.121,0.012999999999999998,0.042,0.055,62725,0.121,0.32499999999999996,0.44599999999999995
B.M.W.,SERIE_1,120,ESSENCE,1998,1390,0.156,0.017,0.011,,41488,0.156,0.42500000000000004,0.5810000000000001
CITROEN,BERLINGO,BERLINGO,GAZOLE,1499,1430,0.053,0.003999999999999997,0.049,0.053,27250,0.053,0.09999999999999992,0.1529999999999999
SKODA,OCTAVIA,OCTAVIA,GAZOLE,1968,1391,0.026,0.008999999999999998,0.028,0.037,36598,0.026,0.22499999999999995,0.25099999999999995
B.M.W.,SERIE_1,118,ESSENCE,1499,1320,0.273,0.023,0.015,,37510,0.273,0.575,0.848
PORSCHE,911_CARRERA_GTS,911,ESSENCE,2981,1545,0.166,0.011,0.011,,149486,0.166,0.27499999999999997,0.44099999999999995
VOLVO,XC90,XC90,ELEC+GAZOLE_HR,1969,2095,0.254,0.027999999999999997,0.043,0.071,91530,0.254,0.7,0.954
MINI,MINI,COUNTRYMAN,GAZOLE,1496,1440,0.097,0.025999999999999995,0.017,0.043,35880,0.097,0.6499999999999999,0.7469999999999999
VOLKSWAGEN,GOLF,GOLF,ESS+ELEC_HNR,1498,1290,0.135,0.021,0.019,,32478,0.135,0.525,0.66
RENAULT,KADJAR,KADJAR,ESSENCE,1332,1341,0.156,0.012,0.021,,34900,0.156,0.3,0.45599999999999996
VOLKSWAGEN,KOMBI,KOMBI,GAZOLE,1968,1966,0.021,0.012999999999999998,0.033,0.046,60740,0.021,0.32499999999999996,0.346
MERCEDES,CLASSE_C,C_220,ELEC+GAZOLE_HR,1993,1715,0.063,0.007,0.007,0.014,59883,0.063,0.17500000000000002,0.23800000000000002
B.M.W.,SERIE_1,118,ESSENCE,1499,1290,0.291,0.024,0.018,,35210,0.291,0.6,0.891
B.M.W.,SERIE_2,218,GAZOLE,1995,1545,0.05,0.005999999999999998,0.041,0.047,38888,0.05,0.14999999999999997,0.19999999999999996
TOYOTA,YARIS,YARIS,ESS+ELEC_HNR,1490,1090,0.149,0.025,0.01,,26900,0.149,0.625,0.774
KIA,STONIC,STONIC,ESS+ELEC_HNR,998,1185,0.112,0.022,0.025,,26470,0.112,0.5499999999999999,0.6619999999999999
VOLKSWAGEN,TIGUAN,TIGUAN,ESSENCE,1498,1429,0.233,0.033,0.025,,39135,0.233,0.8250000000000001,1.058
DS,DS_3_CROSSBACK,3_CROSSBACK,GAZOLE,1499,1205,0.05,0.0050000000000000044,0.053,0.058,36738,0.05,0.1250000000000001,0.1750000000000001
KIA,PICANTO,PICANTO,ESSENCE,998,903,0.324,0.025,0.012,,14810,0.324,0.625,0.9490000000000001
B.M.W.,SERIE_X,X3,ELEC+GAZOLE_HR,1995,1840,0.165,0.044000000000000004,0.025,0.069,59100,0.165,1.1,1.2650000000000001
B.M.W.,SERIE_1,118,ESSENCE,1499,1320,0.273,0.023,0.015,,37510,0.273,0.575,0.848
B.M.W.,SERIE_4,440,ESS+ELEC_HNR,2998,1740,0.087,0.013,0.009,,70650,0.087,0.325,0.41200000000000003
VOLKSWAGEN,GOLF,GOLF,GAZOLE,1968,1303,0.03,0.009000000000000001,0.041,0.05,32357,0.03,0.22500000000000003,0.255
MAZDA,MAZDA_3,3,ESS+ELEC_HNR,1998,1320,0.127,0.011,0.029,,30800,0.127,0.27499999999999997,0.40199999999999997
TOYOTA,YARIS,YARIS,ESSENCE,1490,1040,0.243,0.018,0.008,,20933,0.243,0.44999999999999996,0.693
VOLKSWAGEN,KOMBI,KOMBI,GAZOLE,1968,1932,0.015,0.013999999999999999,0.033,0.047,60740,0.015,0.35,0.365
PEUGEOT,2008,2008,GAZOLE,1499,1205,0.058,0.005999999999999998,0.046,0.052,28979,0.058,0.14999999999999997,0.20799999999999996
MINI,MINI,CLUBMAN,ESSENCE,1499,1360,0.227,0.023,0.014,,38000,0.227,0.575,0.8019999999999999
MERCEDES,CLASSE_V,V_250,GAZOLE,1950,2067,0.116,0.015,0.022,0.037,78399,0.116,0.375,0.491
JAGUAR,F_PACE,F_PACE,ELEC+ESSENC_HR,1997,2147,0.601,0.025,0.02,,67870,0.601,0.625,1.226
MINI,MINI,MINI,ESSENCE,1499,1175,0.2,0.019,0.01,,32367,0.2,0.475,0.675
B.M.W.,SERIE_4,440,ESS+ELEC_HNR,2998,1825,0.099,0.016,0.01,,71000,0.099,0.4,0.499
B.M.W.,SERIE_X,X4,ELEC+GAZOLE_HR,2993,2020,0.122,0.013999999999999999,0.038,0.052,79750,0.122,0.35,0.472
B.M.W.,SERIE_2,220,ESSENCE,1998,1430,0.156,0.017,0.011,,44133,0.156,0.42500000000000004,0.5810000000000001
KIA,STONIC,STONIC,ESSENCE,998,1120,0.321,0.022,0.018,,23390,0.321,0.5499999999999999,0.871
AUDI,Q3_E_TRON,Q3,ELEC+ESSENC_HR,1395,1740,0.123,0.014,0.01,,50180,0.123,0.35000000000000003,0.47300000000000003
FORD,ECOSPORT,ECOSPORT,ESSENCE,998,1284,0.271,0.02,0.016,,25900,0.271,0.5,0.771
B.M.W.,SERIE_1,118,ESSENCE,1499,1320,0.273,0.023,0.015,,37510,0.273,0.575,0.848
RENAULT,CLIO,CLIO,ESSENCE,999,1028,0.222,0.021,0.026,,18550,0.222,0.525,0.747
B.M.W.,SERIE_X,X2,GAZOLE,1496,1475,0.124,0.029,0.02,0.049,40617,0.124,0.7250000000000001,0.8490000000000001
VOLKSWAGEN,TIGUAN,TIGUAN,GAZOLE,1968,1551,0.026,0.009000000000000001,0.03,0.039,48739,0.026,0.22500000000000003,0.25100000000000006
FORD,TOURNEO,TOURNEO_CONNECT,GAZOLE,1499,1735,0.045,0.005,0.03,0.034,29293,0.045,0.125,0.16999999999999998
MERCEDES,CLASSE_GLC,GLC_300,ELEC+ESSENC_HR,1991,1965,0.234,0.013,0.009,,75925,0.234,0.325,0.559
SKODA,OCTAVIA_RS,OCTAVIA,ESSENCE,1984,1468,0.182,0.021,0.02,,43810,0.182,0.525,0.7070000000000001
PORSCHE,911_TARGA_4,911,ESSENCE,2981,1665,0.108,0.01,0.013,,137976,0.108,0.25,0.358
VOLVO,XC90,XC90,ELEC+GAZOLE_HR,1969,2095,0.254,0.027999999999999997,0.043,0.071,91530,0.254,0.7,0.954
B.M.W.,SERIE_1,120,GAZOLE,1995,1515,0.071,0.037000000000000005,0.021,0.058,46988,0.071,0.9250000000000002,0.9960000000000001
B.M.W.,SERIE_5,530,ELEC+ESSENC_HR,1998,1900,0.352,0.012,0.011,,68188,0.352,0.3,0.6519999999999999
B.M.W.,SERIE_1,135,ESSENCE,1998,1525,0.136,0.009,0.015,,56150,0.136,0.22499999999999998,0.361
JAGUAR,XF,XF,ELEC+GAZOLE_HR,1998,1774,0.071,0.015,0.017,0.031,67245,0.071,0.375,0.446
FORD,TRANSIT_CUSTOM,TRANSIT_CUSTOM,GAZOLE,1995,2012,0.117,0.014,0.049,0.065,51095,0.117,0.35000000000000003,0.467
B.M.W.,SERIE_1,118,GAZOLE,1995,1430,0.171,0.049,0.013,0.062,40410,0.171,1.225,1.3960000000000001
KIA,STONIC,STONIC,ESSENCE,998,1120,0.321,0.022,0.018,,23390,0.321,0.5499999999999999,0.871
FORD,TOURNEO,TOURNEO_CONNECT,GAZOLE,1499,1731,0.04,0.005,0.022,0.027,30993,0.04,0.125,0.165
JAGUAR,XF,XF,ELEC+GAZOLE_HR,1998,1774,0.071,0.015,0.017,0.031,67245,0.071,0.375,0.446
RENAULT,AUSTRAL,AUSTRAL,ESS+ELEC_HNR,1199,1627,0.462,0.03,0.05,,42800,0.462,0.75,1.212
OPEL,ASTRA,ASTRA,ESSENCE,1199,1296,0.302,0.022,0.041,,32917,0.302,0.5499999999999999,0.8519999999999999
RENAULT,KANGOO,KANGOO,GAZOLE,1461,1588,0.17,0.048,0.039,0.086,29800,0.17,1.2,1.3699999999999999
MERCEDES,CLASSE_S,S_400,GAZOLE,2925,1985,0.036,0.023,0.034,0.057,114725,0.036,0.575,0.611
OPEL,CORSA,CORSA,ESSENCE,1199,1090,0.509,0.022,0.014,,21900,0.509,0.5499999999999999,1.059
OPEL,INSIGNIA_GRAND_SPORT,INSIGNIA,GAZOLE,1995,1540,0.049,0.013,0.014,0.027,44313,0.049,0.325,0.374
MERCEDES,CLASSE_GLC,GLC_300,ELEC+ESSENC_HR,1991,1965,0.234,0.013,0.009,,75925,0.234,0.325,0.559
B.M.W.,M4,M4,ESSENCE,2993,1725,0.206,0.013,0.017,,104550,0.206,0.325,0.531
MERCEDES,CLASSE_V,V_220,GAZOLE,1950,2092,0.019,0.006999999999999999,0.019,0.026,67675,0.019,0.175,0.19399999999999998
VOLKSWAGEN,GOLF,GOLF,GAZOLE,1968,1383,0.025,0.008,0.034,0.042,35558,0.025,0.2,0.225
LEXUS,NX350H,NX,ESS+ELEC_HNR,2487,1790,0.16,0.014,0.001,,58690,0.16,0.35000000000000003,0.51
B.M.W.,SERIE_X,X2,GAZOLE,1995,1605,0.071,0.036000000000000004,0.02,0.056,50717,0.071,0.9000000000000001,0.9710000000000001
B.M.W.,SERIE_2,218,ESSENCE,1499,1350,0.291,0.024,0.018,,36950,0.291,0.6,0.891
CITROEN,C4,C4,ESSENCE,1199,1247,0.332,0.025,0.045,,28938,0.332,0.625,0.9570000000000001
B.M.W.,SERIE_X,X5,ELEC+GAZOLE_HR,2993,2190,0.141,0.018000000000000002,0.045,0.063,79017,0.141,0.45000000000000007,0.5910000000000001
B.M.W.,SERIE_X,X1,GAZOLE,1995,1575,0.03,0.006000000000000002,0.028,0.034,44763,0.03,0.15000000000000005,0.18000000000000005
MERCEDES,CLASSE_C,C_220,ELEC+GAZOLE_HR,1993,1765,0.055,0.008,0.006,0.014,62283,0.055,0.2,0.255
B.M.W.,SERIE_2,220,ESSENCE,1998,1430,0.156,0.017,0.011,,44133,0.156,0.42500000000000004,0.5810000000000001
B.M.W.,SERIE_8,840,ELEC+GAZOLE_HR,2993,1915,0.108,0.023,0.034,0.057,111100,0.108,0.575,0.6829999999999999
B.M.W.,SERIE_5,520,ELEC+GAZOLE_HR,1995,1780,0.096,0.026,0.02,0.046,61063,0.096,0.65,0.746
NISSAN,QASHQAI,QASHQAI,ESS+ELEC_HNR,1332,1457,0.312,0.015,0.024,,42920,0.312,0.375,0.687
RENAULT,CAPTUR,CAPTUR,ESS+ELEC_HNR,1598,1363,0.31,0.019,0.004,,31408,0.31,0.475,0.7849999999999999
MINI,MINI,CLUBMAN,ESSENCE,1998,1415,0.187,0.02,0.009,,41400,0.187,0.5,0.687
VOLVO,XC40,XC40,ESSENCE,1477,1550,0.238,0.035,0.024,,33650,0.238,0.8750000000000001,1.113
PEUGEOT,2008,2008,ESSENCE,1199,1205,0.503,0.027,0.034,,35100,0.503,0.675,1.178
MERCEDES,CLASSE_GLE,GLE_350,ELEC+GAZOLE_HR,1950,2580,0.031,0.0040000000000000036,0.046,0.05,95650,0.031,0.10000000000000009,0.1310000000000001
B.M.W.,SERIE_1,120,GAZOLE,1995,1515,0.071,0.037000000000000005,0.021,0.058,46988,0.071,0.9250000000000002,0.9960000000000001
B.M.W.,SERIE_2,218,GAZOLE,1995,1545,0.05,0.005999999999999998,0.041,0.047,38888,0.05,0.14999999999999997,0.19999999999999996
SEAT,ATECA,ATECA,ESSENCE,1498,1361,0.126,0.014,0.01,,36991,0.126,0.35000000000000003,0.47600000000000003
MERCEDES,CLASSE_V,V_300,GAZOLE,1950,2102,0.116,0.015,0.022,0.037,81025,0.116,0.375,0.491
DACIA,SANDERO,SANDERO,ESS+G.P.L.,999,1130,0.39,0.038,0.02,,14440,0.39,0.95,1.3399999999999999
DACIA,SANDERO,SANDERO,ESS+G.P.L.,999,1130,0.569,0.041,0.038,,14440,0.569,1.0250000000000001,1.594
B.M.W.,SERIE_2,218,GAZOLE,1995,1470,0.178,0.053000000000000005,0.013,0.066,43563,0.178,1.3250000000000002,1.5030000000000001
MERCEDES,CLASSE_V,V_300,GAZOLE,1950,2092,0.116,0.015,0.022,0.037,76411,0.116,0.375,0.491
LEXUS,NX350H,NX,ESS+ELEC_HNR,2487,1790,0.16,0.014,0.001,,58690,0.16,0.35000000000000003,0.51
VOLVO,XC40,XC40,ESS+ELEC_HNR,1969,1660,0.348,0.014,0.012,,56350,0.348,0.35000000000000003,0.698
SEAT,ATECA,ATECA,GAZOLE,1968,1427,0.019,0.009,0.011,0.049,35791,0.019,0.22499999999999998,0.24399999999999997
MINI,MINI,COUNTRYMAN,GAZOLE,1995,1475,0.161,0.044,0.016,0.06,39238,0.161,1.0999999999999999,1.261
RENAULT,MEGANE,MEGANE,ESSENCE,1332,1308,0.246,0.012,0.02,,33750,0.246,0.3,0.546
DS,DS_9,9,ESSENCE,1598,1540,0.378,0.019,0.024,,52700,0.378,0.475,0.853
SKODA,OCTAVIA,OCTAVIA,ESSENCE,1498,1281,0.21,0.023,0.016,,31545,0.21,0.575,0.7849999999999999
VOLKSWAGEN,TIGUAN,TIGUAN,ESSENCE,1498,1471,0.153,0.016,0.013,,45809,0.153,0.4,0.553
MINI,MINI,MINI,ESSENCE,1499,1150,0.288,0.018,0.012,,28857,0.288,0.44999999999999996,0.738
RENAULT,KADJAR,KADJAR,ESSENCE,1332,1353,0.162,0.015,0.013,,33500,0.162,0.375,0.537
VOLVO,V60,V60,ELEC+ESSENC_HR,1969,2000,0.673,0.005,0.01,,69600,0.673,0.125,0.798
CITROEN,C4,C4,GAZOLE,1499,1260,0.052,0.003999999999999997,0.056,0.06,29020,0.052,0.09999999999999992,0.1519999999999999
B.M.W.,SERIE_5,530,ELEC+ESSENC_HR,1998,1900,0.352,0.012,0.011,,68188,0.352,0.3,0.6519999999999999
B.M.W.,SERIE_X,X4,ELEC+GAZOLE_HR,1995,1840,0.165,0.044000000000000004,0.025,0.069,62150,0.165,1.1,1.2650000000000001
MINI,MINI,COUNTRYMAN,GAZOLE,1496,1440,0.097,0.025999999999999995,0.017,0.043,35880,0.097,0.6499999999999999,0.7469999999999999
VOLVO,XC40,XC40,ELEC+ESSENC_HR,1477,1737,0.11,0.006,0.008,,54900,0.11,0.15,0.26
JAGUAR,XE,XE,ELEC+GAZOLE_HR,1998,1734,0.082,0.017,0.023,0.04,59170,0.082,0.42500000000000004,0.507
PEUGEOT,208,208,ESSENCE,1199,1158,0.447,0.023,0.013,,29353,0.447,0.575,1.022
OPEL,ZAFIRA_LIFE,ZAFIRA,GAZOLE,1997,1763,0.028,0.004,0.023,0.027,36851,0.028,0.1,0.128
MINI,MINI,COUNTRYMAN,GAZOLE,1995,1600,0.07,0.036000000000000004,0.019,0.055,48633,0.07,0.9000000000000001,0.9700000000000002
VOLKSWAGEN,T_ROC,T_ROC,ESSENCE,1498,1283,0.124,0.013,0.008,,36985,0.124,0.325,0.449
MERCEDES,CLASSE_C,C_220,ELEC+GAZOLE_HR,1993,1655,0.063,0.007,0.007,0.014,54883,0.063,0.17500000000000002,0.23800000000000002
JAGUAR,XF,XF,ELEC+GAZOLE_HR,1998,1834,0.071,0.015,0.017,0.031,67690,0.071,0.375,0.446
MERCEDES,CLASSE_B,B_250,ESSENCE,1991,1480,0.212,0.01,0.011,,49850,0.212,0.25,0.46199999999999997
KIA,SORENTO,SORENTO,ESS+ELEC_HNR,1598,1741,0.118,0.012,0.008,,50520,0.118,0.3,0.418
FORD,PUMA,PUMA,ESS+ELEC_HNR,999,1259,0.377,0.042,0.023,,30570,0.377,1.05,1.427
B.M.W.,SERIE_X,X6,ELEC+GAZOLE_HR,2993,2215,0.096,0.012999999999999998,0.025,0.038,89225,0.096,0.32499999999999996,0.42099999999999993
SKODA,KODIAQ,KODIAQ,GAZOLE,1968,1707,0.026,0.009999999999999998,0.029,0.039,33820,0.026,0.24999999999999997,0.27599999999999997
VOLKSWAGEN,GOLF,GOLF,GAZOLE,1968,1311,0.025,0.023,0.036,0.059,38127,0.025,0.575,0.6
CUPRA,FORMENTOR,FORMENTOR,GAZOLE,1968,1552,0.025,0.005,0.029,0.032,44453,0.025,0.125,0.15
SKODA,KAMIQ,KAMIQ,ESSENCE,1498,1214,0.144,0.022,0.022,,30315,0.144,0.5499999999999999,0.694
KIA,PICANTO,PICANTO,ESSENCE,998,903,0.371,0.02,0.011,,14810,0.371,0.5,0.871
OPEL,INSIGNIA_SPORTS_TOURER,INSIGNIA,GAZOLE,1995,1540,0.049,0.013,0.014,0.027,44925,0.049,0.325,0.374
OPEL,GRANDLAND,GRANDLAND,GAZOLE,1499,1448,0.055,0.0020000000000000018,0.027,0.029,40625,0.055,0.050000000000000044,0.10500000000000004
VOLKSWAGEN,TIGUAN,TIGUAN,ESSENCE,1498,1461,0.234,0.024,0.024,,45809,0.234,0.6,0.834
PEUGEOT,EXPERT_TRAVELLER,TRAVELLER,GAZOLE,1997,1660,0.028,0.004,0.023,0.027,35750,0.028,0.1,0.128
JEEP,RENEGADE,RENEGADE,GAZOLE,1598,1430,0.05,0.022000000000000006,0.059,0.081,32400,0.05,0.5500000000000002,0.6000000000000002
MERCEDES,VITO_TOURER,VITO,GAZOLE,1950,2050,0.211,0.018,0.027,0.045,51198,0.211,0.44999999999999996,0.6609999999999999
KIA,XCEED,XCEED,ELEC+GAZOLE_HR,1598,1397,0.243,0.041,0.023,0.064,35070,0.243,1.0250000000000001,1.2680000000000002
RENAULT,CLIO,CLIO,ESSENCE,999,1088,0.216,0.03,0.025,,21183,0.216,0.75,0.966
RENAULT,CLIO,CLIO,ESS+ELEC_HNR,1598,1243,0.445,0.022,0.002,,25133,0.445,0.5499999999999999,0.9949999999999999
DACIA,SANDERO,SANDERO,ESS+G.P.L.,999,1154,0.38,0.037,0.025,,17400,0.38,0.9249999999999999,1.305
DACIA,SANDERO,SANDERO,ESS+G.P.L.,999,1154,0.444,0.026,0.033,,17400,0.444,0.65,1.094
MERCEDES,CLASSE_GLS,GLS_63_AMG,ESS+ELEC_HNR,3982,2555,0.37,0.021,0.023,,176650,0.37,0.525,0.895
MINI,MINI,CLUBMAN,ESSENCE,1998,1415,0.187,0.02,0.009,,41400,0.187,0.5,0.687
MERCEDES,CLASSE_C,C_220,ELEC+GAZOLE_HR,1993,1655,0.063,0.007,0.007,0.014,58383,0.063,0.17500000000000002,0.23800000000000002
HYUNDAI,KONA,KONA,ESS+ELEC_HNR,998,1265,0.223,0.025,0.022,,26450,0.223,0.625,0.848
B.M.W.,SERIE_1,120,GAZOLE,1995,1515,0.071,0.037000000000000005,0.021,0.058,46988,0.071,0.9250000000000002,0.9960000000000001
MERCEDES,VITO_TOURER,VITO,GAZOLE,1950,2050,0.211,0.018,0.027,0.045,47096,0.211,0.44999999999999996,0.6609999999999999
SKODA,KODIAQ,KODIAQ,ESSENCE,1984,1752,0.331,0.018,0.01,,54840,0.331,0.44999999999999996,0.7809999999999999
B.M.W.,SERIE_4,440,ESS+ELEC_HNR,2998,1825,0.099,0.016,0.01,,71000,0.099,0.4,0.499
VOLKSWAGEN,KOMBI,KOMBI,GAZOLE,1968,1932,0.015,0.013999999999999999,0.033,0.047,60740,0.015,0.35,0.365
ALFA_ROMEO,GIULIA,GIULIA,GAZOLE,2143,1565,0.021,0.001999999999999995,0.041,0.043,60383,0.021,0.04999999999999987,0.07099999999999987
MINI,MINI,MINI,ESSENCE,1499,1175,0.2,0.019,0.01,,31057,0.2,0.475,0.675
B.M.W.,SERIE_5,520,ELEC+GAZOLE_HR,1995,1780,0.096,0.026,0.02,0.046,61063,0.096,0.65,0.746
MERCEDES,CLASSE_GLC,GLC_300,ELEC+GAZOLE_HR,1950,2060,0.034,0.004,0.028,0.032,77775,0.034,0.1,0.134
FORD,TRANSIT_CUSTOM,TRANSIT_CUSTOM,GAZOLE,1995,2064,0.117,0.014,0.049,0.065,41784,0.117,0.35000000000000003,0.467
MAZDA,MAZDA_3,3,ESS+ELEC_HNR,1998,1275,0.409,0.051,0.02,,28350,0.409,1.275,1.684
MERCEDES,VITO_TOURER,VITO,GAZOLE,1950,1982,0.019,0.006999999999999999,0.019,0.026,46907,0.019,0.175,0.19399999999999998
SEAT,ATECA,ATECA,GAZOLE,1968,1422,0.033,0.009,0.032,0.04,37276,0.033,0.22499999999999998,0.258
PEUGEOT,308,308,GAZOLE,1499,1382,0.08,0.003999999999999997,0.056,0.06,33033,0.08,0.09999999999999992,0.17999999999999994
MINI,MINI,COUNTRYMAN,ESSENCE,1998,1605,0.314,0.012,0.012,,53300,0.314,0.3,0.614
MERCEDES,CLASSE_S,S_580,ELEC+ESSENC_HR,2999,2325,0.247,0.013,0.004,,82525,0.247,0.325,0.5720000000000001
MERCEDES,VITO_TOURER,VITO,GAZOLE,1950,1922,0.019,0.006999999999999999,0.019,0.026,47912,0.019,0.175,0.19399999999999998
B.M.W.,SERIE_5,520,ESS+ELEC_HNR,1998,1715,0.111,0.012,0.022,,60063,0.111,0.3,0.411
B.M.W.,SERIE_2,220,ESSENCE,1998,1430,0.156,0.017,0.011,,44133,0.156,0.42500000000000004,0.5810000000000001
JAGUAR,XF,XF,ELEC+GAZOLE_HR,1998,1774,0.071,0.015,0.017,0.031,67245,0.071,0.375,0.446
VOLKSWAGEN,PASSAT,PASSAT,GAZOLE,1968,1598,0.021,0.011000000000000003,0.038,0.049,56873,0.021,0.2750000000000001,0.2960000000000001
MERCEDES,CLASSE_C,C_220,ELEC+GAZOLE_HR,1993,1765,0.055,0.008,0.006,0.014,62283,0.055,0.2,0.255
VOLVO,XC60,XC60,ELEC+ESSENC_HR,1969,2075,0.243,0.008,0.008,,76310,0.243,0.2,0.443
SEAT,ATECA,ATECA,ESSENCE,1498,1357,0.126,0.014,0.01,,36991,0.126,0.35000000000000003,0.47600000000000003
MERCEDES,CLASSE_S,S_400,GAZOLE,2925,1985,0.036,0.023,0.034,0.057,121725,0.036,0.575,0.611
HYUNDAI,KONA,KONA,ESS+ELEC_HNR,1580,1376,0.094,0.014,0.003,,29780,0.094,0.35000000000000003,0.44400000000000006
FIAT,500X,500X,ESSENCE,999,1320,0.423,0.023,0.016,,27832,0.423,0.575,0.998
B.M.W.,SERIE_X,X3,ELEC+ESSENC_HR,1998,1990,0.642,0.017,0.012,,64950,0.642,0.42500000000000004,1.0670000000000002
JEEP,COMPASS,COMPASS,ELEC+ESSENC_HR,1332,1860,0.303,0.03,0.014,,47075,0.303,0.75,1.053
FIAT,500,500,ESS+ELEC_HNR,999,993,0.281,0.031,0.048,,18540,0.281,0.775,1.056
PEUGEOT,508,508,ESSENCE,1199,1400,0.341,0.02,0.038,,42075,0.341,0.5,0.841
RENAULT,KADJAR,KADJAR,ESSENCE,1332,1372,0.156,0.012,0.021,,35500,0.156,0.3,0.45599999999999996
B.M.W.,SERIE_4,420,ELEC+GAZOLE_HR,1995,1760,0.087,0.026,0.019,0.045,58783,0.087,0.65,0.737
RENAULT,CAPTUR,CAPTUR,ESS+ELEC_HNR,1332,1298,0.45,0.013,0.027,,30200,0.45,0.325,0.775
VOLKSWAGEN,CADDY,CADDY,GAZOLE,1968,1646,0.023,0.020999999999999998,0.038,0.059,41913,0.023,0.5249999999999999,0.5479999999999999
B.M.W.,SERIE_1,116,ESSENCE,1499,1340,0.072,0.014,0.008,,36260,0.072,0.35000000000000003,0.42200000000000004
B.M.W.,SERIE_3,330,ELEC+GAZOLE_HR,2993,1825,0.121,0.012999999999999998,0.042,0.055,62725,0.121,0.32499999999999996,0.44599999999999995
MINI,MINI,COUNTRYMAN,ESSENCE,1998,1605,0.314,0.012,0.012,,51800,0.314,0.3,0.614
VOLVO,XC40,XC40,ESS+ELEC_HNR,1969,1613,0.248,0.015,0.014,,45763,0.248,0.375,0.623
B.M.W.,SERIE_1,118,ESSENCE,1499,1290,0.291,0.024,0.018,,35210,0.291,0.6,0.891
VOLKSWAGEN,TIGUAN,TIGUAN,GAZOLE,1968,1630,0.019,0.009000000000000001,0.033,0.042,54740,0.019,0.22500000000000003,0.24400000000000002
SKODA,KODIAQ,KODIAQ,ESSENCE,1498,1566,0.243,0.025,0.02,,33820,0.243,0.625,0.868
PORSCHE,MACAN_S,MACAN,ESSENCE,2894,1930,0.322,0.023,0.014,,76946,0.322,0.575,0.897
B.M.W.,SERIE_1,118,GAZOLE,1995,1430,0.171,0.049,0.013,0.062,40410,0.171,1.225,1.3960000000000001
MINI,MINI,CLUBMAN,ESSENCE,1998,1500,0.156,0.017,0.012,,42029,0.156,0.42500000000000004,0.5810000000000001
SEAT,ATECA,ATECA,ESSENCE,999,1284,0.216,0.022,0.027,,30622,0.216,0.5499999999999999,0.7659999999999999
RENAULT,SCENIC,SCENIC,ESSENCE,1332,1477,0.247,0.009,0.019,,41400,0.247,0.22499999999999998,0.472
B.M.W.,SERIE_4,420,ELEC+GAZOLE_HR,1995,1775,0.089,0.022000000000000002,0.018,0.04,62650,0.089,0.55,0.639
DACIA,JOGGER,JOGGER,ESS+G.P.L.,999,1252,0.438,0.049,0.021,,20100,0.438,1.225,1.663
DACIA,JOGGER,JOGGER,ESS+G.P.L.,999,1252,0.417,0.027,0.025,,20100,0.417,0.675,1.092
B.M.W.,SERIE_1,118,GAZOLE,1995,1430,0.171,0.049,0.013,0.062,40410,0.171,1.225,1.3960000000000001
B.M.W.,SERIE_4,420,ESSENCE,1998,1620,0.255,0.022,0.014,,53833,0.255,0.5499999999999999,0.8049999999999999
FIAT,500X,500X,ESSENCE,999,1320,0.423,0.023,0.016,,27832,0.423,0.575,0.998
HYUNDAI,BAYON,BAYON,ESS+ELEC_HNR,998,1145,0.203,0.027,0.027,,25600,0.203,0.675,0.8780000000000001
FIAT,TIPO,TIPO,ESSENCE,999,1260,0.749,0.034,0.019,,23540,0.749,0.8500000000000001,1.5990000000000002
OPEL,CORSA,CORSA,ESSENCE,1199,1158,0.209,0.02,0.026,,27300,0.209,0.5,0.709
B.M.W.,SERIE_1,118,GAZOLE,1995,1430,0.171,0.049,0.013,0.062,40410,0.171,1.225,1.3960000000000001
TOYOTA,YARIS,YARIS,ESS+ELEC_HNR,1490,1130,0.149,0.025,0.01,,25263,0.149,0.625,0.774
VOLKSWAGEN,GOLF,GOLF,GAZOLE,1968,1366,0.028,0.008999999999999998,0.028,0.037,35558,0.028,0.22499999999999995,0.25299999999999995
MERCEDES,CLASSE_E,E_200,ELEC+GAZOLE_HR,1993,1755,0.054,0.006999999999999999,0.006,0.013,58383,0.054,0.175,0.22899999999999998
SKODA,KODIAQ,KODIAQ,ESSENCE,1984,1751,0.331,0.018,0.01,,53260,0.331,0.44999999999999996,0.7809999999999999
FORD,ECOSPORT,ECOSPORT,ESSENCE,998,1284,0.271,0.02,0.016,,25900,0.271,0.5,0.771
B.M.W.,SERIE_2,218,GAZOLE,1995,1470,0.178,0.053000000000000005,0.013,0.066,43563,0.178,1.3250000000000002,1.5030000000000001
SKODA,FABIA,FABIA,ESSENCE,999,1119,0.191,0.025,0.037,,23997,0.191,0.625,0.8160000000000001
B.M.W.,SERIE_1,116,GAZOLE,1496,1375,0.059,0.017000000000000005,0.018,0.035,36260,0.059,0.4250000000000001,0.4840000000000001
VOLKSWAGEN,ARTEON,ARTEON,ELEC+ESSENC_HR,1395,1738,0.161,0.016,0.012,,58050,0.161,0.4,0.561
FORD,TRANSIT_CUSTOM,TRANSIT_CUSTOM,ELEC+GAZOLE_HR,1995,2039,0.096,0.009,0.047,0.057,46811,0.096,0.22499999999999998,0.32099999999999995
SKODA,FABIA,FABIA,ESSENCE,1498,1149,0.172,0.021,0.019,,26420,0.172,0.525,0.6970000000000001
FORD,TRANSIT_CUSTOM,TRANSIT_CUSTOM,ELEC+GAZOLE_HR,1995,1991,0.096,0.009,0.047,0.057,33533,0.096,0.22499999999999998,0.32099999999999995
B.M.W.,SERIE_X,X2,ESSENCE,1998,1470,0.159,0.021,0.013,,46817,0.159,0.525,0.684
OPEL,INSIGNIA_GRAND_SPORT,INSIGNIA,GAZOLE,1995,1540,0.049,0.013,0.014,0.027,44313,0.049,0.325,0.374
VOLKSWAGEN,TIGUAN,TIGUAN,GAZOLE,1968,1630,0.019,0.009000000000000001,0.033,0.042,57595,0.019,0.22500000000000003,0.24400000000000002
FIAT,500C,500,ESS+ELEC_HNR,999,1001,0.3,0.028,0.022,,19150,0.3,0.7000000000000001,1.0
JEEP,COMPASS,COMPASS,GAZOLE,1598,1540,0.067,0.024000000000000007,0.044,0.068,38650,0.067,0.6000000000000002,0.6670000000000003
FORD,PUMA,PUMA,SUPERETHANOL,999,1205,0.424,0.04,0.017,,29170,0.424,1.0,1.424
B.M.W.,SERIE_2,218,ESSENCE,1499,1470,0.235,0.009,0.009,,36688,0.235,0.22499999999999998,0.45999999999999996
MINI,MINI,COUNTRYMAN,ESSENCE,1998,1605,0.314,0.012,0.012,,51800,0.314,0.3,0.614
DS,DS_9,9,ESSENCE,1598,1540,0.378,0.019,0.024,,52700,0.378,0.475,0.853
OPEL,CROSSLAND,CROSSLAND_X,GAZOLE,1499,1205,0.079,0.003999999999999997,0.048,0.052,28850,0.079,0.09999999999999992,0.17899999999999994
B.M.W.,SERIE_X,X4,ELEC+GAZOLE_HR,2993,2020,0.122,0.013999999999999999,0.038,0.052,79750,0.122,0.35,0.472
B.M.W.,SERIE_2,220,ESSENCE,1998,1430,0.156,0.017,0.011,,44133,0.156,0.42500000000000004,0.5810000000000001
FIAT,500X,500X,GAZOLE,1598,1430,0.037,0.013999999999999999,0.077,0.091,33404,0.037,0.35,0.38699999999999996
KIA,NIRO,NIRO,ESS+ELEC_HNR,1580,1399,0.037,0.007,0.005,,34850,0.037,0.17500000000000002,0.21200000000000002
B.M.W.,SERIE_X,X3,ELEC+GAZOLE_HR,1995,1840,0.165,0.044000000000000004,0.025,0.069,59100,0.165,1.1,1.2650000000000001
RENAULT,CAPTUR,CAPTUR,ESS+ELEC_HNR,1332,1298,0.473,0.012,0.028,,27325,0.473,0.3,0.7729999999999999
SKODA,OCTAVIA,OCTAVIA,ESS+ELEC_HNR,1498,1316,0.135,0.021,0.019,,36790,0.135,0.525,0.66
KIA,SORENTO,SORENTO,ESS+ELEC_HNR,1598,1783,0.118,0.012,0.008,,53103,0.118,0.3,0.418
PEUGEOT,EXPERT_TRAVELLER,TRAVELLER,GAZOLE,1499,1659,0.072,0.0049999999999999975,0.05,0.055,34350,0.072,0.12499999999999994,0.19699999999999995
RENAULT,CAPTUR,CAPTUR,ESS+ELEC_HNR,1598,1361,0.345,0.017,0.006,,31408,0.345,0.42500000000000004,0.77
PEUGEOT,2008,2008,GAZOLE,1499,1270,0.05,0.0050000000000000044,0.053,0.058,33203,0.05,0.1250000000000001,0.1750000000000001
RENAULT,MEGANE,MEGANE,ESSENCE,1332,1266,0.246,0.012,0.02,,32750,0.246,0.3,0.546
B.M.W.,SERIE_2,218,ESSENCE,1499,1350,0.291,0.024,0.018,,36950,0.291,0.6,0.891
MINI,MINI,COUNTRYMAN,ESSENCE,1998,1480,0.135,0.018,0.014,,42588,0.135,0.44999999999999996,0.585
ALFA_ROMEO,STELVIO,STELVIO,ESSENCE,1995,1660,0.942,0.055,0.04,,68817,0.942,1.375,2.317
B.M.W.,SERIE_X,X6,ELEC+GAZOLE_HR,2993,2185,0.141,0.018000000000000002,0.045,0.063,84025,0.141,0.45000000000000007,0.5910000000000001
RENAULT,SCENIC,SCENIC,ESSENCE,1332,1450,0.261,0.011,0.018,,35900,0.261,0.27499999999999997,0.536
MERCEDES,CLASSE_A,A_180,ESSENCE,1332,1305,0.101,0.027,0.031,,42233,0.101,0.675,0.776
B.M.W.,SERIE_X,X3,ELEC+GAZOLE_HR,1995,1840,0.165,0.044000000000000004,0.025,0.069,59100,0.165,1.1,1.2650000000000001
OPEL,MOKKA,MOKKA,ESSENCE,1199,1220,0.332,0.022,0.022,,31388,0.332,0.5499999999999999,0.8819999999999999
FIAT,500,500,ESSENCE,1368,1090,0.493,0.026,0.018,,30583,0.493,0.65,1.143
B.M.W.,SERIE_2,218,GAZOLE,1995,1470,0.178,0.053000000000000005,0.013,0.066,43563,0.178,1.3250000000000002,1.5030000000000001
B.M.W.,SERIE_X,X5,ELEC+GAZOLE_HR,2993,2200,0.096,0.012999999999999998,0.025,0.038,84217,0.096,0.32499999999999996,0.42099999999999993
RENAULT,MEGANE,MEGANE,ESSENCE,1798,1459,0.238,0.017,0.015,,47150,0.238,0.42500000000000004,0.663
MINI,MINI,CLUBMAN,ESSENCE,1499,1360,0.227,0.023,0.014,,38000,0.227,0.575,0.8019999999999999
PEUGEOT,508,508,ELEC+ESSENC_HR,1598,1745,0.599,0.018,0.017,,49833,0.599,0.44999999999999996,1.049
CITROEN,C4,C4,ESSENCE,1199,1278,0.325,0.02,0.033,,31380,0.325,0.5,0.825
MERCEDES,CLASSE_GLE,GLE_53_AMG,ESS+ELEC_HNR,2999,2250,0.215,0.018,0.02,,127400,0.215,0.44999999999999996,0.6649999999999999
B.M.W.,SERIE_X,X2,GAZOLE,1995,1605,0.071,0.035,0.021,0.056,47717,0.071,0.8750000000000001,0.9460000000000001
B.M.W.,SERIE_X,X3,ELEC+GAZOLE_HR,1995,1840,0.165,0.044000000000000004,0.025,0.069,59100,0.165,1.1,1.2650000000000001
ALFA_ROMEO,STELVIO,STELVIO,GAZOLE,2143,1745,0.04,0.0040000000000000036,0.044,0.048,64717,0.04,0.10000000000000009,0.1400000000000001
B.M.W.,SERIE_1,118,GAZOLE,1995,1430,0.171,0.049,0.013,0.062,40410,0.171,1.225,1.3960000000000001
FIAT,PANDA,PANDA,ESS+ELEC_HNR,999,992,0.281,0.031,0.048,,12465,0.281,0.775,1.056
B.M.W.,SERIE_1,116,GAZOLE,1496,1385,0.037,0.02,0.019,0.039,38560,0.037,0.5,0.537
LAND_ROVER,RANGE_ROVER_EVOQUE,RANGE_ROVER_EVOQUE,ELEC+GAZOLE_HR,1998,1917,0.121,0.016999999999999994,0.035,0.052,39750,0.121,0.4249999999999999,0.5459999999999998
B.M.W.,SERIE_5,518,ELEC+GAZOLE_HR,1995,1755,0.095,0.029,0.021,0.05,57613,0.095,0.7250000000000001,0.8200000000000001
MAZDA,MAZDA_CX_30,CX_30,ESS+ELEC_HNR,1998,1347,0.152,0.013,0.01,,33325,0.152,0.325,0.477
B.M.W.,SERIE_X,X4,ELEC+GAZOLE_HR,2993,2020,0.122,0.013999999999999999,0.038,0.052,79750,0.122,0.35,0.472
OPEL,CROSSLAND,CROSSLAND_X,ESSENCE,1199,1179,0.32,0.026,0.03,,26933,0.32,0.65,0.97
FIAT,500X,500X,ESSENCE,999,1320,0.423,0.023,0.016,,24990,0.423,0.575,0.998
B.M.W.,SERIE_1,120,ESSENCE,1998,1390,0.156,0.017,0.011,,41488,0.156,0.42500000000000004,0.5810000000000001
ALFA_ROMEO,STELVIO,STELVIO,ESSENCE,1995,1660,0.752,0.058,0.037,,58950,0.752,1.4500000000000002,2.202
B.M.W.,SERIE_5,520,ELEC+GAZOLE_HR,1995,1780,0.096,0.026,0.02,0.046,61063,0.096,0.65,0.746
MERCEDES,CLASSE_E,E_200,ELEC+GAZOLE_HR,1993,1965,0.048,0.007,0.005,0.012,58600,0.048,0.17500000000000002,0.22300000000000003
B.M.W.,SERIE_X,X3,ELEC+GAZOLE_HR,1995,1810,0.159,0.038,0.023,0.061,55100,0.159,0.95,1.109
MERCEDES,CLASSE_GLS,GLS_400,GAZOLE,2925,2430,0.046,0.013999999999999999,0.03,0.044,112850,0.046,0.35,0.39599999999999996
SKODA,KODIAQ,KODIAQ,GAZOLE,1968,1634,0.026,0.009000000000000001,0.03,0.039,33820,0.026,0.22500000000000003,0.25100000000000006
VOLKSWAGEN,TIGUAN,TIGUAN,GAZOLE,1968,1679,0.026,0.009999999999999998,0.029,0.039,52000,0.026,0.24999999999999997,0.27599999999999997
RENAULT,KANGOO,KANGOO,ESS+G.P.L.,1332,1475,0.28,0.011,0.012,,25900,0.28,0.27499999999999997,0.5549999999999999
VOLKSWAGEN,PASSAT,PASSAT,ELEC+ESSENC_HR,1395,1678,0.161,0.016,0.012,,54595,0.161,0.4,0.561
OPEL,INSIGNIA_SPORTS_TOURER,INSIGNIA,GAZOLE,1496,1544,0.051,0.016999999999999998,0.02,0.037,43725,0.051,0.42499999999999993,0.4759999999999999
B.M.W.,SERIE_X,X2,GAZOLE,1995,1605,0.071,0.036000000000000004,0.02,0.056,50717,0.071,0.9000000000000001,0.9710000000000001
MINI,MINI,CABRIO,ESSENCE,1998,1375,0.234,0.016,0.008,,44900,0.234,0.4,0.634
B.M.W.,SERIE_2,218,ESSENCE,1499,1350,0.291,0.024,0.018,,36950,0.291,0.6,0.891
OPEL,INSIGNIA_GRAND_SPORT,INSIGNIA,GAZOLE,1496,1446,0.053,0.018999999999999996,0.017,0.036,38675,0.053,0.4749999999999999,0.5279999999999999
MINI,MINI,MINI,ESSENCE,1499,1175,0.2,0.019,0.01,,32367,0.2,0.475,0.675
B.M.W.,SERIE_X,X4,ELEC+GAZOLE_HR,2993,1935,0.131,0.017,0.043,0.06,68850,0.131,0.42500000000000004,0.556
B.M.W.,SERIE_5,520,ELEC+GAZOLE_HR,1995,1840,0.1,0.029,0.019,0.048,63713,0.1,0.7250000000000001,0.8250000000000001
PORSCHE,CAYENNE_E_HYBRID,CAYENNE,ELEC+ESSENC_HR,2995,2360,0.389,0.021,0.021,,105929,0.389,0.525,0.914
KIA,SPORTAGE,SPORTAGE,ESS+ELEC_HNR,1598,1574,0.129,0.011,0.028,,42390,0.129,0.27499999999999997,0.40399999999999997
VOLKSWAGEN,PASSAT,PASSAT,GAZOLE,1968,1634,0.021,0.011000000000000003,0.038,0.049,58617,0.021,0.2750000000000001,0.2960000000000001
B.M.W.,SERIE_X,X3,ELEC+GAZOLE_HR,1995,1840,0.165,0.044000000000000004,0.025,0.069,59100,0.165,1.1,1.2650000000000001
RENAULT,KANGOO,KANGOO,GAZOLE,1461,1577,0.164,0.045,0.035,0.078,28050,0.164,1.125,1.289
B.M.W.,SERIE_5,518,ELEC+GAZOLE_HR,1995,1670,0.093,0.026000000000000002,0.015,0.041,55013,0.093,0.65,0.743
PORSCHE,MACAN_S,MACAN,ESSENCE,2894,1930,0.322,0.023,0.014,,76946,0.322,0.575,0.897
VOLVO,XC60,XC60,ELEC+ESSENC_HR,1969,2075,0.243,0.008,0.008,,76310,0.243,0.2,0.443
SKODA,SCALA,SCALA,ESSENCE,999,1136,0.206,0.025,0.037,,23495,0.206,0.625,0.831
MERCEDES,CLASSE_C,C_220,ELEC+GAZOLE_HR,1993,1705,0.055,0.008,0.006,0.014,60783,0.055,0.2,0.255
MERCEDES,CLASSE_C,C_63_AMG,ESSENCE,3982,1745,0.183,0.031,0.019,,113100,0.183,0.775,0.958
B.M.W.,SERIE_1,120,GAZOLE,1995,1515,0.071,0.037000000000000005,0.021,0.058,46988,0.071,0.9250000000000002,0.9960000000000001
RENAULT,TALISMAN,TALISMAN,GAZOLE,1997,1619,0.063,0.022000000000000002,0.028,0.05,41400,0.063,0.55,0.613
MINI,MINI,MINI,ESSENCE,1499,1175,0.2,0.019,0.01,,33300,0.2,0.475,0.675
MERCEDES,CLASSE_GLC,GLC_300,ELEC+ESSENC_HR,1991,1965,0.208,0.013,0.008,,75925,0.208,0.325,0.533
CUPRA,FORMENTOR,FORMENTOR,GAZOLE,1968,1552,0.025,0.005,0.029,0.032,44453,0.025,0.125,0.15
SUZUKI,IGNIS,IGNIS,ESS+ELEC_HNR,1197,920,0.229,0.04,0.008,,19025,0.229,1.0,1.229
VOLVO,XC60,XC60,ELEC+GAZOLE_HR,1969,1837,0.246,0.027999999999999997,0.031,0.059,63730,0.246,0.7,0.946
VOLVO,V60,V60,ELEC+GAZOLE_HR,1969,1728,0.243,0.026000000000000002,0.039,0.065,58933,0.243,0.65,0.893
CITROEN,JUMPY_SPACE_TOURER,SPACE_TOURER,GAZOLE,1499,1659,0.072,0.0049999999999999975,0.05,0.055,33350,0.072,0.12499999999999994,0.19699999999999995
SEAT,IBIZA,IBIZA,ESSENCE,999,1046,0.33,0.028,0.012,,20895,0.33,0.7000000000000001,1.03
SKODA,SCALA,SCALA,ESSENCE,1498,1184,0.183,0.024,0.015,,28923,0.183,0.6,0.7829999999999999
MERCEDES,CLASSE_GLE,GLE_350,ELEC+ESSENC_HR,1991,2530,0.382,0.025,0.015,,106050,0.382,0.625,1.0070000000000001
PORSCHE,MACAN_S,MACAN,ESSENCE,2894,1930,0.322,0.023,0.014,,76946,0.322,0.575,0.897
HONDA,CIVIC,CIVIC,ESSENCE,1498,1304,0.228,0.011,0.009,,31307,0.228,0.27499999999999997,0.503
OPEL,CORSA,CORSA,ESSENCE,1199,1090,0.509,0.022,0.014,,21900,0.509,0.5499999999999999,1.059
DS,DS_7_CROSSBACK,7_CROSSBACK,ELEC+ESSENC_HR,1598,1825,0.588,0.018,0.024,,64775,0.588,0.44999999999999996,1.0379999999999998
MERCEDES,MARCO_POLO,VITO,GAZOLE,1950,2262,0.116,0.015,0.022,0.037,91580,0.116,0.375,0.491
MINI,MINI,COUNTRYMAN,GAZOLE,1995,1570,0.076,0.034,0.02,0.054,41733,0.076,0.8500000000000001,0.926
PEUGEOT,208,208,ESSENCE,1199,1090,0.509,0.022,0.014,,24256,0.509,0.5499999999999999,1.059
B.M.W.,SERIE_X,X2,ESSENCE,1998,1615,0.12,0.009,0.019,,58700,0.12,0.22499999999999998,0.345
CITROEN,JUMPY_SPACE_TOURER,SPACE_TOURER,GAZOLE,1499,1659,0.072,0.0049999999999999975,0.05,0.055,34350,0.072,0.12499999999999994,0.19699999999999995
B.M.W.,SERIE_5,518,ELEC+GAZOLE_HR,1995,1755,0.095,0.029,0.021,0.05,57613,0.095,0.7250000000000001,0.8200000000000001
VOLKSWAGEN,GOLF,GOLF,GAZOLE,1968,1383,0.025,0.008,0.034,0.042,35558,0.025,0.2,0.225
DS,DS_4,4,ESSENCE,1598,1420,0.519,0.021,0.034,,42233,0.519,0.525,1.044
RENAULT,ARKANA,ARKANA,ESS+ELEC_HNR,1332,1336,0.307,0.011,0.021,,33288,0.307,0.27499999999999997,0.582
B.M.W.,SERIE_4,420,ESSENCE,1998,1620,0.255,0.022,0.014,,53833,0.255,0.5499999999999999,0.8049999999999999
RENAULT,SCENIC,SCENIC,ESSENCE,1332,1450,0.261,0.011,0.018,,35900,0.261,0.27499999999999997,0.536
B.M.W.,SERIE_X,X5,ELEC+ESSENC_HR,2998,2435,0.21,0.017,0.008,,91300,0.21,0.42500000000000004,0.635
FORD,TRANSIT_CUSTOM,TRANSIT_CUSTOM,GAZOLE,1995,2060,0.069,0.006,0.037,0.043,46352,0.069,0.15,0.219
OPEL,COMBO_LIFE,COMBO,GAZOLE,1499,1521,0.052,0.0030000000000000027,0.051,0.054,27560,0.052,0.07500000000000007,0.12700000000000006
VOLKSWAGEN,PASSAT,PASSAT,GAZOLE,1968,1634,0.021,0.011000000000000003,0.038,0.049,56873,0.021,0.2750000000000001,0.2960000000000001
MINI,MINI,CLUBMAN,ESSENCE,1998,1500,0.156,0.017,0.012,,42029,0.156,0.42500000000000004,0.5810000000000001
MERCEDES,CLASSE_CLA,CLA_35_AMG,ESSENCE,1991,1540,0.287,0.018,0.016,,74875,0.287,0.44999999999999996,0.7369999999999999
FIAT,TIPO,TIPO,GAZOLE,1598,1395,0.071,0.026999999999999996,0.05,0.077,28490,0.071,0.6749999999999999,0.7459999999999999
VOLKSWAGEN,TIGUAN,TIGUAN,ESSENCE,1498,1461,0.234,0.024,0.024,,47189,0.234,0.6,0.834
B.M.W.,SERIE_2,225,ELEC+ESSENC_HR,1499,1825,0.123,0.01,0.012,,47338,0.123,0.25,0.373
B.M.W.,SERIE_X,X4,ELEC+GAZOLE_HR,2993,1935,0.131,0.017,0.043,0.06,68850,0.131,0.42500000000000004,0.556
SKODA,FABIA,FABIA,ESSENCE,999,1076,0.193,0.021,0.042,,22347,0.193,0.525,0.718
SKODA,OCTAVIA,OCTAVIA,GAZOLE,1968,1412,0.026,0.008999999999999998,0.028,0.037,36598,0.026,0.22499999999999995,0.25099999999999995
RENAULT,KANGOO,KANGOO,GAZOLE,1461,1588,0.17,0.048,0.039,0.086,29800,0.17,1.2,1.3699999999999999
RENAULT,CAPTUR,CAPTUR,ESS+ELEC_HNR,1332,1298,0.473,0.012,0.028,,27325,0.473,0.3,0.7729999999999999
CITROEN,C3,C3,ESSENCE,1199,980,0.669,0.034,0.018,,19013,0.669,0.8500000000000001,1.5190000000000001
B.M.W.,SERIE_1,120,ESSENCE,1998,1390,0.156,0.017,0.011,,41488,0.156,0.42500000000000004,0.5810000000000001
MERCEDES,CLASSE_GLC,GLC_220,GAZOLE,1950,1770,0.036,0.008,0.034,0.042,69575,0.036,0.2,0.23600000000000002
RENAULT,TWINGO,TWINGO,ESSENCE,999,909,0.225,0.018,0.022,,16900,0.225,0.44999999999999996,0.6749999999999999
B.M.W.,SERIE_1,116,GAZOLE,1496,1375,0.059,0.017000000000000005,0.018,0.035,36260,0.059,0.4250000000000001,0.4840000000000001
MINI,MINI,CABRIO,ESSENCE,1499,1250,0.288,0.018,0.012,,33533,0.288,0.44999999999999996,0.738
PORSCHE,PANAMERA_4_E_HYBRID,PANAMERA,ELEC+ESSENC_HR,2894,2210,0.22,0.015,0.005,,125222,0.22,0.375,0.595
SKODA,KODIAQ,KODIAQ,GAZOLE,1968,1754,0.023,0.007999999999999997,0.029,0.037,33820,0.023,0.19999999999999993,0.22299999999999992
MERCEDES,CLASSE_GLC,GLC_300,ELEC+GAZOLE_HR,1950,2060,0.031,0.0,0.04,0.04,77775,0.031,0.0,0.031
VOLKSWAGEN,PASSAT,PASSAT,GAZOLE,1968,1634,0.021,0.011000000000000003,0.038,0.049,58617,0.021,0.2750000000000001,0.2960000000000001
VOLKSWAGEN,PASSAT,PASSAT,GAZOLE,1968,1480,0.029,0.023,0.042,0.065,43500,0.029,0.575,0.604
RENAULT,CAPTUR,CAPTUR,ESS+ELEC_HNR,1332,1298,0.45,0.013,0.027,,30200,0.45,0.325,0.775
OPEL,ASTRA,ASTRA,ESSENCE,1199,1266,0.334,0.026,0.022,,25167,0.334,0.65,0.984
B.M.W.,SERIE_4,430,ELEC+GAZOLE_HR,2993,1780,0.123,0.013999999999999999,0.041,0.055,62850,0.123,0.35,0.473
NISSAN,QASHQAI,QASHQAI,ESS+ELEC_HNR,1332,1329,0.314,0.012,0.017,,34540,0.314,0.3,0.614
B.M.W.,SERIE_3,318,ESSENCE,1998,1575,0.262,0.02,0.012,,48100,0.262,0.5,0.762
MINI,MINI,MINI,ESSENCE,1499,1230,0.2,0.019,0.01,,34200,0.2,0.475,0.675
VOLVO,XC40,XC40,ESS+ELEC_HNR,1969,1613,0.248,0.015,0.014,,45763,0.248,0.375,0.623
B.M.W.,SERIE_1,120,GAZOLE,1995,1515,0.071,0.037000000000000005,0.021,0.058,46988,0.071,0.9250000000000002,0.9960000000000001
B.M.W.,SERIE_X,X6,ELEC+GAZOLE_HR,2993,2185,0.141,0.018000000000000002,0.045,0.063,84025,0.141,0.45000000000000007,0.5910000000000001
B.M.W.,SERIE_1,120,GAZOLE,1995,1515,0.071,0.037000000000000005,0.021,0.058,46988,0.071,0.9250000000000002,0.9960000000000001
PEUGEOT,2008,2008,GAZOLE,1499,1270,0.05,0.0050000000000000044,0.053,0.058,33203,0.05,0.1250000000000001,0.1750000000000001
PORSCHE,911_CARRERA_GTS,911,ESSENCE,2981,1545,0.166,0.011,0.011,,149486,0.166,0.27499999999999997,0.44099999999999995
CITROEN,BERLINGO,BERLINGO,ESSENCE,1199,1410,0.588,0.024,0.035,,27100,0.588,0.6,1.188
FORD,FOCUS,FOCUS,ESS+ELEC_HNR,999,1312,0.337,0.043,0.018,,35350,0.337,1.075,1.412
MERCEDES,CLASSE_GLC,GLC_220,GAZOLE,1950,1770,0.036,0.008,0.034,0.042,69575,0.036,0.2,0.23600000000000002
B.M.W.,SERIE_X,X3,ELEC+ESSENC_HR,1998,1990,0.642,0.017,0.012,,64950,0.642,0.42500000000000004,1.0670000000000002
VOLKSWAGEN,CADDY,CADDY,GAZOLE,1968,1535,0.025,0.019000000000000003,0.047,0.066,31960,0.025,0.4750000000000001,0.5000000000000001
PEUGEOT,308,308,ESSENCE,1199,1345,0.302,0.022,0.041,,34280,0.302,0.5499999999999999,0.8519999999999999
MERCEDES,CLASSE_S,S_580,ELEC+ESSENC_HR,2999,2345,0.221,0.012,0.005,,82525,0.221,0.3,0.521
OPEL,GRANDLAND,GRANDLAND,ESSENCE,1199,1386,0.435,0.024,0.03,,39700,0.435,0.6,1.035
MERCEDES,CLASSE_C,C_200,ELEC+GAZOLE_HR,1993,1705,0.064,0.007,0.007,0.014,55683,0.064,0.17500000000000002,0.23900000000000002
MERCEDES,CLASSE_GLE,GLE_350,ELEC+ESSENC_HR,1991,2530,0.207,0.021,0.015,,106050,0.207,0.525,0.732
FORD,TRANSIT_CUSTOM,TRANSIT_CUSTOM,ELEC+GAZOLE_HR,1995,2091,0.096,0.009,0.047,0.057,45097,0.096,0.22499999999999998,0.32099999999999995
PEUGEOT,RIFTER,RIFTER,GAZOLE,1499,1540,0.053,0.003999999999999997,0.049,0.053,31433,0.053,0.09999999999999992,0.1529999999999999
SKODA,KODIAQ,KODIAQ,ESSENCE,1498,1525,0.243,0.025,0.02,,33820,0.243,0.625,0.868
OPEL,COMBO_LIFE,COMBO,GAZOLE,1499,1540,0.053,0.003999999999999997,0.049,0.053,29710,0.053,0.09999999999999992,0.1529999999999999
B.M.W.,SERIE_1,118,GAZOLE,1995,1430,0.171,0.049,0.013,0.062,40410,0.171,1.225,1.3960000000000001
B.M.W.,SERIE_1,116,ESSENCE,1499,1320,0.179,0.019,0.011,,33960,0.179,0.475,0.6539999999999999
MINI,MINI,COUNTRYMAN,ESSENCE,1499,1420,0.085,0.013,0.007,,35080,0.085,0.325,0.41000000000000003
B.M.W.,SERIE_4,420,ESSENCE,1998,1620,0.255,0.022,0.014,,53833,0.255,0.5499999999999999,0.8049999999999999
VOLKSWAGEN,T_ROC,T_ROC,GAZOLE,1968,1340,0.019,0.009000000000000001,0.04,0.049,33683,0.019,0.22500000000000003,0.24400000000000002
MINI,MINI,CLUBMAN,ESSENCE,1998,1415,0.187,0.02,0.009,,41400,0.187,0.5,0.687
RENAULT,MEGANE,MEGANE,GAZOLE,1461,1373,0.171,0.061,0.021,0.082,32775,0.171,1.525,1.696
MAZDA,MAZDA_CX_30,CX_30,ESS+ELEC_HNR,1998,1432,0.144,0.012,0.027,,34731,0.144,0.3,0.44399999999999995
MERCEDES,CLASSE_GLC,GLC_300,ELEC+ESSENC_HR,1991,1965,0.208,0.013,0.008,,72425,0.208,0.325,0.533
MERCEDES,CLASSE_GLE,GLE_300,ELEC+GAZOLE_HR,1993,2205,0.049,0.007999999999999998,0.01,0.018,81100,0.049,0.19999999999999996,0.24899999999999994
RENAULT,ARKANA,ARKANA,ESS+ELEC_HNR,1332,1336,0.307,0.011,0.021,,33288,0.307,0.27499999999999997,0.582
KIA,STONIC,STONIC,ESSENCE,998,1120,0.321,0.022,0.018,,23390,0.321,0.5499999999999999,0.871
B.M.W.,SERIE_5,530,ELEC+GAZOLE_HR,2993,1820,0.113,0.023,0.052,0.075,69988,0.113,0.575,0.688
SEAT,LEON_SP,LEON,GAZOLE,1968,1393,0.023,0.011,0.047,0.056,30558,0.023,0.27499999999999997,0.298
B.M.W.,M3,M3,ESSENCE,2993,1780,0.177,0.008,0.018,,102000,0.177,0.2,0.377
B.M.W.,SERIE_4,420,ELEC+GAZOLE_HR,1995,1760,0.087,0.026,0.019,0.045,58783,0.087,0.65,0.737
DS,DS_3_CROSSBACK,3_CROSSBACK,GAZOLE,1499,1205,0.05,0.0050000000000000044,0.053,0.058,37067,0.05,0.1250000000000001,0.1750000000000001
B.M.W.,SERIE_2,218,GAZOLE,1995,1545,0.043,0.005999999999999998,0.025,0.031,38888,0.043,0.14999999999999997,0.19299999999999995
MINI,MINI,CABRIO,ESSENCE,1998,1375,0.234,0.016,0.008,,44900,0.234,0.4,0.634
MERCEDES,CLASSE_CLA,CLA_35_AMG,ESSENCE,1991,1540,0.287,0.018,0.016,,74875,0.287,0.44999999999999996,0.7369999999999999
CITROEN,C3_AIRCROSS,C3_AIRCROSS,GAZOLE,1499,1260,0.055,0.002999999999999999,0.025,0.028,29340,0.055,0.07499999999999998,0.12999999999999998
B.M.W.,SERIE_X,X3,ELEC+GAZOLE_HR,1995,1840,0.165,0.044000000000000004,0.025,0.069,59100,0.165,1.1,1.2650000000000001
B.M.W.,SERIE_1,128,ESSENCE,1998,1445,0.102,0.009,0.016,,47600,0.102,0.22499999999999998,0.32699999999999996
HYUNDAI,SANTA_FE,SANTA_FE,ESS+ELEC_HNR,1598,1780,0.125,0.013,0.01,,49683,0.125,0.325,0.45
HYUNDAI,KONA,KONA,ESS+ELEC_HNR,998,1265,0.223,0.025,0.022,,26450,0.223,0.625,0.848
B.M.W.,SERIE_2,220,ESSENCE,1998,1430,0.156,0.017,0.011,,44133,0.156,0.42500000000000004,0.5810000000000001
FIAT,500X,500X,GAZOLE,1598,1430,0.037,0.013999999999999999,0.077,0.091,32913,0.037,0.35,0.38699999999999996
RENAULT,ARKANA_E_TECH,ARKANA,ESS+ELEC_HNR,1598,1435,0.38,0.018,0.006,,35656,0.38,0.44999999999999996,0.83
MINI,MINI,CLUBMAN,ESSENCE,1998,1415,0.187,0.02,0.009,,41400,0.187,0.5,0.687
FORD,KUGA,KUGA,ESS+ELEC_HNR,2488,1626,0.205,0.011,0.01,,43590,0.205,0.27499999999999997,0.48
RENAULT,SCENIC,SCENIC,ESSENCE,1332,1516,0.247,0.009,0.019,,38067,0.247,0.22499999999999998,0.472
OPEL,CROSSLAND,CROSSLAND_X,ESSENCE,1199,1205,0.296,0.019,0.035,,29750,0.296,0.475,0.7709999999999999
B.M.W.,SERIE_3,340,ESS+ELEC_HNR,2998,1795,0.152,0.017,0.008,,71700,0.152,0.42500000000000004,0.5770000000000001
B.M.W.,SERIE_1,120,ESSENCE,1998,1390,0.156,0.017,0.011,,41488,0.156,0.42500000000000004,0.5810000000000001
MINI,MINI,COUNTRYMAN,ESSENCE,1998,1605,0.314,0.012,0.012,,51800,0.314,0.3,0.614
MERCEDES,CLASSE_V,V_220,GAZOLE,1950,2042,0.019,0.006999999999999999,0.019,0.026,66064,0.019,0.175,0.19399999999999998
B.M.W.,SERIE_1,118,ESSENCE,1499,1320,0.273,0.023,0.015,,37510,0.273,0.575,0.848
MERCEDES,VITO_TOURER,VITO,GAZOLE,1950,1982,0.019,0.006999999999999999,0.019,0.026,46907,0.019,0.175,0.19399999999999998
PORSCHE,PANAMERA_TURBO_S_E_HYBRID,PANAMERA,ELEC+ESSENC_HR,3996,2350,0.177,0.017,0.005,,200977,0.177,0.42500000000000004,0.6020000000000001
RENAULT,KOLEOS,KOLEOS,ESSENCE,1332,1515,0.272,0.013,0.019,,44950,0.272,0.325,0.597
RENAULT,CAPTUR,CAPTUR,ESS+G.P.L.,999,1257,0.266,0.038,0.027,,25250,0.266,0.95,1.216
RENAULT,CAPTUR,CAPTUR,ESS+G.P.L.,999,1257,0.239,0.045,0.029,,25250,0.239,1.125,1.3639999999999999
SKODA,KAMIQ,KAMIQ,ESSENCE,1498,1214,0.144,0.022,0.022,,30315,0.144,0.5499999999999999,0.694
FORD,ECOSPORT,ECOSPORT,ESSENCE,998,1284,0.271,0.02,0.016,,25900,0.271,0.5,0.771
MINI,MINI,COUNTRYMAN,GAZOLE,1496,1465,0.027,0.031000000000000003,0.018,0.049,38080,0.027,0.7750000000000001,0.8020000000000002
B.M.W.,SERIE_X,X5,ELEC+ESSENC_HR,2998,2435,0.148,0.016,0.009,,91300,0.148,0.4,0.548
VOLKSWAGEN,TIGUAN,TIGUAN,ELEC+ESSENC_HR,1395,1744,0.213,0.013,0.011,,48828,0.213,0.325,0.538
B.M.W.,SERIE_X,X3,ELEC+GAZOLE_HR,1995,1840,0.165,0.044000000000000004,0.025,0.069,59100,0.165,1.1,1.2650000000000001
MERCEDES,CLASSE_S,S_400,GAZOLE,2925,1985,0.036,0.023,0.034,0.057,121725,0.036,0.575,0.611
MERCEDES,CLASSE_GLC,GLC_220,GAZOLE,1950,1770,0.036,0.008,0.034,0.042,69575,0.036,0.2,0.23600000000000002
VOLKSWAGEN,KOMBI,KOMBI,GAZOLE,1968,1919,0.015,0.013999999999999999,0.033,0.047,60740,0.015,0.35,0.365
ALFA_ROMEO,STELVIO,STELVIO,GAZOLE,2143,1745,0.04,0.0040000000000000036,0.044,0.048,64717,0.04,0.10000000000000009,0.1400000000000001
MERCEDES,CLASSE_C,C_200,ELEC+GAZOLE_HR,1993,1650,0.064,0.007,0.007,0.014,50934,0.064,0.17500000000000002,0.23900000000000002
VOLKSWAGEN,CADDY,CADDY,ESSENCE,1498,1581,0.212,0.028,0.029,,39713,0.212,0.7000000000000001,0.912
B.M.W.,SERIE_X,X6,ELEC+GAZOLE_HR,2993,2215,0.096,0.012999999999999998,0.025,0.038,89225,0.096,0.32499999999999996,0.42099999999999993
DS,DS_9,9,ELEC+ESSENC_HR,1598,1864,0.224,0.013,0.009,,67950,0.224,0.325,0.549
ALFA_ROMEO,GIULIA,GIULIA,GAZOLE,2143,1465,0.048,0.0029999999999999957,0.041,0.044,50883,0.048,0.0749999999999999,0.1229999999999999
B.M.W.,SERIE_5,520,ELEC+GAZOLE_HR,1995,1840,0.1,0.029,0.019,0.048,63713,0.1,0.7250000000000001,0.8250000000000001
B.M.W.,SERIE_1,118,GAZOLE,1995,1430,0.171,0.049,0.013,0.062,40410,0.171,1.225,1.3960000000000001
B.M.W.,SERIE_5,530,ELEC+ESSENC_HR,1998,1960,0.311,0.01,0.011,,70838,0.311,0.25,0.5609999999999999
SKODA,KAMIQ,KAMIQ,ESSENCE,999,1140,0.23,0.026,0.034,,24607,0.23,0.65,0.88
MERCEDES,CLASSE_C,C_220,GAZOLE,1950,1630,0.043,0.007000000000000003,0.022,0.029,61100,0.043,0.17500000000000007,0.21800000000000008
B.M.W.,SERIE_X,X2,GAZOLE,1496,1495,0.038,0.024999999999999998,0.018,0.043,42917,0.038,0.625,0.663
SKODA,KODIAQ,KODIAQ,GAZOLE,1968,1671,0.021,0.010000000000000002,0.03,0.04,50987,0.021,0.25000000000000006,0.2710000000000001
CITROEN,C3,C3,ESSENCE,1199,1090,0.353,0.025,0.024,,22600,0.353,0.625,0.978
MERCEDES,CLASSE_GLE,GLE_350,ELEC+GAZOLE_HR,1950,2580,0.031,0.0049999999999999975,0.038,0.043,88400,0.031,0.12499999999999994,0.15599999999999994
B.M.W.,SERIE_X,X4,ELEC+GAZOLE_HR,1995,1840,0.165,0.044000000000000004,0.025,0.069,62150,0.165,1.1,1.2650000000000001
TOYOTA,C_HR,C_HR,ESS+ELEC_HNR,1798,1420,0.131,0.016,0.002,,34314,0.131,0.4,0.531
HYUNDAI,SANTA_FE,SANTA_FE,ESS+ELEC_HNR,1598,1780,0.125,0.013,0.01,,49683,0.125,0.325,0.45
MINI,MINI,MINI,ESSENCE,1499,1150,0.288,0.018,0.012,,28857,0.288,0.44999999999999996,0.738
B.M.W.,SERIE_1,118,GAZOLE,1995,1430,0.171,0.049,0.013,0.062,40410,0.171,1.225,1.3960000000000001
PEUGEOT,308,308,ESSENCE,1199,1288,0.302,0.022,0.041,,33280,0.302,0.5499999999999999,0.8519999999999999
DS,DS_7_CROSSBACK,7_CROSSBACK,ELEC+ESSENC_HR,1598,1825,0.588,0.018,0.024,,64775,0.588,0.44999999999999996,1.0379999999999998
B.M.W.,SERIE_X,X6,ELEC+GAZOLE_HR,2993,2185,0.141,0.018000000000000002,0.045,0.063,84025,0.141,0.45000000000000007,0.5910000000000001
FIAT,500,500,ESS+ELEC_HNR,999,1000,0.3,0.028,0.022,,18701,0.3,0.7000000000000001,1.0
ALFA_ROMEO,STELVIO,STELVIO,GAZOLE,2143,1680,0.044,0.0049999999999999975,0.035,0.04,52783,0.044,0.12499999999999994,0.16899999999999993
B.M.W.,SERIE_5,530,ELEC+ESSENC_HR,1998,1900,0.352,0.012,0.011,,68188,0.352,0.3,0.6519999999999999
MERCEDES,VITO_TOURER,VITO,GAZOLE,1950,1982,0.019,0.006999999999999999,0.019,0.026,49623,0.019,0.175,0.19399999999999998
B.M.W.,SERIE_1,118,GAZOLE,1995,1430,0.171,0.049,0.013,0.062,40410,0.171,1.225,1.3960000000000001
RENAULT,CLIO,CLIO,ESS+G.P.L.,999,1150,0.285,0.037,0.024,,21750,0.285,0.9249999999999999,1.21
RENAULT,CLIO,CLIO,ESS+G.P.L.,999,1150,0.314,0.031,0.052,,21750,0.314,0.775,1.089
SKODA,KAMIQ,KAMIQ,ESSENCE,1498,1195,0.183,0.024,0.015,,27790,0.183,0.6,0.7829999999999999
B.M.W.,SERIE_X,X3,ELEC+GAZOLE_HR,2993,2005,0.122,0.013999999999999999,0.038,0.052,78000,0.122,0.35,0.472
B.M.W.,SERIE_2,220,GAZOLE,1995,1505,0.19,0.053000000000000005,0.016,0.069,44583,0.19,1.3250000000000002,1.5150000000000001
FORD,TOURNEO_CONNECT,TOURNEO_CONNECT,GAZOLE,1968,1568,0.023,0.020999999999999998,0.038,0.059,34427,0.023,0.5249999999999999,0.5479999999999999
B.M.W.,SERIE_X,X6,ELEC+GAZOLE_HR,2993,2185,0.141,0.018000000000000002,0.045,0.063,84025,0.141,0.45000000000000007,0.5910000000000001
KIA,RIO,RIO,ESSENCE,1197,1045,0.327,0.038,0.014,,17473,0.327,0.95,1.277
MERCEDES,CLASSE_C,C_200,ELEC+GAZOLE_HR,1993,1650,0.064,0.007,0.007,0.014,50934,0.064,0.17500000000000002,0.23900000000000002
B.M.W.,SERIE_X,X6,ELEC+GAZOLE_HR,2993,2185,0.141,0.018000000000000002,0.045,0.063,83550,0.141,0.45000000000000007,0.5910000000000001
B.M.W.,SERIE_X,X4,ELEC+GAZOLE_HR,1995,1840,0.165,0.044000000000000004,0.025,0.069,62150,0.165,1.1,1.2650000000000001
B.M.W.,SERIE_2,240,ESSENCE,2998,1690,0.143,0.022,0.009,,61550,0.143,0.5499999999999999,0.693
FORD,TOURNEO,TOURNEO_CONNECT,GAZOLE,1499,1635,0.045,0.005,0.03,0.034,26495,0.045,0.125,0.16999999999999998
CITROEN,JUMPY_SPACE_TOURER,SPACE_TOURER,GAZOLE,1499,1659,0.072,0.0049999999999999975,0.05,0.055,34350,0.072,0.12499999999999994,0.19699999999999995
PORSCHE,CAYENNE_TURBO_S_E_HYBRID,CAYENNE,ELEC+ESSENC_HR,3996,2535,0.275,0.019,0.006,,189670,0.275,0.475,0.75
B.M.W.,SERIE_X,X4,ELEC+GAZOLE_HR,1995,1840,0.165,0.044000000000000004,0.025,0.069,62150,0.165,1.1,1.2650000000000001
MINI,MINI,COUNTRYMAN,ESSENCE,1499,1420,0.085,0.013,0.007,,35080,0.085,0.325,0.41000000000000003
RENAULT,MEGANE,MEGANE,ESSENCE,1332,1308,0.246,0.012,0.02,,33750,0.246,0.3,0.546
B.M.W.,SERIE_4,420,ELEC+GAZOLE_HR,1995,1775,0.089,0.022000000000000002,0.018,0.04,61550,0.089,0.55,0.639
FORD,FOCUS,FOCUS,ESS+ELEC_HNR,999,1338,0.253,0.04,0.014,,32600,0.253,1.0,1.2530000000000001
KIA,CEED,CEED,ESSENCE,1482,1332,0.187,0.025,0.042,,32189,0.187,0.625,0.812
JEEP,COMPASS,COMPASS,ESSENCE,1332,1430,0.319,0.027,0.01,,35475,0.319,0.675,0.994
SKODA,KAROQ,KAROQ,ESSENCE,1498,1342,0.172,0.022,0.025,,37898,0.172,0.5499999999999999,0.722
HYUNDAI,TUCSON,TUCSON,ELEC+GAZOLE_HR,1598,1531,0.12,0.041999999999999996,0.035,0.077,41025,0.12,1.0499999999999998,1.17
MERCEDES,CLASSE_GLC,GLC_300,ELEC+ESSENC_HR,1991,1965,0.234,0.013,0.009,,75925,0.234,0.325,0.559
DACIA,SANDERO,SANDERO,ESSENCE,999,1096,0.266,0.035,0.021,,15900,0.266,0.8750000000000001,1.141
RENAULT,KADJAR,KADJAR,ESSENCE,1332,1353,0.162,0.015,0.013,,33500,0.162,0.375,0.537
B.M.W.,SERIE_X,X2,GAZOLE,1496,1475,0.124,0.029,0.02,0.049,40617,0.124,0.7250000000000001,0.8490000000000001
TOYOTA,C_HR,C_HR,ESS+ELEC_HNR,1987,1485,0.191,0.02,0.005,,36894,0.191,0.5,0.6910000000000001
B.M.W.,SERIE_8,840,ELEC+GAZOLE_HR,2993,1915,0.108,0.023,0.034,0.057,111100,0.108,0.575,0.6829999999999999
B.M.W.,SERIE_X,X2,GAZOLE,1496,1495,0.038,0.024999999999999998,0.018,0.043,42917,0.038,0.625,0.663
DACIA,JOGGER,JOGGER,ESS+G.P.L.,999,1252,0.438,0.049,0.021,,20100,0.438,1.225,1.663
DACIA,JOGGER,JOGGER,ESS+G.P.L.,999,1252,0.417,0.027,0.025,,20100,0.417,0.675,1.092
MERCEDES,CLASSE_E,E_300,ESS+ELEC_HNR,1991,1700,0.249,0.016,0.013,,76200,0.249,0.4,0.649
MINI,MINI,CLUBMAN,ESSENCE,1998,1500,0.156,0.017,0.012,,42029,0.156,0.42500000000000004,0.5810000000000001
RENAULT,KOLEOS,KOLEOS,GAZOLE,1997,1773,0.08,0.024000000000000007,0.043,0.067,52300,0.08,0.6000000000000002,0.6800000000000002
PORSCHE,911_TURBO_S,911,ESSENCE,3745,1640,0.199,0.055,0.011,,234312,0.199,1.375,1.574
PEUGEOT,2008,2008,GAZOLE,1499,1205,0.058,0.005999999999999998,0.046,0.052,28979,0.058,0.14999999999999997,0.20799999999999996
LAND_ROVER,RANGE_ROVER_VELAR,RANGE_ROVER_VELAR,ELEC+GAZOLE_HR,2997,2089,0.224,0.021,0.024,0.037,77998,0.224,0.525,0.749
B.M.W.,SERIE_X,X3,ELEC+GAZOLE_HR,2993,1935,0.131,0.017,0.043,0.06,65800,0.131,0.42500000000000004,0.556
MINI,MINI,CLUBMAN,GAZOLE,1995,1435,0.171,0.046,0.017,0.063,37014,0.171,1.15,1.321
NISSAN,JUKE,JUKE,ESSENCE,999,1211,0.236,0.018,0.023,,28890,0.236,0.44999999999999996,0.6859999999999999
B.M.W.,M8,M8,ESSENCE,4395,1900,0.181,0.013,0.012,,177000,0.181,0.325,0.506
B.M.W.,SERIE_X,X6,ELEC+GAZOLE_HR,2993,2215,0.096,0.012999999999999998,0.025,0.038,89225,0.096,0.32499999999999996,0.42099999999999993
B.M.W.,SERIE_3,318,ELEC+GAZOLE_HR,1995,1660,0.048,0.023,0.016,0.039,50450,0.048,0.575,0.623
B.M.W.,SERIE_2,220,ELEC+GAZOLE_HR,1995,1580,0.097,0.02,0.018,0.038,48550,0.097,0.5,0.597
OPEL,MOKKA,MOKKA,ESSENCE,1199,1200,0.132,0.009,0.014,,29163,0.132,0.22499999999999998,0.357
FORD,FIESTA,FIESTA,SUPERETHANOL,999,1114,0.393,0.037,0.011,,23090,0.393,0.9249999999999999,1.318
OPEL,GRANDLAND,GRANDLAND,ELEC+ESSENC_HR,1598,1732,0.46,0.015,0.016,,46475,0.46,0.375,0.835
MERCEDES,CLASSE_S,S_580,ESS+ELEC_HNR,3982,2200,0.19,0.019,0.018,,192200,0.19,0.475,0.665
RENAULT,MEGANE,MEGANE,GAZOLE,1461,1372,0.028,0.006000000000000002,0.011,0.017,33775,0.028,0.15000000000000005,0.17800000000000005
FIAT,500X,500X,ESSENCE,999,1320,0.423,0.023,0.016,,27832,0.423,0.575,0.998
SKODA,KAMIQ,KAMIQ,ESSENCE,999,1197,0.153,0.023,0.043,,29620,0.153,0.575,0.728
MINI,MINI,MINI,ESSENCE,1499,1175,0.2,0.019,0.01,,33300,0.2,0.475,0.675
SKODA,KAROQ,KAROQ,ESSENCE,1498,1328,0.132,0.023,0.025,,36445,0.132,0.575,0.707
KIA,SPORTAGE,SPORTAGE,ESS+ELEC_HNR,1598,1640,0.108,0.012,0.01,,44390,0.108,0.3,0.408
MINI,MINI,MINI,ESSENCE,1998,1275,0.227,0.016,0.01,,40700,0.227,0.4,0.627
TOYOTA,C_HR,C_HR,ESS+ELEC_HNR,1798,1420,0.131,0.016,0.002,,33860,0.131,0.4,0.531
MERCEDES,CLASSE_C,C_220,ELEC+GAZOLE_HR,1993,1705,0.055,0.008,0.006,0.014,60783,0.055,0.2,0.255
FORD,ECOSPORT,ECOSPORT,ESSENCE,998,1284,0.271,0.02,0.016,,25900,0.271,0.5,0.771
MINI,MINI,COUNTRYMAN,ESSENCE,1499,1505,0.273,0.025,0.024,,38733,0.273,0.625,0.898
PEUGEOT,208,208,ESSENCE,1199,1090,0.314,0.025,0.031,,26013,0.314,0.625,0.9390000000000001
RENAULT,MEGANE,MEGANE,GAZOLE,1461,1320,0.171,0.061,0.021,0.082,32275,0.171,1.525,1.696
VOLKSWAGEN,CADDY,CADDY,GAZOLE,1968,1646,0.023,0.020999999999999998,0.038,0.059,40483,0.023,0.5249999999999999,0.5479999999999999
MERCEDES,CLASSE_E,E_300,ELEC+GAZOLE_HR,1950,1985,0.029,0.007000000000000003,0.027,0.034,76675,0.029,0.17500000000000007,0.20400000000000007
VOLVO,V60,V60,ELEC+GAZOLE_HR,1969,1728,0.243,0.026000000000000002,0.039,0.065,51790,0.243,0.65,0.893
NISSAN,QASHQAI,QASHQAI,ESS+ELEC_HNR,1332,1457,0.312,0.015,0.024,,42920,0.312,0.375,0.687
FORD,TOURNEO,TOURNEO_CONNECT,GAZOLE,1499,1607,0.04,0.005,0.022,0.027,29233,0.04,0.125,0.165
FIAT,TIPO,TIPO,GAZOLE,1598,1360,0.071,0.026999999999999996,0.05,0.077,27365,0.071,0.6749999999999999,0.7459999999999999
RENAULT,AUSTRAL,AUSTRAL,ESS+ELEC_HNR,1332,1422,0.287,0.026,0.019,,37000,0.287,0.65,0.937
KIA,RIO,RIO,ESSENCE,1197,1045,0.327,0.038,0.014,,17473,0.327,0.95,1.277
HYUNDAI,TUCSON,TUCSON,ESS+ELEC_HNR,1598,1564,0.129,0.011,0.028,,40610,0.129,0.27499999999999997,0.40399999999999997
MERCEDES,CLASSE_V,V_220,GAZOLE,1950,2092,0.019,0.006999999999999999,0.019,0.026,67675,0.019,0.175,0.19399999999999998
MERCEDES,CLASSE_S,S_580,ELEC+ESSENC_HR,2999,2365,0.221,0.012,0.005,,82525,0.221,0.3,0.521
TOYOTA,COROLLA,COROLLA,ESS+ELEC_HNR,1987,1340,0.188,0.022,0.004,,33588,0.188,0.5499999999999999,0.738
B.M.W.,SERIE_X,X3,ELEC+ESSENC_HR,1998,1990,0.642,0.017,0.012,,64950,0.642,0.42500000000000004,1.0670000000000002
B.M.W.,SERIE_4,420,ELEC+GAZOLE_HR,1995,1775,0.089,0.022000000000000002,0.018,0.04,62650,0.089,0.55,0.639
ALPINE,A110,A110,ESSENCE,1798,1099,0.229,0.011,0.011,,60500,0.229,0.27499999999999997,0.504
B.M.W.,SERIE_1,118,ESSENCE,1499,1320,0.273,0.023,0.015,,37510,0.273,0.575,0.848
VOLKSWAGEN,PASSAT,PASSAT,GAZOLE,1968,1480,0.029,0.023,0.042,0.065,43500,0.029,0.575,0.604
B.M.W.,SERIE_3,340,ELEC+GAZOLE_HR,2993,1800,0.102,0.013999999999999999,0.041,0.055,71450,0.102,0.35,0.45199999999999996
B.M.W.,SERIE_2,220,ESSENCE,1998,1490,0.226,0.024,0.013,,45650,0.226,0.6,0.826
B.M.W.,SERIE_1,116,ESSENCE,1499,1340,0.072,0.014,0.008,,36260,0.072,0.35000000000000003,0.42200000000000004
SKODA,KODIAQ,KODIAQ,GAZOLE,1968,1679,0.026,0.009000000000000001,0.03,0.039,33820,0.026,0.22500000000000003,0.25100000000000006
MERCEDES,CLASSE_CLS,CLS_400,GAZOLE,2925,1860,0.033,0.015999999999999993,0.035,0.051,102350,0.033,0.39999999999999986,0.43299999999999983
CITROEN,BERLINGO,BERLINGO,ESSENCE,1199,1474,0.588,0.024,0.035,,27100,0.588,0.6,1.188
VOLKSWAGEN,TIGUAN,TIGUAN,ESSENCE,1498,1429,0.233,0.033,0.025,,39135,0.233,0.8250000000000001,1.058
B.M.W.,SERIE_X,X4,ELEC+GAZOLE_HR,1995,1840,0.165,0.044000000000000004,0.025,0.069,62150,0.165,1.1,1.2650000000000001
MINI,MINI,CLUBMAN,ESSENCE,1499,1330,0.089,0.018,0.009,,30325,0.089,0.44999999999999996,0.5389999999999999
B.M.W.,SERIE_X,X2,GAZOLE,1995,1605,0.071,0.035,0.021,0.056,47517,0.071,0.8750000000000001,0.9460000000000001
RENAULT,MEGANE,MEGANE,GAZOLE,1461,1347,0.151,0.046,0.026,0.072,33775,0.151,1.15,1.301
LAND_ROVER,DEFENDER,DEFENDER,ELEC+ESSENC_HR,1997,2618,0.214,0.018,0.025,,98133,0.214,0.44999999999999996,0.6639999999999999
B.M.W.,SERIE_X,X2,GAZOLE,1995,1605,0.071,0.036000000000000004,0.02,0.056,50717,0.071,0.9000000000000001,0.9710000000000001
B.M.W.,SERIE_1,116,ESSENCE,1499,1320,0.179,0.019,0.011,,33960,0.179,0.475,0.6539999999999999
RENAULT,ARKANA,ARKANA,ESS+ELEC_HNR,1332,1336,0.54,0.014,0.022,,33288,0.54,0.35000000000000003,0.8900000000000001
B.M.W.,SERIE_2,220,ELEC+GAZOLE_HR,1995,1580,0.097,0.02,0.018,0.038,48550,0.097,0.5,0.597
MINI,MINI,MINI,ESSENCE,1499,1155,0.14,0.013,0.007,,22550,0.14,0.325,0.465
MERCEDES,CLASSE_V,V_250,GAZOLE,1950,2077,0.116,0.015,0.022,0.037,67850,0.116,0.375,0.491
MINI,MINI,COUNTRYMAN,ESSENCE,1998,1465,0.17,0.022,0.017,,40388,0.17,0.5499999999999999,0.72
MERCEDES,CLASSE_B,B_250,ESSENCE,1991,1480,0.212,0.01,0.011,,49850,0.212,0.25,0.46199999999999997
VOLVO,XC60,XC60,ELEC+ESSENC_HR,1969,2094,0.645,0.006,0.006,,72940,0.645,0.15,0.795
VOLVO,XC60,XC60,ELEC+ESSENC_HR,1969,2075,0.243,0.008,0.008,,85355,0.243,0.2,0.443
OPEL,GRANDLAND,GRANDLAND,GAZOLE,1499,1448,0.055,0.0020000000000000018,0.027,0.029,40625,0.055,0.050000000000000044,0.10500000000000004
B.M.W.,SERIE_X,X4,ESS+ELEC_HNR,1998,1815,0.183,0.013,0.014,,63850,0.183,0.325,0.508
B.M.W.,M4,M4,ESSENCE,2993,1725,0.206,0.013,0.017,,104550,0.206,0.325,0.531
MINI,MINI,COUNTRYMAN,ESSENCE,1499,1430,0.253,0.02,0.017,,40000,0.253,0.5,0.753
B.M.W.,SERIE_8,840,ELEC+GAZOLE_HR,2993,1995,0.108,0.023,0.034,0.057,116050,0.108,0.575,0.6829999999999999
B.M.W.,SERIE_1,120,GAZOLE,1995,1515,0.071,0.037000000000000005,0.021,0.058,46988,0.071,0.9250000000000002,0.9960000000000001
FORD,PUMA,PUMA,ESS+ELEC_HNR,999,1259,0.377,0.042,0.023,,30214,0.377,1.05,1.427
PEUGEOT,508,508,ESSENCE,1199,1400,0.341,0.02,0.038,,42075,0.341,0.5,0.841
B.M.W.,SERIE_2,216,GAZOLE,1496,1430,0.037,0.02,0.019,0.039,41313,0.037,0.5,0.537
MERCEDES,CLASSE_GLS,GLS_400,GAZOLE,2925,2430,0.069,0.018000000000000002,0.032,0.05,112850,0.069,0.45000000000000007,0.5190000000000001
PORSCHE,MACAN_S,MACAN,ESSENCE,2894,1930,0.322,0.023,0.014,,76946,0.322,0.575,0.897
RENAULT,KADJAR,KADJAR,ESSENCE,1332,1372,0.156,0.012,0.021,,35500,0.156,0.3,0.45599999999999996
VOLKSWAGEN,TOURAN,TOURAN,GAZOLE,1968,1556,0.028,0.009000000000000005,0.026,0.035,45080,0.028,0.22500000000000012,0.2530000000000001
B.M.W.,SERIE_X,X2,GAZOLE,1995,1605,0.071,0.036000000000000004,0.02,0.056,50717,0.071,0.9000000000000001,0.9710000000000001
MINI,MINI,CLUBMAN,ESSENCE,1499,1335,0.217,0.021,0.015,,34014,0.217,0.525,0.742
VOLKSWAGEN,PASSAT,PASSAT,GAZOLE,1968,1480,0.029,0.023,0.042,0.065,43500,0.029,0.575,0.604
B.M.W.,SERIE_X,X2,ESSENCE,1499,1430,0.312,0.031,0.016,,42517,0.312,0.775,1.087
MERCEDES,VITO_TOURER,VITO,GAZOLE,1950,1982,0.116,0.015,0.022,0.037,47096,0.116,0.375,0.491
CITROEN,BERLINGO,BERLINGO,ESSENCE,1199,1474,0.588,0.024,0.035,,27100,0.588,0.6,1.188
B.M.W.,SERIE_2,218,GAZOLE,1995,1470,0.178,0.053000000000000005,0.013,0.066,43563,0.178,1.3250000000000002,1.5030000000000001
RENAULT,CLIO,CLIO,ESSENCE,999,1115,0.258,0.032,0.028,,22850,0.258,0.8,1.058
FORD,FIESTA,FIESTA,SUPERETHANOL,999,1114,0.393,0.036,0.01,,23090,0.393,0.8999999999999999,1.293
JEEP,COMPASS,COMPASS,ESSENCE,1332,1430,0.319,0.027,0.01,,35475,0.319,0.675,0.994
B.M.W.,SERIE_1,118,ESSENCE,1499,1320,0.273,0.023,0.015,,37510,0.273,0.575,0.848
MINI,MINI,CLUBMAN,GAZOLE,1496,1405,0.029,0.015,0.015,0.03,35525,0.029,0.375,0.404
FORD,TOURNEO,TOURNEO_CONNECT,GAZOLE,1499,1686,0.045,0.005,0.03,0.034,27695,0.045,0.125,0.16999999999999998
SEAT,ATECA,ATECA,GAZOLE,1968,1426,0.033,0.009,0.032,0.04,37276,0.033,0.22499999999999998,0.258
B.M.W.,SERIE_4,430,ELEC+GAZOLE_HR,2993,1780,0.123,0.013999999999999999,0.041,0.055,62850,0.123,0.35,0.473
B.M.W.,SERIE_4,430,ELEC+GAZOLE_HR,2993,1880,0.125,0.013000000000000005,0.044,0.057,67400,0.125,0.3250000000000001,0.4500000000000001
B.M.W.,SERIE_X,X3,ELEC+GAZOLE_HR,2993,1935,0.131,0.017,0.043,0.06,65800,0.131,0.42500000000000004,0.556
B.M.W.,SERIE_X,X3,ELEC+GAZOLE_HR,1995,1810,0.159,0.038,0.023,0.061,55100,0.159,0.95,1.109
MERCEDES,CLASSE_A,A_200,ESSENCE,1332,1300,0.12,0.024,0.025,,39475,0.12,0.6,0.72
OPEL,INSIGNIA_SPORTS_TOURER,INSIGNIA,GAZOLE,1995,1540,0.049,0.013,0.014,0.027,44925,0.049,0.325,0.374
SKODA,KAMIQ,KAMIQ,ESSENCE,1498,1226,0.144,0.022,0.022,,31270,0.144,0.5499999999999999,0.694
SUZUKI,SWIFT,SWIFT,ESS+ELEC_HNR,1197,890,0.295,0.042,0.011,,17877,0.295,1.05,1.345
CITROEN,JUMPY_SPACE_TOURER,SPACE_TOURER,GAZOLE,1499,1625,0.072,0.0049999999999999975,0.05,0.055,32350,0.072,0.12499999999999994,0.19699999999999995
B.M.W.,SERIE_4,420,ELEC+GAZOLE_HR,1995,1605,0.086,0.018000000000000002,0.017,0.035,55650,0.086,0.45000000000000007,0.536
SKODA,FABIA,FABIA,ESSENCE,999,1097,0.193,0.021,0.042,,22347,0.193,0.525,0.718
B.M.W.,SERIE_1,120,GAZOLE,1995,1515,0.071,0.037000000000000005,0.021,0.058,46988,0.071,0.9250000000000002,0.9960000000000001
B.M.W.,SERIE_4,420,ELEC+GAZOLE_HR,1995,1705,0.112,0.027999999999999997,0.017,0.045,56383,0.112,0.7,0.8119999999999999
RENAULT,KADJAR,KADJAR,GAZOLE,1461,1466,0.116,0.042,0.037,0.075,32240,0.116,1.05,1.1660000000000001
B.M.W.,SERIE_5,545,ELEC+ESSENC_HR,2998,1945,0.09,0.013,0.017,,77888,0.09,0.325,0.41500000000000004
B.M.W.,SERIE_2,220,ELEC+GAZOLE_HR,1995,1580,0.097,0.02,0.018,0.038,48550,0.097,0.5,0.597
B.M.W.,SERIE_4,430,ELEC+GAZOLE_HR,2993,1845,0.124,0.012999999999999998,0.042,0.055,62950,0.124,0.32499999999999996,0.44899999999999995
B.M.W.,SERIE_X,X4,ELEC+GAZOLE_HR,1995,1840,0.165,0.044000000000000004,0.025,0.069,62150,0.165,1.1,1.2650000000000001
MAZDA,MAZDA_CX_30,CX_30,ESS+ELEC_HNR,1998,1391,0.163,0.014,0.024,,36731,0.163,0.35000000000000003,0.513
PORSCHE,CAYENNE_E_HYBRID,CAYENNE,ELEC+ESSENC_HR,2995,2295,0.42,0.021,0.021,,103699,0.42,0.525,0.9450000000000001
JAGUAR,F_PACE,F_PACE,ESSENCE,5000,2074,0.479,0.014,0.01,,104750,0.479,0.35000000000000003,0.829
B.M.W.,SERIE_X,X3,ELEC+ESSENC_HR,1998,1990,0.642,0.017,0.012,,64950,0.642,0.42500000000000004,1.0670000000000002
B.M.W.,SERIE_1,116,ESSENCE,1499,1340,0.072,0.014,0.008,,36260,0.072,0.35000000000000003,0.42200000000000004
PEUGEOT,2008,2008,GAZOLE,1499,1205,0.058,0.005999999999999998,0.046,0.052,28979,0.058,0.14999999999999997,0.20799999999999996
MERCEDES,CLASSE_A,A_35_AMG,ESSENCE,1991,1505,0.287,0.018,0.016,,61550,0.287,0.44999999999999996,0.7369999999999999
B.M.W.,SERIE_3,340,ELEC+GAZOLE_HR,2993,1870,0.102,0.013999999999999999,0.041,0.055,73650,0.102,0.35,0.45199999999999996
PEUGEOT,508,508,ESSENCE,1598,1430,0.564,0.021,0.035,,49300,0.564,0.525,1.089
MINI,MINI,CLUBMAN,GAZOLE,1995,1470,0.17,0.046,0.014,0.06,39214,0.17,1.15,1.3199999999999998
B.M.W.,SERIE_X,X6,ELEC+GAZOLE_HR,2993,2215,0.096,0.012999999999999998,0.025,0.038,89225,0.096,0.32499999999999996,0.42099999999999993
MERCEDES,CLASSE_GLE,GLE_350,ELEC+ESSENC_HR,1991,2530,0.207,0.021,0.015,,106050,0.207,0.525,0.732
MERCEDES,CLASSE_C,C_220,ELEC+GAZOLE_HR,1993,1655,0.063,0.007,0.007,0.014,58383,0.063,0.17500000000000002,0.23800000000000002
VOLKSWAGEN,ARTEON,ARTEON,GAZOLE,1968,1576,0.027,0.010999999999999996,0.032,0.043,60040,0.027,0.2749999999999999,0.30199999999999994
MERCEDES,CLASSE_GLE,GLE_350,ELEC+GAZOLE_HR,1950,2580,0.031,0.0049999999999999975,0.038,0.043,95650,0.031,0.12499999999999994,0.15599999999999994
FORD,PUMA,PUMA,SUPERETHANOL,999,1205,0.424,0.04,0.017,,27714,0.424,1.0,1.424
MINI,MINI,COUNTRYMAN,ESSENCE,1499,1430,0.253,0.02,0.017,,40000,0.253,0.5,0.753
FORD,ECOSPORT,ECOSPORT,ESSENCE,998,1284,0.271,0.02,0.016,,25900,0.271,0.5,0.771
JAGUAR,E_PACE,E_PACE,ELEC+ESSENC_HR,1498,2127,0.266,0.018,0.019,,53800,0.266,0.44999999999999996,0.716
CUPRA,FORMENTOR,FORMENTOR,ESSENCE,1984,1512,0.229,0.02,0.015,,42800,0.229,0.5,0.729
KIA,NIRO,NIRO,ESS+ELEC_HNR,1580,1399,0.037,0.007,0.005,,34850,0.037,0.17500000000000002,0.21200000000000002
PORSCHE,MACAN,MACAN,ESSENCE,1984,1845,0.341,0.014,0.012,,67640,0.341,0.35000000000000003,0.6910000000000001
MINI,MINI,MINI,ESSENCE,1998,1225,0.188,0.016,0.009,,36800,0.188,0.4,0.5880000000000001
MERCEDES,CLASSE_CLA,CLA_45_AMG,ESSENCE,1991,1640,0.177,0.016,0.021,,84650,0.177,0.4,0.577
PEUGEOT,208,208,ESSENCE,1199,1090,0.314,0.025,0.031,,26013,0.314,0.625,0.9390000000000001
KIA,XCEED,XCEED,ELEC+GAZOLE_HR,1598,1397,0.112,0.037,0.01,0.047,36715,0.112,0.9249999999999999,1.037
MERCEDES,CLASSE_S,S_350,GAZOLE,2925,1945,0.044,0.023,0.033,0.056,114525,0.044,0.575,0.619
B.M.W.,SERIE_2,220,ELEC+GAZOLE_HR,1995,1580,0.097,0.02,0.018,0.038,48550,0.097,0.5,0.597
CITROEN,BERLINGO,BERLINGO,ESSENCE,1199,1525,0.588,0.024,0.035,,28175,0.588,0.6,1.188
DS,DS_3_CROSSBACK,3_CROSSBACK,ESSENCE,1199,1205,0.332,0.022,0.022,,35234,0.332,0.5499999999999999,0.8819999999999999
VOLKSWAGEN,PASSAT,PASSAT,GAZOLE,1968,1598,0.021,0.011000000000000003,0.038,0.049,58617,0.021,0.2750000000000001,0.2960000000000001
MERCEDES,CLASSE_GLE,GLE_63_AMG,ESS+ELEC_HNR,3982,2370,0.422,0.021,0.019,,161200,0.422,0.525,0.9470000000000001
FIAT,PANDA,PANDA,ESS+ELEC_HNR,999,992,0.3,0.028,0.022,,12665,0.3,0.7000000000000001,1.0
B.M.W.,SERIE_1,118,ESSENCE,1499,1320,0.273,0.023,0.015,,37510,0.273,0.575,0.848
MINI,MINI,MINI,ESSENCE,1499,1180,0.084,0.012,0.006,,27150,0.084,0.3,0.384
MITSUBISHI,SPACE_STAR,SPACE_STAR,ESSENCE,1193,875,0.185,0.023,0.022,,14340,0.185,0.575,0.76
B.M.W.,SERIE_X,X3,ELEC+GAZOLE_HR,2993,2005,0.122,0.013999999999999999,0.038,0.052,78000,0.122,0.35,0.472
SKODA,KODIAQ,KODIAQ,GAZOLE,1968,1708,0.026,0.009999999999999998,0.029,0.039,33820,0.026,0.24999999999999997,0.27599999999999997
VOLVO,V60_CROSS_COUNTRY,V60,ELEC+GAZOLE_HR,1969,1849,0.247,0.027999999999999997,0.033,0.061,61250,0.247,0.7,0.947
MINI,MINI,CLUBMAN,ESSENCE,1998,1415,0.187,0.02,0.009,,41400,0.187,0.5,0.687
OPEL,CORSA,CORSA,ESSENCE,1199,1090,0.509,0.022,0.014,,21900,0.509,0.5499999999999999,1.059
MERCEDES,CLASSE_C,C_200,ELEC+GAZOLE_HR,1993,1650,0.064,0.007,0.007,0.014,50934,0.064,0.17500000000000002,0.23900000000000002
SKODA,KAMIQ,KAMIQ,ESSENCE,999,1165,0.167,0.02,0.037,,28070,0.167,0.5,0.667
VOLKSWAGEN,PASSAT,PASSAT,GAZOLE,1968,1598,0.021,0.011000000000000003,0.038,0.049,58617,0.021,0.2750000000000001,0.2960000000000001
PORSCHE,CAYENNE_E_HYBRID,CAYENNE,ELEC+ESSENC_HR,2995,2295,0.389,0.021,0.021,,103699,0.389,0.525,0.914
PEUGEOT,308,308,ESSENCE,1199,1258,0.334,0.026,0.022,,29653,0.334,0.65,0.984
SKODA,KAMIQ,KAMIQ,ESSENCE,1498,1214,0.144,0.022,0.022,,31270,0.144,0.5499999999999999,0.694
VOLVO,V60_CROSS_COUNTRY,V60,ELEC+GAZOLE_HR,1969,1849,0.247,0.027999999999999997,0.033,0.061,61250,0.247,0.7,0.947
MERCEDES,CLASSE_C,C_220,ELEC+GAZOLE_HR,1993,1705,0.055,0.008,0.006,0.014,60783,0.055,0.2,0.255
B.M.W.,SERIE_1,116,GAZOLE,1496,1385,0.037,0.02,0.019,0.039,38560,0.037,0.5,0.537
B.M.W.,SERIE_1,120,ESSENCE,1998,1390,0.156,0.017,0.011,,41488,0.156,0.42500000000000004,0.5810000000000001
PEUGEOT,308,308,ESSENCE,1199,1288,0.302,0.022,0.041,,33280,0.302,0.5499999999999999,0.8519999999999999
MERCEDES,CLASSE_GLE,GLE_350,ELEC+ESSENC_HR,1991,2530,0.382,0.025,0.015,,106050,0.382,0.625,1.0070000000000001
SKODA,KAMIQ,KAMIQ,ESSENCE,1498,1226,0.144,0.022,0.022,,31270,0.144,0.5499999999999999,0.694
MINI,MINI,CLUBMAN,ESSENCE,1499,1360,0.227,0.023,0.014,,39300,0.227,0.575,0.8019999999999999
MERCEDES,VITO_TOURER,VITO,GAZOLE,1950,2050,0.211,0.018,0.027,0.045,50343,0.211,0.44999999999999996,0.6609999999999999
B.M.W.,SERIE_1,120,ESSENCE,1998,1390,0.156,0.017,0.011,,41488,0.156,0.42500000000000004,0.5810000000000001
JAGUAR,XE,XE,ELEC+GAZOLE_HR,1998,1734,0.082,0.017,0.023,0.04,57807,0.082,0.42500000000000004,0.507
MERCEDES,VITO_TOURER,VITO,GAZOLE,1950,1982,0.019,0.006999999999999999,0.019,0.026,49623,0.019,0.175,0.19399999999999998
CITROEN,JUMPY_SPACE_TOURER,SPACE_TOURER,GAZOLE,1499,1640,0.072,0.0049999999999999975,0.05,0.055,32350,0.072,0.12499999999999994,0.19699999999999995
MINI,MINI,COUNTRYMAN,GAZOLE,1496,1465,0.027,0.031000000000000003,0.018,0.049,38080,0.027,0.7750000000000001,0.8020000000000002
B.M.W.,SERIE_X,X3,ESS+ELEC_HNR,1998,1800,0.157,0.013,0.017,,54800,0.157,0.325,0.482
B.M.W.,SERIE_2,218,GAZOLE,1995,1470,0.178,0.053000000000000005,0.013,0.066,43563,0.178,1.3250000000000002,1.5030000000000001
FORD,TOURNEO,TOURNEO_CONNECT,GAZOLE,1499,1671,0.045,0.005,0.03,0.034,27695,0.045,0.125,0.16999999999999998
RENAULT,MEGANE,MEGANE,GAZOLE,1461,1406,0.067,0.009000000000000001,0.012,0.021,32775,0.067,0.22500000000000003,0.29200000000000004
B.M.W.,SERIE_X,X5,ELEC+GAZOLE_HR,2993,2200,0.096,0.012999999999999998,0.025,0.038,84217,0.096,0.32499999999999996,0.42099999999999993
FIAT,TIPO,TIPO,GAZOLE,1598,1360,0.071,0.026999999999999996,0.05,0.077,27365,0.071,0.6749999999999999,0.7459999999999999
FIAT,TIPO,TIPO,ESSENCE,999,1260,0.749,0.034,0.019,,23540,0.749,0.8500000000000001,1.5990000000000002
B.M.W.,SERIE_X,X6,ELEC+GAZOLE_HR,2993,2215,0.096,0.012999999999999998,0.025,0.038,89225,0.096,0.32499999999999996,0.42099999999999993
MERCEDES,CLASSE_S,S_400,GAZOLE,2925,1985,0.036,0.023,0.034,0.057,121725,0.036,0.575,0.611
LAND_ROVER,RANGE_ROVER_EVOQUE,RANGE_ROVER_EVOQUE,ELEC+GAZOLE_HR,1998,1917,0.121,0.016999999999999994,0.035,0.052,39750,0.121,0.4249999999999999,0.5459999999999998
B.M.W.,SERIE_1,120,ESSENCE,1998,1390,0.156,0.017,0.011,,41488,0.156,0.42500000000000004,0.5810000000000001
MERCEDES,CLASSE_GLC,GLC_300,ELEC+ESSENC_HR,1991,1965,0.208,0.013,0.008,,72425,0.208,0.325,0.533
MERCEDES,CLASSE_GLA,GLA_45_AMG,ESSENCE,1991,1690,0.164,0.017,0.021,,78700,0.164,0.42500000000000004,0.5890000000000001
PEUGEOT,308,308,ESSENCE,1199,1345,0.302,0.022,0.041,,34280,0.302,0.5499999999999999,0.8519999999999999
DS,DS_9,9,ELEC+ESSENC_HR,1598,1864,0.173,0.012,0.009,,57450,0.173,0.3,0.473
B.M.W.,SERIE_5,530,ELEC+ESSENC_HR,1998,1960,0.311,0.01,0.011,,70838,0.311,0.25,0.5609999999999999
B.M.W.,SERIE_4,420,ESSENCE,1998,1525,0.355,0.027,0.014,,53100,0.355,0.675,1.03
MERCEDES,CLASSE_V,V_250,GAZOLE,1950,2170,0.211,0.018,0.027,0.045,74793,0.211,0.44999999999999996,0.6609999999999999
JAGUAR,F_PACE,F_PACE,ELEC+ESSENC_HR,1997,2147,0.601,0.025,0.02,,67870,0.601,0.625,1.226
SKODA,KAMIQ,KAMIQ,ESSENCE,1498,1214,0.144,0.022,0.022,,31270,0.144,0.5499999999999999,0.694
DACIA,DUSTER,DUSTER,ESSENCE,1332,1257,0.235,0.011,0.014,,20975,0.235,0.27499999999999997,0.51
CUPRA,FORMENTOR,FORMENTOR,ESSENCE,1498,1347,0.272,0.026,0.017,,36553,0.272,0.65,0.922
SEAT,ATECA,ATECA,ESSENCE,1498,1357,0.126,0.014,0.01,,36991,0.126,0.35000000000000003,0.47600000000000003
B.M.W.,SERIE_X,X3,ELEC+GAZOLE_HR,2993,2005,0.122,0.013999999999999999,0.038,0.052,78000,0.122,0.35,0.472
MERCEDES,CLASSE_A,A_250,ELEC+ESSENC_HR,1332,1600,0.096,0.016,0.013,,47875,0.096,0.4,0.496
B.M.W.,SERIE_2,220,ESS+ELEC_HNR,1499,1520,0.199,0.008,0.011,,38638,0.199,0.2,0.399
MINI,MINI,COUNTRYMAN,ESSENCE,1499,1390,0.136,0.016,0.008,,32880,0.136,0.4,0.536
SKODA,KAROQ,KAROQ,GAZOLE,1968,1417,0.025,0.023,0.036,0.059,39098,0.025,0.575,0.6
B.M.W.,SERIE_4,420,ELEC+GAZOLE_HR,1995,1775,0.089,0.022000000000000002,0.018,0.04,62650,0.089,0.55,0.639
PEUGEOT,RIFTER,RIFTER,ESSENCE,1199,1493,0.588,0.024,0.035,,32125,0.588,0.6,1.188
DACIA,DUSTER,DUSTER,GAZOLE,1461,1443,0.15,0.044,0.027,0.071,22783,0.15,1.0999999999999999,1.2499999999999998
LAND_ROVER,RANGE_ROVER_VELAR,RANGE_ROVER_VELAR,ELEC+ESSENC_HR,1997,2199,0.601,0.025,0.02,,72850,0.601,0.625,1.226
B.M.W.,SERIE_1,116,ESSENCE,1499,1340,0.072,0.014,0.008,,36260,0.072,0.35000000000000003,0.42200000000000004
VOLKSWAGEN,TIGUAN,TIGUAN,GAZOLE,1968,1630,0.019,0.009000000000000001,0.033,0.042,57595,0.019,0.22500000000000003,0.24400000000000002
B.M.W.,SERIE_X,X3,ELEC+GAZOLE_HR,2993,2005,0.122,0.013999999999999999,0.038,0.052,78000,0.122,0.35,0.472
B.M.W.,SERIE_4,440,ELEC+GAZOLE_HR,2993,1830,0.113,0.015,0.032,0.047,71750,0.113,0.375,0.488
DACIA,SANDERO,SANDERO,ESS+G.P.L.,999,1072,0.241,0.036,0.029,,13790,0.241,0.8999999999999999,1.141
VOLKSWAGEN,T_ROC,T_ROC,ESSENCE,1498,1283,0.126,0.014,0.01,,36985,0.126,0.35000000000000003,0.47600000000000003
FORD,PUMA,PUMA,ESS+ELEC_HNR,999,1259,0.362,0.047,0.021,,34100,0.362,1.175,1.537
VOLKSWAGEN,GOLF,GOLF,GAZOLE,1968,1366,0.028,0.008999999999999998,0.028,0.037,35558,0.028,0.22499999999999995,0.25299999999999995
OPEL,ASTRA,ASTRA,GAZOLE,1499,1363,0.054,0.004,0.027,0.031,35650,0.054,0.1,0.154
OPEL,GRANDLAND,GRANDLAND,ESSENCE,1199,1356,0.514,0.027,0.051,,35500,0.514,0.675,1.189
SEAT,LEON,LEON,ESSENCE,999,1216,0.126,0.02,0.036,,25648,0.126,0.5,0.626
VOLKSWAGEN,TIGUAN,TIGUAN,ESSENCE,1498,1461,0.234,0.024,0.024,,45809,0.234,0.6,0.834
B.M.W.,SERIE_1,118,GAZOLE,1995,1430,0.171,0.049,0.013,0.062,40410,0.171,1.225,1.3960000000000001
MERCEDES,CLASSE_V,V_300,GAZOLE,1950,2092,0.116,0.015,0.022,0.037,91580,0.116,0.375,0.491
VOLKSWAGEN,ARTEON,ARTEON,GAZOLE,1968,1576,0.027,0.010999999999999996,0.032,0.043,60040,0.027,0.2749999999999999,0.30199999999999994
KIA,CEED,CEED,ESSENCE,1482,1332,0.187,0.025,0.042,,32189,0.187,0.625,0.812
B.M.W.,SERIE_1,120,GAZOLE,1995,1515,0.071,0.037000000000000005,0.021,0.058,46988,0.071,0.9250000000000002,0.9960000000000001
B.M.W.,SERIE_1,118,ESSENCE,1499,1290,0.291,0.024,0.018,,34600,0.291,0.6,0.891
SKODA,KAMIQ,KAMIQ,ESSENCE,999,1152,0.23,0.026,0.034,,24607,0.23,0.65,0.88
LAND_ROVER,DEFENDER,DEFENDER,ELEC+ESSENC_HR,1997,2618,0.214,0.018,0.025,,98133,0.214,0.44999999999999996,0.6639999999999999
PORSCHE,PANAMERA_4S_E_HYBRID,PANAMERA,ELEC+ESSENC_HR,2894,2240,0.234,0.021,0.017,,140816,0.234,0.525,0.759
B.M.W.,SERIE_2,216,GAZOLE,1496,1430,0.037,0.02,0.019,0.039,41313,0.037,0.5,0.537
OPEL,GRANDLAND,GRANDLAND,ELEC+ESSENC_HR,1598,1732,0.46,0.015,0.016,,46475,0.46,0.375,0.835
LAND_ROVER,RANGE_ROVER_VELAR,RANGE_ROVER_VELAR,ELEC+ESSENC_HR,1997,2199,0.601,0.025,0.02,,72850,0.601,0.625,1.226
VOLKSWAGEN,TOURAN,TOURAN,GAZOLE,1968,1513,0.024,0.015,0.046,0.061,39560,0.024,0.375,0.399
PEUGEOT,3008,3008,GAZOLE,1499,1429,0.052,0.003999999999999997,0.041,0.045,38190,0.052,0.09999999999999992,0.1519999999999999
VOLKSWAGEN,T_ROC,T_ROC,ESSENCE,999,1421,0.158,0.018,0.031,,37205,0.158,0.44999999999999996,0.608
MINI,MINI,CLUBMAN,ESSENCE,1499,1360,0.227,0.023,0.014,,38000,0.227,0.575,0.8019999999999999
RENAULT,MEGANE,MEGANE,GAZOLE,1461,1373,0.171,0.061,0.021,0.082,32775,0.171,1.525,1.696
RENAULT,AUSTRAL,AUSTRAL,ESS+ELEC_HNR,1199,1421,0.439,0.024,0.018,,34650,0.439,0.6,1.039
FORD,TOURNEO,TOURNEO_CONNECT,GAZOLE,1499,1653,0.04,0.005,0.022,0.027,29793,0.04,0.125,0.165
FORD,FIESTA,FIESTA,SUPERETHANOL,999,1114,0.393,0.036,0.01,,23090,0.393,0.8999999999999999,1.293
B.M.W.,SERIE_2,218,GAZOLE,1995,1470,0.178,0.053000000000000005,0.013,0.066,43563,0.178,1.3250000000000002,1.5030000000000001
KIA,RIO,RIO,ESSENCE,998,1125,0.145,0.024,0.027,,20765,0.145,0.6,0.745
SKODA,KODIAQ,KODIAQ,GAZOLE,1968,1633,0.026,0.009000000000000001,0.03,0.039,33820,0.026,0.22500000000000003,0.25100000000000006
RENAULT,TRAFIC,TRAFIC,GAZOLE,1997,2058,0.016,0.008,0.03,0.038,46500,0.016,0.2,0.21600000000000003
B.M.W.,SERIE_2,220,ESSENCE,1998,1490,0.226,0.024,0.013,,45650,0.226,0.6,0.826
VOLVO,XC40,XC40,ELEC+ESSENC_HR,1477,1737,0.081,0.006,0.011,,56400,0.081,0.15,0.23099999999999998
SKODA,FABIA,FABIA,ESSENCE,999,1119,0.191,0.025,0.037,,23997,0.191,0.625,0.8160000000000001
SKODA,OCTAVIA_RS,OCTAVIA,ESSENCE,1984,1468,0.182,0.021,0.02,,43810,0.182,0.525,0.7070000000000001
AUDI,A3_45_TFSIE,A3,ELEC+ESSENC_HR,1395,1580,0.23,0.013,0.012,,44316,0.23,0.325,0.555
SKODA,SUPERB,SUPERB,ELEC+ESSENC_HR,1395,1675,0.161,0.016,0.012,,50098,0.161,0.4,0.561
SKODA,FABIA,FABIA,ESSENCE,999,1119,0.191,0.025,0.037,,23997,0.191,0.625,0.8160000000000001
B.M.W.,SERIE_X,X3,ELEC+GAZOLE_HR,1995,1840,0.165,0.044000000000000004,0.025,0.069,59100,0.165,1.1,1.2650000000000001
PEUGEOT,308,308,ELEC+ESSENC_HR,1598,1659,0.229,0.022,0.004,,42150,0.229,0.5499999999999999,0.7789999999999999
FORD,PUMA,PUMA,ESS+ELEC_HNR,999,1259,0.362,0.047,0.021,,34100,0.362,1.175,1.537
SKODA,KODIAQ,KODIAQ,ESSENCE,1498,1524,0.243,0.025,0.02,,33820,0.243,0.625,0.868
HONDA,CR_V,CR_V,ESS+ELEC_HNR,1993,1610,0.088,0.007,0.009,,42907,0.088,0.17500000000000002,0.263
B.M.W.,SERIE_X,X4,ELEC+GAZOLE_HR,2993,1935,0.131,0.017,0.043,0.06,68850,0.131,0.42500000000000004,0.556
HYUNDAI,I_20,I_20,ESS+ELEC_HNR,998,1090,0.366,0.026,0.019,,21975,0.366,0.65,1.016
AUDI,A3_40_TFSIE,A3,ELEC+ESSENC_HR,1395,1550,0.246,0.011,0.012,,44316,0.246,0.27499999999999997,0.5209999999999999
MINI,MINI,CLUBMAN,ESSENCE,1499,1335,0.217,0.021,0.015,,34014,0.217,0.525,0.742
MERCEDES,CLASSE_C,C_220,ELEC+GAZOLE_HR,1993,1715,0.063,0.007,0.007,0.014,59883,0.063,0.17500000000000002,0.23800000000000002
B.M.W.,SERIE_X,X3,ELEC+GAZOLE_HR,2993,1935,0.131,0.017,0.043,0.06,65800,0.131,0.42500000000000004,0.556
MERCEDES,CLASSE_C,C_200,ELEC+GAZOLE_HR,1993,1650,0.064,0.007,0.007,0.014,50934,0.064,0.17500000000000002,0.23900000000000002
FORD,KUGA,KUGA,ESS+ELEC_HNR,2488,1626,0.205,0.011,0.01,,41512,0.205,0.27499999999999997,0.48
FORD,FIESTA,FIESTA,ESS+ELEC_HNR,999,1136,0.309,0.034,0.014,,24190,0.309,0.8500000000000001,1.159
B.M.W.,SERIE_1,116,GAZOLE,1496,1385,0.037,0.02,0.019,0.039,38560,0.037,0.5,0.537
FIAT,TIPO,TIPO,ESS+ELEC_HNR,1469,1350,0.322,0.034,0.01,,28565,0.322,0.8500000000000001,1.1720000000000002
B.M.W.,SERIE_X,X2,ESSENCE,1998,1470,0.159,0.021,0.013,,46817,0.159,0.525,0.684
CITROEN,C5_X,C5_X,ESSENCE,1598,1467,0.519,0.021,0.034,,44000,0.519,0.525,1.044
VOLVO,XC60,XC60,ELEC+ESSENC_HR,1969,2075,0.243,0.008,0.008,,76310,0.243,0.2,0.443
JAGUAR,F_PACE,F_PACE,ELEC+ESSENC_HR,1997,2147,0.601,0.025,0.02,,67870,0.601,0.625,1.226
FORD,FIESTA,FIESTA,SUPERETHANOL,999,1114,0.393,0.037,0.011,,23090,0.393,0.9249999999999999,1.318
VOLKSWAGEN,TIGUAN,TIGUAN,GAZOLE,1968,1630,0.019,0.009000000000000001,0.033,0.042,57595,0.019,0.22500000000000003,0.24400000000000002
B.M.W.,SERIE_5,520,ELEC+GAZOLE_HR,1995,1840,0.1,0.029,0.019,0.048,63713,0.1,0.7250000000000001,0.8250000000000001
MERCEDES,CLASSE_GLC,GLC_220,GAZOLE,1950,1770,0.036,0.008,0.034,0.042,69575,0.036,0.2,0.23600000000000002
OPEL,CROSSLAND,CROSSLAND_X,GAZOLE,1499,1275,0.055,0.002999999999999999,0.025,0.028,30538,0.055,0.07499999999999998,0.12999999999999998
OPEL,GRANDLAND,GRANDLAND,GAZOLE,1499,1448,0.055,0.0020000000000000018,0.027,0.029,40625,0.055,0.050000000000000044,0.10500000000000004
MERCEDES,VITO_TOURER,VITO,GAZOLE,1950,1957,0.019,0.006999999999999999,0.019,0.026,46907,0.019,0.175,0.19399999999999998
MERCEDES,CLASSE_V,V_300,GAZOLE,1950,2145,0.211,0.018,0.027,0.045,81025,0.211,0.44999999999999996,0.6609999999999999
B.M.W.,SERIE_1,118,ESSENCE,1499,1290,0.291,0.024,0.018,,35210,0.291,0.6,0.891
PORSCHE,CAYENNE_E_HYBRID,CAYENNE,ELEC+ESSENC_HR,2995,2360,0.42,0.021,0.021,,105929,0.42,0.525,0.9450000000000001
FORD,TOURNEO,TOURNEO_CONNECT,GAZOLE,1499,1735,0.045,0.005,0.03,0.034,29293,0.045,0.125,0.16999999999999998
RENAULT,KANGOO,KANGOO,GAZOLE,1461,1577,0.164,0.045,0.035,0.078,28050,0.164,1.125,1.289
MINI,MINI,MINI,ESSENCE,1998,1225,0.188,0.016,0.009,,36800,0.188,0.4,0.5880000000000001
OPEL,CROSSLAND,CROSSLAND_X,GAZOLE,1499,1275,0.055,0.002999999999999999,0.025,0.028,30538,0.055,0.07499999999999998,0.12999999999999998
B.M.W.,SERIE_X,X2,GAZOLE,1995,1540,0.177,0.049,0.016,0.065,45667,0.177,1.225,1.4020000000000001
VOLKSWAGEN,KOMBI,KOMBI,GAZOLE,1968,1978,0.041,0.020999999999999998,0.041,0.062,74750,0.041,0.5249999999999999,0.566
MINI,MINI,CLUBMAN,GAZOLE,1995,1540,0.074,0.039999999999999994,0.019,0.059,44029,0.074,0.9999999999999999,1.0739999999999998
SKODA,KODIAQ,KODIAQ,GAZOLE,1968,1708,0.026,0.009999999999999998,0.029,0.039,33820,0.026,0.24999999999999997,0.27599999999999997
LEXUS,NX350H,NX,ESS+ELEC_HNR,2487,1730,0.125,0.011,0.002,,58690,0.125,0.27499999999999997,0.39999999999999997
MINI,MINI,CABRIO,ESSENCE,1499,1285,0.2,0.019,0.01,,36733,0.2,0.475,0.675
B.M.W.,SERIE_2,220,GAZOLE,1995,1505,0.19,0.053000000000000005,0.016,0.069,47413,0.19,1.3250000000000002,1.5150000000000001
VOLKSWAGEN,GOLF,GOLF,GAZOLE,1968,1391,0.028,0.011000000000000003,0.031,0.042,45610,0.028,0.2750000000000001,0.3030000000000001
CUPRA,FORMENTOR_VZ_E_HYBRID,FORMENTOR,ELEC+ESSENC_HR,1395,1626,0.245,0.024,0.012,,47467,0.245,0.6,0.845
B.M.W.,SERIE_2,240,ESSENCE,2998,1690,0.143,0.022,0.009,,59900,0.143,0.5499999999999999,0.693
VOLVO,XC60,XC60,ELEC+ESSENC_HR,1969,2075,0.243,0.008,0.008,,85355,0.243,0.2,0.443
MINI,MINI,MINI,ESSENCE,1499,1235,0.084,0.012,0.006,,28050,0.084,0.3,0.384
B.M.W.,SERIE_5,520,ELEC+GAZOLE_HR,1995,1780,0.096,0.026,0.02,0.046,61063,0.096,0.65,0.746
HYUNDAI,TUCSON,TUCSON,ESS+ELEC_HNR,1598,1564,0.129,0.011,0.028,,40610,0.129,0.27499999999999997,0.40399999999999997
RENAULT,SCENIC,SCENIC,ESSENCE,1332,1450,0.261,0.011,0.018,,35900,0.261,0.27499999999999997,0.536
KIA,SORENTO,SORENTO,ESS+ELEC_HNR,1598,1783,0.118,0.012,0.008,,53103,0.118,0.3,0.418
B.M.W.,SERIE_X,X2,ESSENCE,1499,1430,0.312,0.031,0.016,,42517,0.312,0.775,1.087
SKODA,KAROQ,KAROQ,ESSENCE,1498,1342,0.124,0.013,0.008,,37898,0.124,0.325,0.449
SKODA,OCTAVIA,OCTAVIA,GAZOLE,1968,1425,0.026,0.008999999999999998,0.028,0.037,37710,0.026,0.22499999999999995,0.25099999999999995
B.M.W.,SERIE_3,320,ELEC+ESSENC_HR,1998,1825,0.291,0.011,0.01,,56383,0.291,0.27499999999999997,0.566
VOLKSWAGEN,GOLF,GOLF,GAZOLE,1968,1391,0.028,0.011000000000000003,0.031,0.042,45610,0.028,0.2750000000000001,0.3030000000000001
PEUGEOT,EXPERT_TRAVELLER,TRAVELLER,GAZOLE,1997,1763,0.028,0.004,0.023,0.027,35750,0.028,0.1,0.128
VOLKSWAGEN,TIGUAN,TIGUAN,GAZOLE,1968,1679,0.026,0.009999999999999998,0.029,0.039,52000,0.026,0.24999999999999997,0.27599999999999997
MERCEDES,CLASSE_V,V_220,GAZOLE,1950,2067,0.019,0.006999999999999999,0.019,0.026,75234,0.019,0.175,0.19399999999999998
OPEL,CORSA,CORSA,ESSENCE,1199,1090,0.314,0.025,0.031,,23800,0.314,0.625,0.9390000000000001
ALFA_ROMEO,GIULIA,GIULIA,ESSENCE,1995,1429,0.241,0.045,0.023,,51625,0.241,1.125,1.366
B.M.W.,SERIE_5,530,ELEC+ESSENC_HR,1998,1900,0.352,0.012,0.011,,68188,0.352,0.3,0.6519999999999999
RENAULT,MEGANE,MEGANE,GAZOLE,1461,1347,0.151,0.046,0.026,0.072,33775,0.151,1.15,1.301
B.M.W.,SERIE_1,116,GAZOLE,1496,1385,0.037,0.02,0.019,0.039,37240,0.037,0.5,0.537
B.M.W.,SERIE_1,120,ESSENCE,1998,1390,0.156,0.017,0.011,,41488,0.156,0.42500000000000004,0.5810000000000001
SKODA,SUPERB,SUPERB,GAZOLE,1968,1581,0.027,0.010999999999999996,0.032,0.043,53590,0.027,0.2749999999999999,0.30199999999999994
VOLKSWAGEN,GOLF,GOLF,GAZOLE,1968,1383,0.025,0.008,0.034,0.042,35558,0.025,0.2,0.225
OPEL,CROSSLAND,CROSSLAND_X,ESSENCE,1199,1205,0.296,0.019,0.035,,29750,0.296,0.475,0.7709999999999999
RENAULT,MEGANE,MEGANE,ESSENCE,1332,1281,0.183,0.013,0.01,,30775,0.183,0.325,0.508
B.M.W.,SERIE_1,118,ESSENCE,1499,1320,0.273,0.023,0.015,,37510,0.273,0.575,0.848
NISSAN,JUKE,JUKE,ESSENCE,999,1187,0.276,0.021,0.021,,26354,0.276,0.525,0.801
MERCEDES,CLASSE_GLE,GLE_350,ELEC+GAZOLE_HR,1950,2580,0.031,0.0040000000000000036,0.046,0.05,95650,0.031,0.10000000000000009,0.1310000000000001
B.M.W.,SERIE_X,X6,ELEC+GAZOLE_HR,2993,2185,0.141,0.018000000000000002,0.045,0.063,84025,0.141,0.45000000000000007,0.5910000000000001
VOLKSWAGEN,GOLF,GOLF,GAZOLE,1968,1391,0.028,0.011000000000000003,0.031,0.042,45610,0.028,0.2750000000000001,0.3030000000000001
DS,DS_7_CROSSBACK,7_CROSSBACK,ESSENCE,1598,1428,0.59,0.023,0.031,,49207,0.59,0.575,1.165
PORSCHE,CAYENNE_E_HYBRID,CAYENNE,ELEC+ESSENC_HR,2995,2360,0.389,0.021,0.021,,105929,0.389,0.525,0.914
RENAULT,KADJAR,KADJAR,GAZOLE,1461,1466,0.116,0.042,0.037,0.075,32240,0.116,1.05,1.1660000000000001
VOLVO,XC90,XC90,ELEC+ESSENC_HR,1969,2252,0.706,0.006,0.009,,87338,0.706,0.15,0.856
VOLKSWAGEN,TIGUAN,TIGUAN,GAZOLE,1968,1551,0.026,0.009000000000000001,0.03,0.039,48739,0.026,0.22500000000000003,0.25100000000000006
RENAULT,CLIO,CLIO,ESS+ELEC_HNR,1598,1266,0.445,0.022,0.002,,25133,0.445,0.5499999999999999,0.9949999999999999
VOLKSWAGEN,GOLF,GOLF,GAZOLE,1968,1383,0.025,0.008,0.034,0.042,35558,0.025,0.2,0.225
FIAT,500X,500X,GAZOLE,1598,1430,0.037,0.013999999999999999,0.077,0.091,33688,0.037,0.35,0.38699999999999996
B.M.W.,SERIE_X,X5,ELEC+GAZOLE_HR,2993,2190,0.141,0.018000000000000002,0.045,0.063,79017,0.141,0.45000000000000007,0.5910000000000001
VOLKSWAGEN,CADDY,CADDY,GAZOLE,1968,1535,0.023,0.020999999999999998,0.041,0.062,30760,0.023,0.5249999999999999,0.5479999999999999
MERCEDES,CLASSE_C,C_220,ELEC+GAZOLE_HR,1993,1705,0.055,0.008,0.006,0.014,60783,0.055,0.2,0.255
LAND_ROVER,RANGE_ROVER_VELAR,RANGE_ROVER_VELAR,ELEC+ESSENC_HR,1997,2199,0.601,0.025,0.02,,72850,0.601,0.625,1.226
SKODA,KAMIQ,KAMIQ,ESSENCE,1498,1214,0.144,0.022,0.022,,31270,0.144,0.5499999999999999,0.694
MINI,MINI,CLUBMAN,GAZOLE,1995,1435,0.171,0.046,0.017,0.063,37014,0.171,1.15,1.321
MINI,MINI,CLUBMAN,ESSENCE,1998,1555,0.182,0.012,0.019,,51350,0.182,0.3,0.482
SKODA,FABIA,FABIA,ESSENCE,999,1076,0.193,0.021,0.042,,22347,0.193,0.525,0.718
ALFA_ROMEO,TONALE,TONALE,ESS+ELEC_HNR,1469,1525,0.343,0.055,0.018,,42767,0.343,1.375,1.718
VOLVO,V60,V60,ESS+ELEC_HNR,1969,1659,0.201,0.014,0.012,,53783,0.201,0.35000000000000003,0.551
FORD,TRANSIT_CUSTOM,TRANSIT_CUSTOM,GAZOLE,1995,1964,0.117,0.014,0.049,0.065,33533,0.117,0.35000000000000003,0.467
FIAT,500X,500X,ESSENCE,999,1320,0.423,0.023,0.016,,27832,0.423,0.575,0.998
MERCEDES,CLASSE_A,A_180,ESSENCE,1332,1275,0.111,0.023,0.027,,35225,0.111,0.575,0.6859999999999999
OPEL,MOKKA,MOKKA,ESSENCE,1199,1200,0.369,0.026,0.018,,29163,0.369,0.65,1.0190000000000001
VOLKSWAGEN,CADDY,CADDY,GAZOLE,1968,1637,0.024,0.012000000000000004,0.051,0.063,40593,0.024,0.3000000000000001,0.3240000000000001
MERCEDES,CLASSE_GLE,GLE_350,ELEC+ESSENC_HR,1991,2550,0.382,0.025,0.015,,106050,0.382,0.625,1.0070000000000001
B.M.W.,SERIE_X,X4,ELEC+GAZOLE_HR,2993,1935,0.131,0.017,0.043,0.06,68850,0.131,0.42500000000000004,0.556
VOLVO,XC60,XC60,ELEC+ESSENC_HR,1969,2075,0.243,0.008,0.008,,85355,0.243,0.2,0.443
PEUGEOT,EXPERT_TRAVELLER,TRAVELLER,GAZOLE,1499,1659,0.072,0.0049999999999999975,0.05,0.055,34350,0.072,0.12499999999999994,0.19699999999999995
SEAT,LEON,LEON,ESS+ELEC_HNR,1498,1311,0.135,0.021,0.019,,34750,0.135,0.525,0.66
RENAULT,SCENIC,SCENIC,ESSENCE,1332,1516,0.247,0.009,0.019,,38067,0.247,0.22499999999999998,0.472
DACIA,SANDERO,SANDERO,ESS+G.P.L.,999,1122,0.26,0.023,0.032,,17190,0.26,0.575,0.835
SKODA,KODIAQ,KODIAQ,GAZOLE,1968,1708,0.026,0.009999999999999998,0.029,0.039,33820,0.026,0.24999999999999997,0.27599999999999997
B.M.W.,M4,M4,ESSENCE,2993,1725,0.206,0.013,0.017,,104550,0.206,0.325,0.531
OPEL,ASTRA,ASTRA,GAZOLE,1499,1349,0.078,0.0050000000000000044,0.051,0.056,31200,0.078,0.1250000000000001,0.20300000000000012
B.M.W.,SERIE_X,X6,ELEC+GAZOLE_HR,2993,2185,0.141,0.018000000000000002,0.045,0.063,84025,0.141,0.45000000000000007,0.5910000000000001
MERCEDES,CLASSE_GLE,GLE_300,ELEC+GAZOLE_HR,1993,2205,0.059,0.011999999999999999,0.01,0.022,86350,0.059,0.3,0.359
B.M.W.,SERIE_1,120,ESSENCE,1998,1390,0.156,0.017,0.011,,41488,0.156,0.42500000000000004,0.5810000000000001
RENAULT,KANGOO,KANGOO,GAZOLE,1461,1586,0.164,0.045,0.035,0.078,28050,0.164,1.125,1.289
MERCEDES,CLASSE_V,V_250,GAZOLE,1950,2145,0.211,0.018,0.027,0.045,67850,0.211,0.44999999999999996,0.6609999999999999
MINI,MINI,MINI,ESSENCE,1998,1280,0.188,0.016,0.009,,37750,0.188,0.4,0.5880000000000001
B.M.W.,SERIE_4,420,ELEC+GAZOLE_HR,1995,1705,0.112,0.027999999999999997,0.017,0.045,56383,0.112,0.7,0.8119999999999999
B.M.W.,SERIE_5,530,ELEC+GAZOLE_HR,2993,1925,0.112,0.020999999999999998,0.052,0.073,72588,0.112,0.5249999999999999,0.6369999999999999
MERCEDES,CLASSE_C,C_200,ELEC+GAZOLE_HR,1993,1650,0.064,0.007,0.007,0.014,50934,0.064,0.17500000000000002,0.23900000000000002
B.M.W.,SERIE_5,530,ELEC+ESSENC_HR,1998,1960,0.311,0.01,0.011,,70838,0.311,0.25,0.5609999999999999
MERCEDES,CLASSE_A,A_180,ESSENCE,1332,1275,0.111,0.023,0.027,,35225,0.111,0.575,0.6859999999999999
ALFA_ROMEO,STELVIO,STELVIO,GAZOLE,2143,1745,0.04,0.0040000000000000036,0.044,0.048,56350,0.04,0.10000000000000009,0.1400000000000001
SEAT,LEON,LEON,GAZOLE,1968,1341,0.023,0.011,0.047,0.056,29458,0.023,0.27499999999999997,0.298
B.M.W.,SERIE_4,420,ESSENCE,1998,1525,0.355,0.027,0.014,,53100,0.355,0.675,1.03
RENAULT,KANGOO,KANGOO,GAZOLE,1461,1594,0.149,0.054,0.03,0.084,31900,0.149,1.35,1.499
RENAULT,TALISMAN,TALISMAN,GAZOLE,1997,1658,0.063,0.022000000000000002,0.028,0.05,42700,0.063,0.55,0.613
B.M.W.,SERIE_1,120,GAZOLE,1995,1515,0.071,0.037000000000000005,0.021,0.058,46988,0.071,0.9250000000000002,0.9960000000000001
SKODA,KAROQ,KAROQ,ESSENCE,1498,1324,0.192,0.027,0.022,,33965,0.192,0.675,0.867
B.M.W.,SERIE_2,218,GAZOLE,1995,1425,0.185,0.052,0.025,0.077,41263,0.185,1.3,1.485
VOLVO,V90,V90,ELEC+ESSENC_HR,1969,2025,0.559,0.006,0.008,,81363,0.559,0.15,0.7090000000000001
PEUGEOT,308,308,GAZOLE,1499,1382,0.078,0.0050000000000000044,0.051,0.056,33033,0.078,0.1250000000000001,0.20300000000000012
B.M.W.,SERIE_2,220,ESSENCE,1998,1430,0.156,0.017,0.011,,44133,0.156,0.42500000000000004,0.5810000000000001
RENAULT,CAPTUR,CAPTUR,ELEC+ESSENC_HR,1598,1539,0.362,0.018,0.004,,38100,0.362,0.44999999999999996,0.8119999999999999
B.M.W.,SERIE_2,218,ESSENCE,1499,1375,0.273,0.023,0.015,,40663,0.273,0.575,0.848
RENAULT,MEGANE,MEGANE,GAZOLE,1461,1320,0.171,0.061,0.021,0.082,32275,0.171,1.525,1.696
CITROEN,BERLINGO,BERLINGO,ESSENCE,1199,1410,0.588,0.024,0.035,,27100,0.588,0.6,1.188
RENAULT,AUSTRAL,AUSTRAL,ESS+ELEC_HNR,1199,1421,0.439,0.024,0.018,,34650,0.439,0.6,1.039
HYUNDAI,I_10,I_10,ESSENCE,998,1024,0.1,0.014,0.012,,18550,0.1,0.35000000000000003,0.45000000000000007
MINI,MINI,MINI,ESSENCE,1998,1265,0.252,0.016,0.013,,33771,0.252,0.4,0.652
B.M.W.,SERIE_1,118,ESSENCE,1499,1320,0.273,0.023,0.015,,37510,0.273,0.575,0.848
B.M.W.,SERIE_1,118,ESSENCE,1499,1320,0.273,0.023,0.015,,37510,0.273,0.575,0.848
MINI,MINI,CABRIO,ESSENCE,1998,1375,0.234,0.016,0.008,,44900,0.234,0.4,0.634
VOLKSWAGEN,T_ROC,T_ROC,ESSENCE,1498,1270,0.115,0.013,0.018,,34790,0.115,0.325,0.44
FORD,PUMA,PUMA,SUPERETHANOL,999,1205,0.424,0.04,0.017,,26150,0.424,1.0,1.424
VOLKSWAGEN,ARTEON,ARTEON,GAZOLE,1968,1576,0.027,0.010999999999999996,0.032,0.043,60040,0.027,0.2749999999999999,0.30199999999999994
FORD,PUMA,PUMA,ESS+ELEC_HNR,999,1259,0.377,0.042,0.023,,30570,0.377,1.05,1.427
NISSAN,JUKE,JUKE,ESSENCE,999,1187,0.276,0.021,0.022,,26354,0.276,0.525,0.801
MERCEDES,CLASSE_E,E_200,ELEC+GAZOLE_HR,1993,1850,0.054,0.006999999999999999,0.006,0.013,58600,0.054,0.175,0.22899999999999998
HYUNDAI,KONA,KONA,ESS+ELEC_HNR,998,1265,0.223,0.025,0.022,,26450,0.223,0.625,0.848
B.M.W.,X4_M,X4,ESSENCE,2993,2010,0.152,0.009,0.013,,111350,0.152,0.22499999999999998,0.377
FORD,PUMA,PUMA,ESS+ELEC_HNR,999,1259,0.362,0.047,0.021,,33600,0.362,1.175,1.537
JEEP,COMPASS,COMPASS,ELEC+ESSENC_HR,1332,1860,0.326,0.033,0.019,,50100,0.326,0.8250000000000001,1.151
B.M.W.,SERIE_5,520,ELEC+GAZOLE_HR,1995,1840,0.1,0.029,0.019,0.048,63713,0.1,0.7250000000000001,0.8250000000000001
B.M.W.,SERIE_2,220,ELEC+GAZOLE_HR,1995,1580,0.097,0.02,0.018,0.038,48550,0.097,0.5,0.597
B.M.W.,SERIE_5,530,ELEC+GAZOLE_HR,2993,1925,0.112,0.020999999999999998,0.052,0.073,72588,0.112,0.5249999999999999,0.6369999999999999
B.M.W.,SERIE_X,X1,ESSENCE,1499,1500,0.085,0.008,0.006,,42463,0.085,0.2,0.28500000000000003
TOYOTA,GR_YARIS,YARIS,ESSENCE,1618,1280,0.213,0.022,0.019,,38400,0.213,0.5499999999999999,0.7629999999999999
MERCEDES,CLASSE_A,A_250,ELEC+ESSENC_HR,1332,1620,0.078,0.016,0.013,,42833,0.078,0.4,0.47800000000000004
SKODA,OCTAVIA,OCTAVIA,GAZOLE,1968,1364,0.026,0.009000000000000001,0.043,0.052,32695,0.026,0.22500000000000003,0.25100000000000006
B.M.W.,SERIE_1,118,GAZOLE,1995,1430,0.171,0.049,0.013,0.062,40410,0.171,1.225,1.3960000000000001
MERCEDES,CLASSE_C,C_220,ELEC+GAZOLE_HR,1993,1765,0.055,0.008,0.006,0.014,58850,0.055,0.2,0.255
HYUNDAI,TUCSON,TUCSON,ESS+ELEC_HNR,1598,1463,0.193,0.023,0.027,,31850,0.193,0.575,0.768
SKODA,KAMIQ,KAMIQ,ESSENCE,999,1165,0.167,0.02,0.037,,28070,0.167,0.5,0.667
FORD,TOURNEO,TOURNEO_CONNECT,GAZOLE,1499,1735,0.045,0.005,0.03,0.034,29293,0.045,0.125,0.16999999999999998
B.M.W.,SERIE_X,X1,ELEC+GAZOLE_HR,1995,1690,0.037,0.005999999999999998,0.03,0.036,49617,0.037,0.14999999999999997,0.18699999999999997
B.M.W.,SERIE_2,218,GAZOLE,1995,1470,0.178,0.053000000000000005,0.013,0.066,43563,0.178,1.3250000000000002,1.5030000000000001
VOLKSWAGEN,GOLF,GOLF,ESSENCE,1984,1388,0.285,0.036,0.022,,50570,0.285,0.8999999999999999,1.1849999999999998
PEUGEOT,RIFTER,RIFTER,GAZOLE,1499,1540,0.053,0.003999999999999997,0.049,0.053,31433,0.053,0.09999999999999992,0.1529999999999999
RENAULT,SCENIC,SCENIC,ESSENCE,1332,1528,0.261,0.011,0.018,,38700,0.261,0.27499999999999997,0.536
MERCEDES,CLASSE_E,E_200,ELEC+GAZOLE_HR,1993,1755,0.054,0.006999999999999999,0.006,0.013,58383,0.054,0.175,0.22899999999999998
B.M.W.,SERIE_5,520,ELEC+GAZOLE_HR,1995,1780,0.096,0.026,0.02,0.046,61063,0.096,0.65,0.746
MINI,MINI,MINI,ESSENCE,1998,1225,0.188,0.016,0.009,,36800,0.188,0.4,0.5880000000000001
MERCEDES,CLASSE_S,S_400,GAZOLE,2925,1985,0.036,0.023,0.034,0.057,121725,0.036,0.575,0.611
DS,DS_3_CROSSBACK,3_CROSSBACK,ESSENCE,1199,1170,0.63,0.023,0.031,,29550,0.63,0.575,1.205
VOLKSWAGEN,TIGUAN,TIGUAN,ESSENCE,1498,1461,0.234,0.024,0.024,,45809,0.234,0.6,0.834
MERCEDES,CLASSE_GLE,GLE_350,ELEC+GAZOLE_HR,1950,2580,0.031,0.0040000000000000036,0.046,0.05,95650,0.031,0.10000000000000009,0.1310000000000001
VOLVO,XC40,XC40,ELEC+ESSENC_HR,1477,1737,0.081,0.006,0.011,,56400,0.081,0.15,0.23099999999999998
DS,DS_7_CROSSBACK,7_CROSSBACK,ESSENCE,1598,1428,0.59,0.023,0.031,,49207,0.59,0.575,1.165
KIA,SPORTAGE,SPORTAGE,ESS+ELEC_HNR,1598,1574,0.129,0.011,0.028,,42390,0.129,0.27499999999999997,0.40399999999999997
RENAULT,TALISMAN,TALISMAN,ESSENCE,1332,1422,0.301,0.013,0.02,,42500,0.301,0.325,0.626
HONDA,CIVIC,CIVIC,ESSENCE,988,1277,0.41,0.024,0.012,,27500,0.41,0.6,1.01
B.M.W.,SERIE_X,X2,GAZOLE,1995,1605,0.071,0.035,0.021,0.056,47717,0.071,0.8750000000000001,0.9460000000000001
B.M.W.,SERIE_X,X5,ELEC+GAZOLE_HR,2993,2200,0.096,0.012999999999999998,0.025,0.038,84217,0.096,0.32499999999999996,0.42099999999999993
B.M.W.,SERIE_4,420,ELEC+GAZOLE_HR,1995,1670,0.087,0.027999999999999997,0.017,0.045,58050,0.087,0.7,0.7869999999999999
VOLKSWAGEN,KOMBI,KOMBI,GAZOLE,1968,2028,0.021,0.012999999999999998,0.033,0.046,60740,0.021,0.32499999999999996,0.346
SKODA,FABIA,FABIA,ESSENCE,999,1119,0.191,0.025,0.037,,23997,0.191,0.625,0.8160000000000001
VOLKSWAGEN,TIGUAN,TIGUAN,GAZOLE,1968,1556,0.026,0.009000000000000001,0.03,0.039,48739,0.026,0.22500000000000003,0.25100000000000006
VOLVO,XC90,XC90,ELEC+ESSENC_HR,1969,2252,0.706,0.006,0.009,,87338,0.706,0.15,0.856
AUDI,Q3_E_TRON,Q3,ELEC+ESSENC_HR,1395,1740,0.123,0.014,0.01,,50180,0.123,0.35000000000000003,0.47300000000000003
SKODA,SCALA,SCALA,ESSENCE,999,1121,0.206,0.025,0.037,,23495,0.206,0.625,0.831
FORD,TOURNEO,TOURNEO_CONNECT,GAZOLE,1499,1744,0.04,0.005,0.022,0.027,30993,0.04,0.125,0.165
MINI,MINI,COUNTRYMAN,GAZOLE,1995,1570,0.076,0.034,0.02,0.054,41733,0.076,0.8500000000000001,0.926
OPEL,INSIGNIA_SPORTS_TOURER,INSIGNIA,GAZOLE,1496,1519,0.053,0.018999999999999996,0.017,0.036,39250,0.053,0.4749999999999999,0.5279999999999999
DACIA,JOGGER,JOGGER,ESSENCE,999,1176,0.234,0.024,0.023,,19350,0.234,0.6,0.834
RENAULT,AUSTRAL,AUSTRAL,ESS+ELEC_HNR,1332,1464,0.278,0.024,0.019,,38800,0.278,0.6,0.878
MERCEDES,CLASSE_GLE,GLE_350,ELEC+ESSENC_HR,1991,2530,0.207,0.021,0.015,,98800,0.207,0.525,0.732
SKODA,KAMIQ,KAMIQ,ESSENCE,999,1185,0.153,0.023,0.043,,29620,0.153,0.575,0.728
VOLKSWAGEN,ARTEON,ARTEON,GAZOLE,1968,1576,0.027,0.010999999999999996,0.032,0.043,60040,0.027,0.2749999999999999,0.30199999999999994
MERCEDES,CLASSE_GLE,GLE_300,ELEC+GAZOLE_HR,1993,2205,0.059,0.011999999999999999,0.01,0.022,86350,0.059,0.3,0.359
FIAT,TIPO,TIPO,ESSENCE,999,1240,0.749,0.034,0.019,,21690,0.749,0.8500000000000001,1.5990000000000002
FIAT,TIPO,TIPO,ESSENCE,999,1270,0.749,0.034,0.019,,21690,0.749,0.8500000000000001,1.5990000000000002
B.M.W.,SERIE_X,X3,ELEC+GAZOLE_HR,1995,1810,0.159,0.038,0.023,0.061,55100,0.159,0.95,1.109
FORD,ECOSPORT,ECOSPORT,ESSENCE,998,1284,0.271,0.02,0.016,,25900,0.271,0.5,0.771
B.M.W.,SERIE_X,X2,GAZOLE,1995,1540,0.177,0.049,0.016,0.065,45667,0.177,1.225,1.4020000000000001
DACIA,JOGGER,JOGGER,ESS+G.P.L.,999,1252,0.438,0.049,0.021,,20100,0.438,1.225,1.663
DACIA,JOGGER,JOGGER,ESS+G.P.L.,999,1252,0.417,0.027,0.025,,20100,0.417,0.675,1.092
B.M.W.,SERIE_X,X5,ELEC+ESSENC_HR,2998,2435,0.148,0.016,0.009,,91300,0.148,0.4,0.548
MERCEDES,CLASSE_V,V_300,GAZOLE,1950,2067,0.116,0.015,0.022,0.037,81025,0.116,0.375,0.491
DS,DS_7_CROSSBACK,7_CROSSBACK,ESSENCE,1598,1428,0.59,0.023,0.031,,49207,0.59,0.575,1.165
B.M.W.,SERIE_1,116,ESSENCE,1499,1340,0.072,0.014,0.008,,36260,0.072,0.35000000000000003,0.42200000000000004
B.M.W.,SERIE_5,520,ELEC+GAZOLE_HR,1995,1840,0.1,0.029,0.019,0.048,63713,0.1,0.7250000000000001,0.8250000000000001
B.M.W.,M3,M3,ESSENCE,2993,1780,0.177,0.008,0.018,,102000,0.177,0.2,0.377
B.M.W.,SERIE_X,X2,ESSENCE,1998,1470,0.159,0.021,0.013,,46817,0.159,0.525,0.684
FORD,TOURNEO,TOURNEO_CONNECT,GAZOLE,1499,1699,0.045,0.005,0.03,0.034,29293,0.045,0.125,0.16999999999999998
RENAULT,CLIO,CLIO,ESSENCE,999,1028,0.222,0.021,0.026,,18550,0.222,0.525,0.747
B.M.W.,SERIE_4,420,ELEC+GAZOLE_HR,1995,1760,0.087,0.026,0.019,0.045,58783,0.087,0.65,0.737
PEUGEOT,RIFTER,RIFTER,ESSENCE,1199,1505,0.588,0.024,0.035,,28850,0.588,0.6,1.188
VOLKSWAGEN,TIGUAN,TIGUAN,GAZOLE,1968,1630,0.019,0.009000000000000001,0.033,0.042,57595,0.019,0.22500000000000003,0.24400000000000002
B.M.W.,SERIE_4,420,ELEC+GAZOLE_HR,1995,1760,0.087,0.026,0.019,0.045,58783,0.087,0.65,0.737
MERCEDES,CLASSE_GLE,GLE_63_AMG,ESS+ELEC_HNR,3982,2370,0.422,0.021,0.019,,161200,0.422,0.525,0.9470000000000001
VOLKSWAGEN,ARTEON,ARTEON,GAZOLE,1968,1658,0.021,0.011000000000000003,0.038,0.049,62440,0.021,0.2750000000000001,0.2960000000000001
PEUGEOT,RIFTER,RIFTER,GAZOLE,1499,1606,0.053,0.003999999999999997,0.049,0.053,31090,0.053,0.09999999999999992,0.1529999999999999
OPEL,GRANDLAND,GRANDLAND,ESSENCE,1199,1356,0.514,0.027,0.051,,35500,0.514,0.675,1.189
PEUGEOT,EXPERT_TRAVELLER,TRAVELLER,GAZOLE,1499,1640,0.072,0.0049999999999999975,0.05,0.055,32350,0.072,0.12499999999999994,0.19699999999999995
VOLKSWAGEN,TIGUAN,TIGUAN,ESSENCE,1498,1461,0.234,0.024,0.024,,45809,0.234,0.6,0.834
FORD,PUMA,PUMA,ESS+ELEC_HNR,999,1259,0.377,0.042,0.023,,30570,0.377,1.05,1.427
VOLKSWAGEN,GOLF,GOLF,GAZOLE,1968,1391,0.028,0.011000000000000003,0.031,0.042,45610,0.028,0.2750000000000001,0.3030000000000001
B.M.W.,M3,M3,ESSENCE,2993,1780,0.177,0.008,0.018,,102000,0.177,0.2,0.377
RENAULT,TRAFIC,TRAFIC,GAZOLE,1997,1963,0.04,0.006999999999999999,0.038,0.045,42550,0.04,0.175,0.215
B.M.W.,SERIE_3,340,ELEC+GAZOLE_HR,2993,1800,0.102,0.013999999999999999,0.041,0.055,71450,0.102,0.35,0.45199999999999996
SKODA,KODIAQ,KODIAQ,ESSENCE,1498,1597,0.243,0.025,0.02,,33820,0.243,0.625,0.868
MINI,MINI,COUNTRYMAN,GAZOLE,1995,1475,0.161,0.044,0.016,0.06,39238,0.161,1.0999999999999999,1.261
MERCEDES,CLASSE_GLE,GLE_350,ELEC+ESSENC_HR,1991,2530,0.382,0.025,0.015,,106050,0.382,0.625,1.0070000000000001
SKODA,KODIAQ,KODIAQ,GAZOLE,1968,1734,0.021,0.010000000000000002,0.03,0.04,52147,0.021,0.25000000000000006,0.2710000000000001
B.M.W.,SERIE_2,216,GAZOLE,1496,1430,0.037,0.02,0.019,0.039,37733,0.037,0.5,0.537
B.M.W.,SERIE_X,X2,GAZOLE,1496,1495,0.038,0.024999999999999998,0.018,0.043,42917,0.038,0.625,0.663
MINI,MINI,COUNTRYMAN,ESSENCE,1998,1480,0.135,0.018,0.014,,42588,0.135,0.44999999999999996,0.585
KIA,SORENTO,SORENTO,ESS+ELEC_HNR,1598,1741,0.118,0.012,0.008,,50520,0.118,0.3,0.418
B.M.W.,SERIE_2,220,ESSENCE,1998,1430,0.156,0.017,0.011,,44133,0.156,0.42500000000000004,0.5810000000000001
B.M.W.,SERIE_1,120,ESSENCE,1998,1390,0.156,0.017,0.011,,41488,0.156,0.42500000000000004,0.5810000000000001
RENAULT,KOLEOS,KOLEOS,ESSENCE,1332,1515,0.272,0.013,0.019,,45650,0.272,0.325,0.597
MERCEDES,VITO_TOURER,VITO,GAZOLE,1950,1972,0.019,0.006999999999999999,0.019,0.026,49623,0.019,0.175,0.19399999999999998
MINI,MINI,MINI,ESSENCE,1499,1200,0.288,0.018,0.012,,29757,0.288,0.44999999999999996,0.738
MERCEDES,VITO_TOURER,VITO,GAZOLE,1950,1947,0.019,0.006999999999999999,0.019,0.026,48764,0.019,0.175,0.19399999999999998
B.M.W.,SERIE_3,330,ELEC+ESSENC_HR,1998,1825,0.323,0.016,0.011,,60333,0.323,0.4,0.7230000000000001
B.M.W.,SERIE_X,X2,GAZOLE,1995,1540,0.177,0.049,0.016,0.065,45667,0.177,1.225,1.4020000000000001
CITROEN,JUMPY_SPACE_TOURER,SPACE_TOURER,GAZOLE,1499,1659,0.072,0.0049999999999999975,0.05,0.055,33350,0.072,0.12499999999999994,0.19699999999999995
FORD,TOURNEO_CONNECT,TOURNEO_CONNECT,GAZOLE,1968,1634,0.023,0.020999999999999998,0.038,0.059,34427,0.023,0.5249999999999999,0.5479999999999999
B.M.W.,SERIE_4,430,ELEC+GAZOLE_HR,2993,1845,0.124,0.012999999999999998,0.042,0.055,62950,0.124,0.32499999999999996,0.44899999999999995
KIA,RIO,RIO,ESSENCE,998,1100,0.11,0.018,0.03,,19465,0.11,0.44999999999999996,0.5599999999999999
LEXUS,NX450H+,NX,ELEC+ESSENC_HR,2487,1990,0.127,0.013,0.006,,67824,0.127,0.325,0.452
KIA,XCEED,XCEED,ELEC+GAZOLE_HR,1598,1397,0.243,0.041,0.023,0.064,35070,0.243,1.0250000000000001,1.2680000000000002
VOLKSWAGEN,GOLF,GOLF,GAZOLE,1968,1311,0.025,0.023,0.036,0.059,38127,0.025,0.575,0.6
B.M.W.,SERIE_4,430,ELEC+GAZOLE_HR,2993,1780,0.123,0.013999999999999999,0.041,0.055,62850,0.123,0.35,0.473
JEEP,RENEGADE,RENEGADE,ESSENCE,999,1320,0.465,0.026,0.016,,28600,0.465,0.65,1.115
FORD,MUSTANG,MUSTANG,ESSENCE,5038,1757,0.238,0.015,0.019,,52400,0.238,0.375,0.613
VOLVO,XC40,XC40,ESS+ELEC_HNR,1969,1613,0.248,0.015,0.014,,45763,0.248,0.375,0.623
TOYOTA,YARIS_CROSS,YARIS_CROSS,ESS+ELEC_HNR,1490,1215,0.157,0.016,0.007,,29600,0.157,0.4,0.557
PORSCHE,PANAMERA_4S_E_HYBRID,PANAMERA,ELEC+ESSENC_HR,2894,2240,0.349,0.016,0.011,,140816,0.349,0.4,0.749
FIAT,500C,500,ESS+ELEC_HNR,999,983,0.3,0.028,0.022,,19150,0.3,0.7000000000000001,1.0
PEUGEOT,2008,2008,ESSENCE,1199,1205,0.503,0.027,0.034,,35100,0.503,0.675,1.178
B.M.W.,SERIE_4,420,ELEC+GAZOLE_HR,1995,1705,0.112,0.027999999999999997,0.017,0.045,56383,0.112,0.7,0.8119999999999999
KIA,PICANTO,PICANTO,ESSENCE,998,903,0.371,0.02,0.011,,14810,0.371,0.5,0.871
VOLKSWAGEN,CADDY,CADDY,GAZOLE,1968,1535,0.023,0.020999999999999998,0.041,0.062,31320,0.023,0.5249999999999999,0.5479999999999999
KIA,SPORTAGE,SPORTAGE,ESS+ELEC_HNR,1598,1486,0.193,0.023,0.027,,34078,0.193,0.575,0.768
B.M.W.,SERIE_4,420,ESSENCE,1998,1620,0.255,0.022,0.014,,53833,0.255,0.5499999999999999,0.8049999999999999
VOLKSWAGEN,KOMBI,KOMBI,GAZOLE,1968,2070,0.042,0.020000000000000004,0.047,0.067,74750,0.042,0.5000000000000001,0.5420000000000001
B.M.W.,SERIE_3,330,ELEC+ESSENC_HR,1998,1825,0.323,0.016,0.011,,60333,0.323,0.4,0.7230000000000001
PEUGEOT,3008,3008,ELEC+ESSENC_HR,1598,1833,0.588,0.018,0.024,,53150,0.588,0.44999999999999996,1.0379999999999998
B.M.W.,SERIE_X,X3,ELEC+GAZOLE_HR,1995,1840,0.165,0.044000000000000004,0.025,0.069,59100,0.165,1.1,1.2650000000000001
MERCEDES,CLASSE_E,E_200,ELEC+GAZOLE_HR,1993,1850,0.054,0.006999999999999999,0.006,0.013,58600,0.054,0.175,0.22899999999999998
SKODA,KAMIQ,KAMIQ,ESSENCE,1498,1214,0.144,0.022,0.022,,31270,0.144,0.5499999999999999,0.694
FIAT,500,500,ESSENCE,1368,1090,0.791,0.054,0.02,,24523,0.791,1.35,2.141
B.M.W.,SERIE_X,X3,ELEC+GAZOLE_HR,1995,1810,0.159,0.038,0.023,0.061,55100,0.159,0.95,1.109
VOLKSWAGEN,TOURAN,TOURAN,ESSENCE,1498,1488,0.129,0.016,0.023,,37750,0.129,0.4,0.529
RENAULT,ESPACE,ESPACE,GAZOLE,1997,1848,0.019,0.006999999999999999,0.019,0.026,50900,0.019,0.175,0.19399999999999998
B.M.W.,SERIE_1,116,ESSENCE,1499,1320,0.179,0.019,0.011,,33960,0.179,0.475,0.6539999999999999
CUPRA,FORMENTOR,FORMENTOR,ESSENCE,1498,1383,0.381,0.031,0.014,,38453,0.381,0.775,1.1560000000000001
PORSCHE,CAYENNE_E_HYBRID,CAYENNE,ELEC+ESSENC_HR,2995,2295,0.389,0.021,0.021,,103699,0.389,0.525,0.914
PEUGEOT,308,308,ESSENCE,1199,1288,0.302,0.022,0.041,,33280,0.302,0.5499999999999999,0.8519999999999999
RENAULT,MEGANE_E_TECH_PLUG_IN_HYBRID,MEGANE,ELEC+ESSENC_HR,1598,1598,0.397,0.019,0.003,,40725,0.397,0.475,0.872
B.M.W.,SERIE_X,X5,ELEC+GAZOLE_HR,2993,2200,0.096,0.012999999999999998,0.025,0.038,84217,0.096,0.32499999999999996,0.42099999999999993
FORD,FIESTA,FIESTA,SUPERETHANOL,999,1114,0.393,0.036,0.01,,23090,0.393,0.8999999999999999,1.293
B.M.W.,SERIE_4,420,ELEC+GAZOLE_HR,1995,1605,0.086,0.018000000000000002,0.017,0.035,55650,0.086,0.45000000000000007,0.536
FORD,FOCUS,FOCUS,ESS+ELEC_HNR,999,1274,0.253,0.04,0.014,,31400,0.253,1.0,1.2530000000000001
PORSCHE,CAYENNE_E_HYBRID,CAYENNE,ELEC+ESSENC_HR,2995,2295,0.389,0.021,0.021,,103699,0.389,0.525,0.914
RENAULT,KANGOO,KANGOO,ESSENCE,1332,1519,0.234,0.012,0.022,,31000,0.234,0.3,0.534
FIAT,500_ABARTH,500,ESSENCE,1368,1090,0.576,0.024,0.018,,23990,0.576,0.6,1.176
B.M.W.,SERIE_X,X2,GAZOLE,1995,1540,0.177,0.049,0.016,0.065,45667,0.177,1.225,1.4020000000000001
RENAULT,ESPACE,ESPACE,GAZOLE,1997,1848,0.062,0.024,0.036,0.06,57550,0.062,0.6,0.6619999999999999
B.M.W.,SERIE_X,X5,ELEC+ESSENC_HR,2998,2435,0.21,0.017,0.008,,91300,0.21,0.42500000000000004,0.635
B.M.W.,SERIE_X,X3,ELEC+GAZOLE_HR,1995,1840,0.165,0.044000000000000004,0.025,0.069,59100,0.165,1.1,1.2650000000000001
VOLKSWAGEN,GOLF,GOLF,GAZOLE,1968,1384,0.025,0.008,0.034,0.042,35558,0.025,0.2,0.225
RENAULT,CAPTUR,CAPTUR,ESS+ELEC_HNR,1598,1363,0.31,0.019,0.004,,31408,0.31,0.475,0.7849999999999999
OPEL,CROSSLAND,CROSSLAND_X,GAZOLE,1499,1205,0.079,0.003999999999999997,0.048,0.052,28850,0.079,0.09999999999999992,0.17899999999999994
TOYOTA,COROLLA,COROLLA,ESS+ELEC_HNR,1798,1345,0.101,0.015,0.002,,32308,0.101,0.375,0.476
B.M.W.,SERIE_X,X6,ELEC+GAZOLE_HR,2993,2185,0.141,0.018000000000000002,0.045,0.063,83550,0.141,0.45000000000000007,0.5910000000000001
PEUGEOT,2008,2008,GAZOLE,1499,1205,0.058,0.005999999999999998,0.046,0.052,28979,0.058,0.14999999999999997,0.20799999999999996
B.M.W.,SERIE_X,X3,ESS+ELEC_HNR,1998,1800,0.157,0.013,0.017,,54800,0.157,0.325,0.482
JAGUAR,XE,XE,ELEC+GAZOLE_HR,1998,1679,0.071,0.015,0.017,0.031,57673,0.071,0.375,0.446
PORSCHE,911_TARGA_4_GTS,911,ESSENCE,2981,1685,0.133,0.012,0.014,,171806,0.133,0.3,0.433
B.M.W.,SERIE_X,X6,ELEC+GAZOLE_HR,2993,2215,0.096,0.012999999999999998,0.025,0.038,89225,0.096,0.32499999999999996,0.42099999999999993
DS,DS_7_CROSSBACK,7_CROSSBACK,ESSENCE,1598,1428,0.59,0.023,0.031,,49207,0.59,0.575,1.165
VOLKSWAGEN,TIGUAN,TIGUAN,GAZOLE,1968,1556,0.026,0.009000000000000001,0.03,0.039,48739,0.026,0.22500000000000003,0.25100000000000006
MERCEDES,CLASSE_V,V_300,GAZOLE,1950,2092,0.116,0.015,0.022,0.037,86338,0.116,0.375,0.491
B.M.W.,SERIE_X,X3,ELEC+GAZOLE_HR,2993,1935,0.131,0.017,0.043,0.06,65800,0.131,0.42500000000000004,0.556
PORSCHE,911_CARRERA_4S,911,ESSENCE,2981,1635,0.13,0.014,0.013,,153576,0.13,0.35000000000000003,0.48000000000000004
DS,DS_9,9,ELEC+ESSENC_HR,1598,1864,0.173,0.012,0.009,,57450,0.173,0.3,0.473
B.M.W.,SERIE_X,X2,ESSENCE,1998,1470,0.159,0.021,0.013,,46817,0.159,0.525,0.684
B.M.W.,SERIE_1,118,GAZOLE,1995,1430,0.171,0.049,0.013,0.062,40410,0.171,1.225,1.3960000000000001
B.M.W.,SERIE_X,X5,ELEC+ESSENC_HR,2998,2435,0.148,0.016,0.009,,91300,0.148,0.4,0.548
B.M.W.,SERIE_X,X3,ELEC+GAZOLE_HR,1995,1840,0.165,0.044000000000000004,0.025,0.069,59100,0.165,1.1,1.2650000000000001
SUZUKI,VITARA,VITARA,ESS+ELEC_HNR,1373,1200,0.313,0.034,0.017,,25940,0.313,0.8500000000000001,1.163
NISSAN,QASHQAI,QASHQAI,ESS+ELEC_HNR,1332,1375,0.292,0.017,0.02,,39315,0.292,0.42500000000000004,0.7170000000000001
B.M.W.,SERIE_X,X6,ELEC+GAZOLE_HR,2993,2185,0.141,0.018000000000000002,0.045,0.063,84025,0.141,0.45000000000000007,0.5910000000000001
KIA,SPORTAGE,SPORTAGE,ESS+ELEC_HNR,1598,1486,0.193,0.023,0.027,,34078,0.193,0.575,0.768
RENAULT,MEGANE,MEGANE,ESSENCE,1332,1242,0.246,0.012,0.02,,32750,0.246,0.3,0.546
MERCEDES,CLASSE_C,C_220,ELEC+GAZOLE_HR,1993,1765,0.055,0.008,0.006,0.014,62283,0.055,0.2,0.255
ALFA_ROMEO,GIULIA,GIULIA,ESSENCE,1995,1530,0.238,0.027,0.024,,66400,0.238,0.675,0.913
PEUGEOT,2008,2008,GAZOLE,1499,1270,0.067,0.0059999999999999915,0.07,0.076,33203,0.067,0.1499999999999998,0.2169999999999998
B.M.W.,SERIE_X,X1,GAZOLE,1995,1575,0.03,0.006000000000000002,0.028,0.034,44763,0.03,0.15000000000000005,0.18000000000000005
MERCEDES,VITO_TOURER,VITO,GAZOLE,1950,1957,0.019,0.006999999999999999,0.019,0.026,46907,0.019,0.175,0.19399999999999998
MINI,MINI,CLUBMAN,ESSENCE,1998,1415,0.187,0.02,0.009,,41400,0.187,0.5,0.687
B.M.W.,SERIE_1,118,ESSENCE,1499,1290,0.291,0.024,0.018,,35210,0.291,0.6,0.891
B.M.W.,SERIE_1,116,GAZOLE,1496,1375,0.059,0.017000000000000005,0.018,0.035,36260,0.059,0.4250000000000001,0.4840000000000001
MINI,MINI,CLUBMAN,GAZOLE,1995,1470,0.17,0.046,0.014,0.06,39214,0.17,1.15,1.3199999999999998
HYUNDAI,TUCSON,TUCSON,ESS+ELEC_HNR,1598,1564,0.129,0.011,0.028,,40610,0.129,0.27499999999999997,0.40399999999999997
B.M.W.,SERIE_2,220,GAZOLE,1995,1565,0.071,0.037000000000000005,0.021,0.058,49633,0.071,0.9250000000000002,0.9960000000000001
VOLKSWAGEN,KOMBI,KOMBI,GAZOLE,1968,1919,0.015,0.013999999999999999,0.033,0.047,60740,0.015,0.35,0.365
MINI,MINI,CLUBMAN,GAZOLE,1995,1470,0.17,0.046,0.014,0.06,41000,0.17,1.15,1.3199999999999998
RENAULT,SCENIC,SCENIC,ESSENCE,1332,1450,0.261,0.011,0.018,,35900,0.261,0.27499999999999997,0.536
B.M.W.,SERIE_2,218,GAZOLE,1995,1470,0.178,0.053000000000000005,0.013,0.066,43563,0.178,1.3250000000000002,1.5030000000000001
B.M.W.,SERIE_1,116,GAZOLE,1496,1385,0.037,0.02,0.019,0.039,38560,0.037,0.5,0.537
CITROEN,C3,C3,ESSENCE,1199,1090,0.454,0.029,0.012,,22600,0.454,0.7250000000000001,1.179
MINI,MINI,CLUBMAN,GAZOLE,1995,1470,0.17,0.046,0.014,0.06,39214,0.17,1.15,1.3199999999999998
FORD,KUGA,KUGA,ESS+ELEC_HNR,2488,1626,0.205,0.011,0.01,,43590,0.205,0.27499999999999997,0.48
FIAT,500X,500X,ESSENCE,1332,1320,0.291,0.033,0.012,,31413,0.291,0.8250000000000001,1.116
VOLKSWAGEN,POLO,POLO,ESSENCE,999,1093,0.226,0.032,0.041,,23613,0.226,0.8,1.026
VOLVO,XC40,XC40,ELEC+ESSENC_HR,1477,1737,0.11,0.006,0.008,,56400,0.11,0.15,0.26
RENAULT,TRAFIC,TRAFIC,GAZOLE,1997,2033,0.04,0.006999999999999999,0.038,0.045,42550,0.04,0.175,0.215
FORD,FIESTA,FIESTA,SUPERETHANOL,999,1114,0.393,0.036,0.01,,21340,0.393,0.8999999999999999,1.293
VOLKSWAGEN,TIGUAN,TIGUAN,ELEC+ESSENC_HR,1395,1744,0.213,0.013,0.011,,50806,0.213,0.325,0.538
TOYOTA,YARIS,YARIS,ESS+ELEC_HNR,1490,1090,0.149,0.025,0.01,,26900,0.149,0.625,0.774
PORSCHE,911_CARRERA_GTS,911,ESSENCE,2981,1615,0.166,0.011,0.011,,163886,0.166,0.27499999999999997,0.44099999999999995
PORSCHE,CAYENNE_TURBO_S_E_HYBRID,CAYENNE,ELEC+ESSENC_HR,3996,2490,0.275,0.019,0.006,,185950,0.275,0.475,0.75
MAZDA,MAZDA_CX_30,CX_30,ESS+ELEC_HNR,1998,1509,0.137,0.015,0.023,,38500,0.137,0.375,0.512
VOLKSWAGEN,TIGUAN,TIGUAN,ESSENCE,1498,1568,0.234,0.024,0.024,,49030,0.234,0.6,0.834
SKODA,KAMIQ,KAMIQ,ESSENCE,999,1152,0.23,0.026,0.034,,24607,0.23,0.65,0.88
PORSCHE,911_CARRERA_4_GTS,911,ESSENCE,2981,1665,0.133,0.012,0.014,,171806,0.133,0.3,0.433
JEEP,RENEGADE,RENEGADE,ESS+ELEC_HNR,1469,1420,0.381,0.063,0.018,,33438,0.381,1.575,1.956
CITROEN,BERLINGO,BERLINGO,GAZOLE,1499,1540,0.053,0.003999999999999997,0.049,0.053,30250,0.053,0.09999999999999992,0.1529999999999999
CUPRA,FORMENTOR,FORMENTOR,ESSENCE,1498,1383,0.381,0.031,0.014,,38453,0.381,0.775,1.1560000000000001
B.M.W.,SERIE_X,X2,ESSENCE,1998,1470,0.159,0.021,0.013,,46817,0.159,0.525,0.684
KIA,XCEED,XCEED,ELEC+GAZOLE_HR,1598,1397,0.112,0.037,0.01,0.047,36715,0.112,0.9249999999999999,1.037
TOYOTA,AYGO_X,AYGO_X,ESSENCE,998,970,0.337,0.03,0.01,,21723,0.337,0.75,1.087
MERCEDES,CLASSE_GLE,GLE_350,ELEC+GAZOLE_HR,1950,2580,0.031,0.0040000000000000036,0.046,0.05,95650,0.031,0.10000000000000009,0.1310000000000001
VOLKSWAGEN,TIGUAN,TIGUAN,GAZOLE,1968,1679,0.026,0.009000000000000001,0.03,0.039,52000,0.026,0.22500000000000003,0.25100000000000006
VOLVO,V90,V90,ELEC+ESSENC_HR,1969,2025,0.559,0.006,0.008,,81363,0.559,0.15,0.7090000000000001
MERCEDES,CLASSE_C,C_220,ELEC+GAZOLE_HR,1993,1705,0.055,0.008,0.006,0.014,60783,0.055,0.2,0.255
PEUGEOT,308,308,ESSENCE,1199,1288,0.302,0.022,0.041,,33280,0.302,0.5499999999999999,0.8519999999999999
OPEL,CORSA,CORSA,ESSENCE,1199,1090,0.314,0.025,0.031,,23800,0.314,0.625,0.9390000000000001
B.M.W.,SERIE_X,X2,ESSENCE,1499,1410,0.267,0.025,0.014,,40217,0.267,0.625,0.892
MERCEDES,CLASSE_E,E_200,ELEC+GAZOLE_HR,1993,1850,0.054,0.006999999999999999,0.006,0.013,58600,0.054,0.175,0.22899999999999998
B.M.W.,M4,M4,ESSENCE,2993,1775,0.177,0.008,0.018,,104550,0.177,0.2,0.377
LAND_ROVER,DISCOVERY_SPORT,DISCOVERY_SPORT,ELEC+GAZOLE_HR,1998,1951,0.121,0.016999999999999994,0.035,0.052,62049,0.121,0.4249999999999999,0.5459999999999998
NISSAN,QASHQAI,QASHQAI,ESS+ELEC_HNR,1332,1329,0.314,0.012,0.017,,34540,0.314,0.3,0.614
VOLKSWAGEN,T_ROC,T_ROC,ESSENCE,1498,1283,0.126,0.014,0.01,,36985,0.126,0.35000000000000003,0.47600000000000003
VOLKSWAGEN,CADDY,CADDY,GAZOLE,1968,1637,0.024,0.012000000000000004,0.051,0.063,40123,0.024,0.3000000000000001,0.3240000000000001
MERCEDES,VITO_TOURER,VITO,GAZOLE,1950,1972,0.019,0.006999999999999999,0.019,0.026,46907,0.019,0.175,0.19399999999999998
FIAT,500,500,ESSENCE,1368,1045,0.829,0.039,0.02,,21290,0.829,0.975,1.8039999999999998
SKODA,SUPERB,SUPERB,GAZOLE,1968,1581,0.027,0.012000000000000004,0.03,0.042,53590,0.027,0.3000000000000001,0.3270000000000001
VOLKSWAGEN,GOLF,GOLF,GAZOLE,1968,1366,0.028,0.008999999999999998,0.028,0.037,35558,0.028,0.22499999999999995,0.25299999999999995
B.M.W.,SERIE_1,118,GAZOLE,1995,1405,0.185,0.052,0.023,0.075,38110,0.185,1.3,1.485
B.M.W.,SERIE_X,X3,ELEC+GAZOLE_HR,1995,1840,0.165,0.044000000000000004,0.025,0.069,59100,0.165,1.1,1.2650000000000001
MINI,MINI,COUNTRYMAN,ESSENCE,1998,1605,0.314,0.012,0.012,,51800,0.314,0.3,0.614
B.M.W.,SERIE_4,420,ESSENCE,1998,1690,0.237,0.022,0.018,,60100,0.237,0.5499999999999999,0.7869999999999999
VOLVO,XC60,XC60,ELEC+ESSENC_HR,1969,2075,0.243,0.008,0.008,,76310,0.243,0.2,0.443
RENAULT,KADJAR,KADJAR,ESSENCE,1332,1320,0.162,0.015,0.013,,33500,0.162,0.375,0.537
MERCEDES,VITO_TOURER,VITO,GAZOLE,1950,2025,0.211,0.018,0.027,0.045,47096,0.211,0.44999999999999996,0.6609999999999999
B.M.W.,SERIE_2,220,ESSENCE,1998,1490,0.226,0.024,0.013,,45650,0.226,0.6,0.826
MERCEDES,CLASSE_V,V_250,GAZOLE,1950,2092,0.116,0.015,0.022,0.037,74793,0.116,0.375,0.491
VOLKSWAGEN,KOMBI,KOMBI,GAZOLE,1968,2028,0.021,0.012999999999999998,0.033,0.046,60740,0.021,0.32499999999999996,0.346
HYUNDAI,KONA,KONA,ESS+ELEC_HNR,1580,1376,0.094,0.014,0.003,,29780,0.094,0.35000000000000003,0.44400000000000006
KIA,CEED,CEED,ELEC+GAZOLE_HR,1598,1343,0.113,0.038,0.014,0.052,30950,0.113,0.95,1.063
RENAULT,CAPTUR,CAPTUR,ESS+ELEC_HNR,1598,1363,0.31,0.019,0.004,,31408,0.31,0.475,0.7849999999999999
DACIA,SANDERO,SANDERO,ESSENCE,999,1036,0.308,0.031,0.027,,13100,0.308,0.775,1.083
VOLKSWAGEN,CADDY,CADDY,GAZOLE,1968,1535,0.025,0.019000000000000003,0.047,0.066,31960,0.025,0.4750000000000001,0.5000000000000001
B.M.W.,SERIE_X,X4,ELEC+GAZOLE_HR,2993,2020,0.122,0.013999999999999999,0.038,0.052,79750,0.122,0.35,0.472
CITROEN,C4,C4,GAZOLE,1499,1260,0.052,0.003999999999999997,0.056,0.06,29020,0.052,0.09999999999999992,0.1519999999999999
SKODA,OCTAVIA,OCTAVIA,GAZOLE,1968,1414,0.026,0.008999999999999998,0.028,0.037,36598,0.026,0.22499999999999995,0.25099999999999995
OPEL,GRANDLAND,GRANDLAND,GAZOLE,1499,1448,0.055,0.0020000000000000018,0.027,0.029,40625,0.055,0.050000000000000044,0.10500000000000004
HYUNDAI,KONA,KONA,ESS+ELEC_HNR,1580,1376,0.094,0.014,0.003,,29780,0.094,0.35000000000000003,0.44400000000000006
VOLVO,V60,V60,ELEC+ESSENC_HR,1969,1989,0.283,0.007,0.007,,76800,0.283,0.17500000000000002,0.45799999999999996
MERCEDES,CLASSE_C,C_220,ELEC+GAZOLE_HR,1993,1765,0.055,0.008,0.006,0.014,62283,0.055,0.2,0.255
B.M.W.,SERIE_X,X4,ELEC+GAZOLE_HR,1995,1840,0.165,0.044000000000000004,0.025,0.069,62150,0.165,1.1,1.2650000000000001
FORD,FIESTA,FIESTA,SUPERETHANOL,999,1114,0.393,0.036,0.01,,23090,0.393,0.8999999999999999,1.293
HYUNDAI,I_10,I_10,ESSENCE,1197,932,0.236,0.021,0.017,,17750,0.236,0.525,0.761
FIAT,500,500,ESSENCE,1368,1055,0.493,0.026,0.018,,30583,0.493,0.65,1.143
MAZDA,MAZDA_CX_60,CX_60,ELEC+ESSENC_HR,2488,1981,0.342,0.02,0.007,,57788,0.342,0.5,0.8420000000000001
VOLVO,XC60,XC60,ELEC+GAZOLE_HR,1969,1892,0.241,0.026000000000000002,0.042,0.068,57480,0.241,0.65,0.891
PORSCHE,911_CARRERA_4_GTS,911,ESSENCE,2981,1595,0.133,0.012,0.014,,175385,0.133,0.3,0.433
B.M.W.,SERIE_X,X1,ESS+ELEC_HNR,1998,1655,0.135,0.013,0.01,,46050,0.135,0.325,0.46
B.M.W.,SERIE_2,220,ESSENCE,1998,1430,0.156,0.017,0.011,,44133,0.156,0.42500000000000004,0.5810000000000001
OPEL,GRANDLAND,GRANDLAND,GAZOLE,1499,1448,0.055,0.0020000000000000018,0.027,0.029,40625,0.055,0.050000000000000044,0.10500000000000004
MINI,MINI,MINI,ESSENCE,1499,1230,0.2,0.019,0.01,,33325,0.2,0.475,0.675
OPEL,COMBO_LIFE,COMBO,GAZOLE,1499,1521,0.053,0.003999999999999997,0.049,0.053,29710,0.053,0.09999999999999992,0.1529999999999999
MINI,MINI,MINI,ESSENCE,1499,1210,0.094,0.011,0.006,,25850,0.094,0.27499999999999997,0.369
LEXUS,NX350H,NX,ESS+ELEC_HNR,2487,1790,0.16,0.014,0.001,,58690,0.16,0.35000000000000003,0.51
CITROEN,C4,C4,ESSENCE,1199,1299,0.368,0.03,0.032,,32250,0.368,0.75,1.1179999999999999
PEUGEOT,408,408,ESSENCE,1199,1392,0.392,0.021,0.04,,30500,0.392,0.525,0.917
FORD,FIESTA,FIESTA,SUPERETHANOL,999,1114,0.393,0.036,0.01,,23090,0.393,0.8999999999999999,1.293
PEUGEOT,5008,5008,ESSENCE,1598,1521,0.711,0.023,0.035,,46850,0.711,0.575,1.286
B.M.W.,SERIE_4,420,ELEC+GAZOLE_HR,1995,1705,0.112,0.027999999999999997,0.017,0.045,56383,0.112,0.7,0.8119999999999999
MERCEDES,CLASSE_GLC,GLC_43_AMG,ESSENCE,2996,1805,0.216,0.03,0.033,,80100,0.216,0.75,0.966
FIAT,PANDA,PANDA,ESS+ELEC_HNR,999,1002,0.281,0.031,0.048,,15290,0.281,0.775,1.056
SKODA,KAROQ,KAROQ,ESSENCE,1498,1324,0.192,0.027,0.022,,33965,0.192,0.675,0.867
FORD,PUMA,PUMA,ESSENCE,1496,1283,0.659,0.02,0.005,,36400,0.659,0.5,1.159
B.M.W.,SERIE_3,318,ESSENCE,1998,1575,0.262,0.02,0.012,,48100,0.262,0.5,0.762
RENAULT,SCENIC,SCENIC,ESSENCE,1332,1450,0.261,0.011,0.018,,35900,0.261,0.27499999999999997,0.536
PORSCHE,CAYENNE_GTS,CAYENNE,ESSENCE,3996,2175,0.195,0.018,0.018,,124337,0.195,0.44999999999999996,0.645
MERCEDES,CLASSE_C,C_220,ELEC+GAZOLE_HR,1993,1705,0.055,0.008,0.006,0.014,60783,0.055,0.2,0.255
MERCEDES,CLASSE_GLE,GLE_350,ELEC+ESSENC_HR,1991,2530,0.207,0.021,0.015,,106050,0.207,0.525,0.732
VOLKSWAGEN,KOMBI,KOMBI,GAZOLE,1968,1919,0.015,0.013999999999999999,0.033,0.047,60740,0.015,0.35,0.365
MERCEDES,CLASSE_GLE,GLE_350,ELEC+GAZOLE_HR,1950,2615,0.031,0.0040000000000000036,0.046,0.05,106650,0.031,0.10000000000000009,0.1310000000000001
FIAT,500,500,ESS+ELEC_HNR,999,1000,0.281,0.031,0.048,,18540,0.281,0.775,1.056
VOLKSWAGEN,TIGUAN,TIGUAN,GAZOLE,1968,1556,0.026,0.009000000000000001,0.03,0.039,48739,0.026,0.22500000000000003,0.25100000000000006
JAGUAR,XE,XE,ELEC+GAZOLE_HR,1998,1734,0.082,0.017,0.023,0.04,59170,0.082,0.42500000000000004,0.507
SEAT,ATECA,ATECA,ESSENCE,999,1284,0.216,0.022,0.035,,30622,0.216,0.5499999999999999,0.7659999999999999
OPEL,CROSSLAND,CROSSLAND_X,ESSENCE,1199,1188,0.4,0.021,0.023,,29100,0.4,0.525,0.925
B.M.W.,SERIE_1,120,ESSENCE,1998,1390,0.156,0.017,0.011,,41488,0.156,0.42500000000000004,0.5810000000000001
FORD,FIESTA,FIESTA,SUPERETHANOL,999,1114,0.393,0.036,0.01,,23090,0.393,0.8999999999999999,1.293
MERCEDES,CLASSE_E,E_53_AMG,ESS+ELEC_HNR,2999,1980,0.193,0.024,0.02,,90508,0.193,0.6,0.7929999999999999
RENAULT,KADJAR,KADJAR,ESSENCE,1332,1353,0.162,0.015,0.013,,33500,0.162,0.375,0.537
TOYOTA,YARIS_CROSS,YARIS_CROSS,ESS+ELEC_HNR,1490,1175,0.157,0.016,0.007,,29600,0.157,0.4,0.557
MERCEDES,CLASSE_S,S_580,ESS+ELEC_HNR,3982,2200,0.19,0.019,0.018,,192200,0.19,0.475,0.665
B.M.W.,SERIE_2,240,ESSENCE,2998,1690,0.143,0.022,0.009,,61550,0.143,0.5499999999999999,0.693
VOLKSWAGEN,CADDY,CADDY,GAZOLE,1968,1568,0.023,0.020999999999999998,0.038,0.059,38773,0.023,0.5249999999999999,0.5479999999999999
RENAULT,CAPTUR,CAPTUR,ESSENCE,999,1199,0.244,0.047,0.047,,24867,0.244,1.175,1.419
MINI,MINI,COUNTRYMAN,GAZOLE,1995,1510,0.177,0.045,0.015,0.06,42567,0.177,1.125,1.302
MERCEDES,CLASSE_C,C_220,ELEC+GAZOLE_HR,1993,1800,0.056,0.005999999999999999,0.007,0.013,62283,0.056,0.15,0.206
RENAULT,KADJAR,KADJAR,ESSENCE,1332,1372,0.156,0.012,0.021,,35500,0.156,0.3,0.45599999999999996
RENAULT,CAPTUR,CAPTUR,ESSENCE,999,1221,0.294,0.039,0.034,,24867,0.294,0.975,1.269
SEAT,ATECA,ATECA,ESSENCE,999,1284,0.216,0.022,0.027,,30622,0.216,0.5499999999999999,0.7659999999999999
B.M.W.,SERIE_4,420,ESSENCE,1998,1525,0.355,0.027,0.014,,53100,0.355,0.675,1.03
SKODA,KAMIQ,KAMIQ,ESSENCE,999,1165,0.167,0.02,0.037,,28070,0.167,0.5,0.667
SKODA,FABIA,FABIA,ESSENCE,1498,1149,0.172,0.021,0.019,,26420,0.172,0.525,0.6970000000000001
B.M.W.,SERIE_1,120,ESSENCE,1998,1390,0.156,0.017,0.011,,41488,0.156,0.42500000000000004,0.5810000000000001
JAGUAR,XF,XF,ELEC+GAZOLE_HR,1998,1774,0.071,0.015,0.017,0.031,67245,0.071,0.375,0.446
VOLKSWAGEN,TIGUAN,TIGUAN,GAZOLE,1968,1679,0.026,0.009999999999999998,0.029,0.039,52000,0.026,0.24999999999999997,0.27599999999999997
NISSAN,QASHQAI,QASHQAI,ESS+ELEC_HNR,1332,1375,0.292,0.017,0.02,,39315,0.292,0.42500000000000004,0.7170000000000001
B.M.W.,M4,M4,ESSENCE,2993,1920,0.177,0.008,0.018,,115550,0.177,0.2,0.377
TOYOTA,YARIS_CROSS,YARIS_CROSS,ESS+ELEC_HNR,1490,1215,0.157,0.016,0.007,,29600,0.157,0.4,0.557
B.M.W.,SERIE_1,118,GAZOLE,1995,1430,0.171,0.049,0.013,0.062,40410,0.171,1.225,1.3960000000000001
PEUGEOT,508,508,ESSENCE,1199,1400,0.341,0.02,0.038,,42075,0.341,0.5,0.841
B.M.W.,SERIE_X,X5,ELEC+ESSENC_HR,2998,2435,0.148,0.016,0.009,,91300,0.148,0.4,0.548
B.M.W.,SERIE_1,118,GAZOLE,1995,1430,0.171,0.049,0.013,0.062,40410,0.171,1.225,1.3960000000000001
ALFA_ROMEO,GIULIA,GIULIA,ESSENCE,1995,1429,0.241,0.045,0.023,,51625,0.241,1.125,1.366
B.M.W.,SERIE_2,216,GAZOLE,1496,1430,0.037,0.02,0.019,0.039,41313,0.037,0.5,0.537
B.M.W.,SERIE_1,118,GAZOLE,1995,1430,0.171,0.049,0.013,0.062,40410,0.171,1.225,1.3960000000000001
DACIA,LODGY,LODGY,GAZOLE,1461,1301,0.153,0.047,0.02,0.067,18850,0.153,1.175,1.328
NISSAN,QASHQAI,QASHQAI,ESS+ELEC_HNR,1332,1375,0.292,0.017,0.02,,39315,0.292,0.42500000000000004,0.7170000000000001
MERCEDES,CLASSE_C,C_63_AMG,ESSENCE,3982,1745,0.183,0.031,0.019,,113100,0.183,0.775,0.958
B.M.W.,SERIE_2,220,ESSENCE,1998,1430,0.156,0.017,0.011,,44133,0.156,0.42500000000000004,0.5810000000000001
MERCEDES,CLASSE_V,V_300,GAZOLE,1950,2145,0.211,0.018,0.027,0.045,81025,0.211,0.44999999999999996,0.6609999999999999
B.M.W.,SERIE_1,116,ESSENCE,1499,1320,0.179,0.019,0.011,,33960,0.179,0.475,0.6539999999999999
VOLKSWAGEN,KOMBI,KOMBI,GAZOLE,1968,2070,0.042,0.020000000000000004,0.047,0.067,74750,0.042,0.5000000000000001,0.5420000000000001
ALFA_ROMEO,STELVIO,STELVIO,GAZOLE,2143,1680,0.044,0.0049999999999999975,0.035,0.04,56350,0.044,0.12499999999999994,0.16899999999999993
SKODA,SUPERB,SUPERB,GAZOLE,1968,1568,0.027,0.010999999999999996,0.032,0.043,53590,0.027,0.2749999999999999,0.30199999999999994
MERCEDES,CLASSE_GLC,GLC_220,GAZOLE,1950,1770,0.036,0.008,0.034,0.042,69575,0.036,0.2,0.23600000000000002
FORD,FOCUS,FOCUS,ESS+ELEC_HNR,999,1269,0.322,0.039,0.018,,31400,0.322,0.975,1.297
FIAT,500X,500X,GAZOLE,1598,1430,0.037,0.013999999999999999,0.077,0.091,36190,0.037,0.35,0.38699999999999996
PORSCHE,PANAMERA_4_E_HYBRID,PANAMERA,ELEC+ESSENC_HR,2894,2210,0.22,0.015,0.005,,125222,0.22,0.375,0.595
OPEL,MOKKA,MOKKA,ESSENCE,1199,1220,0.333,0.022,0.026,,31388,0.333,0.5499999999999999,0.883
VOLKSWAGEN,PASSAT,PASSAT,GAZOLE,1968,1480,0.029,0.023,0.042,0.065,43500,0.029,0.575,0.604
B.M.W.,SERIE_2,220,ESSENCE,1998,1430,0.156,0.017,0.011,,44133,0.156,0.42500000000000004,0.5810000000000001
SKODA,KAROQ,KAROQ,ESSENCE,1498,1330,0.132,0.023,0.025,,37898,0.132,0.575,0.707
PEUGEOT,EXPERT_TRAVELLER,TRAVELLER,GAZOLE,1499,1659,0.072,0.0049999999999999975,0.05,0.055,33350,0.072,0.12499999999999994,0.19699999999999995
B.M.W.,SERIE_4,440,ESS+ELEC_HNR,2998,1740,0.087,0.013,0.009,,70650,0.087,0.325,0.41200000000000003
PORSCHE,911_CARRERA_GTS,911,ESSENCE,2981,1510,0.163,0.011,0.012,,149486,0.163,0.27499999999999997,0.43799999999999994
RENAULT,ESPACE,ESPACE,GAZOLE,1997,1802,0.014,0.008,0.021,0.029,57550,0.014,0.2,0.21400000000000002
FIAT,TIPO,TIPO,GAZOLE,1598,1395,0.071,0.026999999999999996,0.05,0.077,28490,0.071,0.6749999999999999,0.7459999999999999
JAGUAR,F_PACE,F_PACE,ELEC+GAZOLE_HR,1998,1916,0.102,0.018,0.024,0.042,72740,0.102,0.44999999999999996,0.5519999999999999
B.M.W.,SERIE_X,X2,GAZOLE,1995,1540,0.177,0.049,0.016,0.065,45667,0.177,1.225,1.4020000000000001
TOYOTA,YARIS,YARIS,ESS+ELEC_HNR,1490,1085,0.149,0.025,0.01,,25263,0.149,0.625,0.774
SEAT,LEON,LEON,ESSENCE,999,1216,0.126,0.02,0.036,,25648,0.126,0.5,0.626
B.M.W.,SERIE_X,X2,ESSENCE,1998,1470,0.159,0.021,0.013,,46817,0.159,0.525,0.684
VOLKSWAGEN,PASSAT,PASSAT,GAZOLE,1968,1634,0.021,0.011000000000000003,0.038,0.049,56873,0.021,0.2750000000000001,0.2960000000000001
NISSAN,MICRA,MICRA,ESSENCE,999,1068,0.138,0.027,0.034,,22761,0.138,0.675,0.8130000000000001
VOLKSWAGEN,GOLF,GOLF,ESSENCE,1984,1383,0.182,0.021,0.02,,45880,0.182,0.525,0.7070000000000001
VOLKSWAGEN,PASSAT,PASSAT,GAZOLE,1968,1634,0.021,0.011000000000000003,0.038,0.049,58617,0.021,0.2750000000000001,0.2960000000000001
MERCEDES,CLASSE_V,V_250,GAZOLE,1950,2067,0.116,0.015,0.022,0.037,74793,0.116,0.375,0.491
VOLKSWAGEN,T_ROC,T_ROC,ESSENCE,1498,1471,0.126,0.014,0.01,,44278,0.126,0.35000000000000003,0.47600000000000003
MINI,MINI,MINI,ESSENCE,1998,1205,0.252,0.016,0.013,,32871,0.252,0.4,0.652
HONDA,HR_V,HR_V,ESS+ELEC_HNR,1498,1377,0.058,0.006,0.004,,34710,0.058,0.15,0.208
LEXUS,NX350H,NX,ESS+ELEC_HNR,2487,1730,0.125,0.011,0.002,,58690,0.125,0.27499999999999997,0.39999999999999997
TOYOTA,COROLLA,COROLLA,ESS+ELEC_HNR,1798,1345,0.101,0.015,0.002,,32308,0.101,0.375,0.476
JAGUAR,XF,XF,ELEC+GAZOLE_HR,1998,1774,0.071,0.015,0.017,0.031,58243,0.071,0.375,0.446
CITROEN,C3,C3,ESSENCE,1199,980,0.669,0.034,0.018,,19013,0.669,0.8500000000000001,1.5190000000000001
VOLKSWAGEN,T_ROC,T_ROC,GAZOLE,1968,1380,0.036,0.009999999999999998,0.027,0.037,40975,0.036,0.24999999999999997,0.286
KIA,STONIC,STONIC,ESSENCE,998,1155,0.145,0.024,0.027,,25170,0.145,0.6,0.745
VOLKSWAGEN,TIGUAN,TIGUAN,GAZOLE,1968,1551,0.026,0.009000000000000001,0.03,0.039,48739,0.026,0.22500000000000003,0.25100000000000006
PORSCHE,PANAMERA_4S_E_HYBRID,PANAMERA,ELEC+ESSENC_HR,2894,2230,0.234,0.021,0.017,,137456,0.234,0.525,0.759
RENAULT,TRAFIC,TRAFIC,GAZOLE,1997,2006,0.017,0.006999999999999999,0.033,0.04,45500,0.017,0.175,0.192
MERCEDES,CLASSE_GLE,GLE_350,ELEC+ESSENC_HR,1991,2550,0.207,0.021,0.015,,106050,0.207,0.525,0.732
JEEP,RENEGADE,RENEGADE,ESS+ELEC_HNR,1469,1420,0.381,0.063,0.018,,33438,0.381,1.575,1.956
MINI,MINI,CABRIO,ESSENCE,1998,1325,0.188,0.016,0.009,,41233,0.188,0.4,0.5880000000000001
VOLKSWAGEN,CADDY,CADDY,ESSENCE,1498,1497,0.212,0.028,0.029,,34573,0.212,0.7000000000000001,0.912
B.M.W.,SERIE_X,X6,ELEC+GAZOLE_HR,2993,2215,0.096,0.012999999999999998,0.025,0.038,89225,0.096,0.32499999999999996,0.42099999999999993
VOLKSWAGEN,CADDY,CADDY,ESSENCE,1498,1497,0.212,0.028,0.029,,36003,0.212,0.7000000000000001,0.912
B.M.W.,SERIE_X,X4,ESS+ELEC_HNR,1998,1815,0.183,0.013,0.014,,63850,0.183,0.325,0.508
VOLVO,XC90,XC90,ELEC+ESSENC_HR,1969,2222,0.258,0.007,0.005,,99353,0.258,0.17500000000000002,0.43300000000000005
KIA,CEED,CEED,ESSENCE,1482,1255,0.354,0.027,0.025,,28522,0.354,0.675,1.029
RENAULT,TWINGO,TWINGO,ESSENCE,999,918,0.225,0.018,0.022,,16900,0.225,0.44999999999999996,0.6749999999999999
MERCEDES,CLASSE_A,A_200,ESSENCE,1332,1315,0.12,0.024,0.025,,36500,0.12,0.6,0.72
SKODA,KODIAQ,KODIAQ,ESSENCE,1498,1567,0.243,0.025,0.02,,33820,0.243,0.625,0.868
VOLKSWAGEN,TIGUAN,TIGUAN,ESSENCE,1498,1461,0.234,0.024,0.024,,45809,0.234,0.6,0.834
VOLKSWAGEN,ARTEON,ARTEON,GAZOLE,1968,1576,0.027,0.012000000000000004,0.03,0.042,60040,0.027,0.3000000000000001,0.3270000000000001
VOLKSWAGEN,T_ROC,T_ROC,GAZOLE,1968,1380,0.036,0.009999999999999998,0.027,0.037,40975,0.036,0.24999999999999997,0.286
RENAULT,TRAFIC,TRAFIC,GAZOLE,1997,1980,0.04,0.006999999999999999,0.038,0.045,42550,0.04,0.175,0.215
SKODA,KODIAQ,KODIAQ,GAZOLE,1968,1663,0.026,0.009000000000000001,0.03,0.039,33820,0.026,0.22500000000000003,0.25100000000000006
MINI,MINI,MINI,ESSENCE,1499,1200,0.288,0.018,0.012,,29757,0.288,0.44999999999999996,0.738
B.M.W.,SERIE_1,116,ESSENCE,1499,1340,0.072,0.014,0.008,,36260,0.072,0.35000000000000003,0.42200000000000004
B.M.W.,SERIE_4,420,ELEC+GAZOLE_HR,1995,1670,0.087,0.027999999999999997,0.017,0.045,58050,0.087,0.7,0.7869999999999999
B.M.W.,SERIE_2,220,ESSENCE,1998,1430,0.156,0.017,0.011,,44133,0.156,0.42500000000000004,0.5810000000000001
VOLKSWAGEN,ARTEON,ARTEON,ELEC+ESSENC_HR,1395,1738,0.178,0.013,0.012,,58050,0.178,0.325,0.503
B.M.W.,SERIE_X,X4,ELEC+GAZOLE_HR,1995,1840,0.165,0.044000000000000004,0.025,0.069,62150,0.165,1.1,1.2650000000000001
NISSAN,QASHQAI,QASHQAI,ESS+ELEC_HNR,1332,1375,0.292,0.017,0.02,,39315,0.292,0.42500000000000004,0.7170000000000001
MERCEDES,CLASSE_C,C_220,ELEC+GAZOLE_HR,1993,1715,0.063,0.007,0.007,0.014,59883,0.063,0.17500000000000002,0.23800000000000002
JAGUAR,E_PACE,E_PACE,ELEC+ESSENC_HR,1498,2127,0.266,0.018,0.019,,53800,0.266,0.44999999999999996,0.716
PEUGEOT,508,508,ELEC+ESSENC_HR,1598,1720,0.599,0.018,0.017,,50100,0.599,0.44999999999999996,1.049
B.M.W.,SERIE_X,X4,ELEC+GAZOLE_HR,2993,2020,0.122,0.013999999999999999,0.038,0.052,79750,0.122,0.35,0.472
CITROEN,BERLINGO,BERLINGO,GAZOLE,1499,1430,0.053,0.003999999999999997,0.049,0.053,27250,0.053,0.09999999999999992,0.1529999999999999
B.M.W.,SERIE_4,420,ELEC+GAZOLE_HR,1995,1775,0.089,0.022000000000000002,0.018,0.04,62650,0.089,0.55,0.639
MERCEDES,CLASSE_C,C_220,ELEC+GAZOLE_HR,1993,1800,0.056,0.005999999999999999,0.007,0.013,62283,0.056,0.15,0.206
MERCEDES,CLASSE_V,V_220,GAZOLE,1950,2170,0.027,0.006999999999999999,0.017,0.024,67675,0.027,0.175,0.20199999999999999
MERCEDES,CLASSE_GLE,GLE_350,ELEC+GAZOLE_HR,1950,2580,0.031,0.0040000000000000036,0.046,0.05,95650,0.031,0.10000000000000009,0.1310000000000001
MERCEDES,VITO_TOURER,VITO,GAZOLE,1950,1982,0.019,0.006999999999999999,0.019,0.026,46907,0.019,0.175,0.19399999999999998
SKODA,KAMIQ,KAMIQ,ESSENCE,999,1197,0.153,0.023,0.043,,29620,0.153,0.575,0.728
VOLVO,XC90,XC90,ELEC+ESSENC_HR,1969,2222,0.258,0.007,0.005,,99353,0.258,0.17500000000000002,0.43300000000000005
KIA,NIRO,NIRO,ESS+ELEC_HNR,1580,1399,0.037,0.007,0.005,,34850,0.037,0.17500000000000002,0.21200000000000002
MERCEDES,CLASSE_C,C_220,ELEC+GAZOLE_HR,1993,1800,0.056,0.005999999999999999,0.007,0.013,62283,0.056,0.15,0.206
RENAULT,ARKANA_E_TECH,ARKANA,ESS+ELEC_HNR,1598,1435,0.383,0.02,0.003,,35656,0.383,0.5,0.883
PORSCHE,911_CARRERA_4_GTS,911,ESSENCE,2981,1595,0.133,0.012,0.014,,175385,0.133,0.3,0.433
B.M.W.,SERIE_1,118,ESSENCE,1499,1320,0.273,0.023,0.015,,37510,0.273,0.575,0.848
MASERATI,MC20,MC20,ESSENCE,2992,1475,0.268,0.03,0.018,,220000,0.268,0.75,1.018
B.M.W.,SERIE_X,X2,ESSENCE,1499,1430,0.312,0.031,0.016,,42517,0.312,0.775,1.087
VOLKSWAGEN,TIGUAN,TIGUAN,GAZOLE,1968,1556,0.026,0.009000000000000001,0.03,0.039,48739,0.026,0.22500000000000003,0.25100000000000006
VOLVO,XC40,XC40,ESS+ELEC_HNR,1969,1613,0.288,0.013,0.013,,51525,0.288,0.325,0.613
HYUNDAI,I_30,I_30,ESS+ELEC_HNR,998,1364,0.61,0.046,0.049,,31720,0.61,1.15,1.7599999999999998
FORD,PUMA,PUMA,ESS+ELEC_HNR,999,1259,0.243,0.038,0.017,,30570,0.243,0.95,1.193
MERCEDES,CLASSE_C,C_200,ELEC+GAZOLE_HR,1993,1705,0.064,0.007,0.007,0.014,55683,0.064,0.17500000000000002,0.23900000000000002
B.M.W.,SERIE_X,X2,GAZOLE,1995,1540,0.177,0.049,0.016,0.065,45667,0.177,1.225,1.4020000000000001
JEEP,RENEGADE,RENEGADE,GAZOLE,1598,1430,0.05,0.022000000000000006,0.059,0.081,32400,0.05,0.5500000000000002,0.6000000000000002
VOLKSWAGEN,TIGUAN,TIGUAN,ESSENCE,1498,1461,0.234,0.024,0.024,,45809,0.234,0.6,0.834
B.M.W.,SERIE_4,440,ESS+ELEC_HNR,2998,1740,0.087,0.013,0.009,,70650,0.087,0.325,0.41200000000000003
RENAULT,MEGANE,MEGANE,GAZOLE,1461,1373,0.171,0.061,0.021,0.082,32775,0.171,1.525,1.696
MERCEDES,CLASSE_GLC,GLC_300,ELEC+ESSENC_HR,1991,1965,0.208,0.013,0.008,,75925,0.208,0.325,0.533
MERCEDES,CLASSE_E,E_400,GAZOLE,2925,1940,0.033,0.018999999999999996,0.033,0.052,79625,0.033,0.4749999999999999,0.5079999999999999
FIAT,500X,500X,GAZOLE,1598,1430,0.037,0.013999999999999999,0.077,0.091,33404,0.037,0.35,0.38699999999999996
MERCEDES,CLASSE_GLE,GLE_350,ELEC+ESSENC_HR,1991,2530,0.207,0.021,0.015,,98800,0.207,0.525,0.732
DACIA,DUSTER,DUSTER,GAZOLE,1461,1354,0.146,0.049,0.019,0.068,21013,0.146,1.225,1.371
B.M.W.,SERIE_X,X4,ELEC+GAZOLE_HR,1995,1840,0.165,0.044000000000000004,0.025,0.069,62150,0.165,1.1,1.2650000000000001
B.M.W.,M4,M4,ESSENCE,2993,1920,0.177,0.008,0.018,,115550,0.177,0.2,0.377
B.M.W.,SERIE_4,440,ESS+ELEC_HNR,2998,1825,0.099,0.016,0.01,,71000,0.099,0.4,0.499
PEUGEOT,2008,2008,GAZOLE,1499,1205,0.058,0.005999999999999998,0.046,0.052,28979,0.058,0.14999999999999997,0.20799999999999996
DS,DS_7_CROSSBACK,7_CROSSBACK,ESSENCE,1598,1428,0.59,0.023,0.031,,49207,0.59,0.575,1.165
PORSCHE,911_TURBO_S,911,ESSENCE,3745,1710,0.199,0.055,0.011,,247992,0.199,1.375,1.574
VOLKSWAGEN,KOMBI,KOMBI,GAZOLE,1968,1919,0.015,0.013999999999999999,0.033,0.047,60740,0.015,0.35,0.365
RENAULT,CAPTUR,CAPTUR,ESS+ELEC_HNR,1598,1361,0.345,0.017,0.006,,31408,0.345,0.42500000000000004,0.77
PEUGEOT,RIFTER,RIFTER,GAZOLE,1499,1606,0.053,0.003999999999999997,0.049,0.053,31090,0.053,0.09999999999999992,0.1529999999999999
MERCEDES,CLASSE_S,S_400,GAZOLE,2925,2005,0.036,0.023,0.034,0.057,119725,0.036,0.575,0.611
JEEP,RENEGADE,RENEGADE,ESS+ELEC_HNR,1469,1420,0.381,0.063,0.018,,33438,0.381,1.575,1.956
B.M.W.,SERIE_2,216,GAZOLE,1496,1430,0.037,0.02,0.019,0.039,41313,0.037,0.5,0.537
MINI,MINI,CLUBMAN,GAZOLE,1995,1540,0.074,0.039999999999999994,0.019,0.059,43129,0.074,0.9999999999999999,1.0739999999999998
FORD,PUMA,PUMA,ESS+ELEC_HNR,999,1259,0.243,0.038,0.017,,30570,0.243,0.95,1.193
FORD,FIESTA,FIESTA,SUPERETHANOL,999,1114,0.393,0.037,0.011,,23090,0.393,0.9249999999999999,1.318
MERCEDES,CLASSE_GLC,GLC_300,GAZOLE,1950,1800,0.104,0.011000000000000003,0.031,0.042,72750,0.104,0.2750000000000001,0.37900000000000006
MINI,MINI,COUNTRYMAN,ESSENCE,1499,1505,0.273,0.025,0.024,,38733,0.273,0.625,0.898
CUPRA,FORMENTOR,FORMENTOR,ESSENCE,1984,1470,0.227,0.025,0.018,,45900,0.227,0.625,0.852
B.M.W.,SERIE_X,X2,GAZOLE,1995,1605,0.071,0.035,0.021,0.056,47717,0.071,0.8750000000000001,0.9460000000000001
NISSAN,QASHQAI,QASHQAI,ESS+ELEC_HNR,1332,1329,0.314,0.012,0.017,,34540,0.314,0.3,0.614
MERCEDES,CLASSE_A,A_180,ESSENCE,1332,1305,0.101,0.027,0.031,,42233,0.101,0.675,0.776
B.M.W.,SERIE_X,X5,ELEC+GAZOLE_HR,2993,2200,0.096,0.012999999999999998,0.025,0.038,84217,0.096,0.32499999999999996,0.42099999999999993
KIA,CEED,CEED,ELEC+ESSENC_HR,1580,1533,0.053,0.017,0.01,,40062,0.053,0.42500000000000004,0.47800000000000004
B.M.W.,SERIE_2,218,GAZOLE,1995,1470,0.178,0.053000000000000005,0.013,0.066,43563,0.178,1.3250000000000002,1.5030000000000001
JAGUAR,XF,XF,ELEC+GAZOLE_HR,1998,1833,0.082,0.017,0.023,0.04,65047,0.082,0.42500000000000004,0.507
SKODA,SUPERB,SUPERB,GAZOLE,1968,1658,0.021,0.011000000000000003,0.038,0.049,55590,0.021,0.2750000000000001,0.2960000000000001
VOLKSWAGEN,T_ROC,T_ROC,GAZOLE,1968,1340,0.019,0.009000000000000001,0.04,0.049,33683,0.019,0.22500000000000003,0.24400000000000002
VOLKSWAGEN,GOLF,GOLF,ESS+ELEC_HNR,1498,1274,0.159,0.024,0.025,,36821,0.159,0.6,0.759
MERCEDES,CLASSE_E,E_400,GAZOLE,2925,1845,0.033,0.018999999999999996,0.033,0.052,82425,0.033,0.4749999999999999,0.5079999999999999
DACIA,LOGAN,LOGAN,ESS+G.P.L.,999,1116,0.184,0.024,0.031,,13500,0.184,0.6,0.784
FORD,FIESTA,FIESTA,ESS+ELEC_HNR,999,1136,0.309,0.034,0.014,,24190,0.309,0.8500000000000001,1.159
B.M.W.,SERIE_1,118,GAZOLE,1995,1430,0.171,0.049,0.013,0.062,40410,0.171,1.225,1.3960000000000001
VOLKSWAGEN,ARTEON,ARTEON,GAZOLE,1968,1584,0.025,0.008,0.032,0.04,56970,0.025,0.2,0.225
VOLKSWAGEN,KOMBI,KOMBI,GAZOLE,1968,1932,0.015,0.013999999999999999,0.033,0.047,60740,0.015,0.35,0.365
MERCEDES,CLASSE_C,C_200,ELEC+GAZOLE_HR,1993,1650,0.064,0.007,0.007,0.014,50934,0.064,0.17500000000000002,0.23900000000000002
RENAULT,KADJAR,KADJAR,ESSENCE,1332,1372,0.156,0.012,0.021,,35500,0.156,0.3,0.45599999999999996
RENAULT,CAPTUR,CAPTUR,ESSENCE,999,1199,0.244,0.047,0.047,,24867,0.244,1.175,1.419
HYUNDAI,I_30,I_30,ESS+ELEC_HNR,998,1339,0.61,0.046,0.049,,30720,0.61,1.15,1.7599999999999998
B.M.W.,SERIE_2,220,ESSENCE,1998,1490,0.226,0.024,0.013,,45650,0.226,0.6,0.826
B.M.W.,SERIE_5,520,ELEC+GAZOLE_HR,1995,1840,0.1,0.029,0.019,0.048,63713,0.1,0.7250000000000001,0.8250000000000001
DACIA,JOGGER,JOGGER,ESS+G.P.L.,999,1223,0.438,0.049,0.021,,19148,0.438,1.225,1.663
DACIA,JOGGER,JOGGER,ESS+G.P.L.,999,1223,0.417,0.027,0.025,,19148,0.417,0.675,1.092
B.M.W.,SERIE_3,318,ELEC+GAZOLE_HR,1995,1660,0.048,0.023,0.016,0.039,50450,0.048,0.575,0.623
VOLKSWAGEN,TIGUAN,TIGUAN,GAZOLE,1968,1556,0.026,0.009000000000000001,0.03,0.039,46752,0.026,0.22500000000000003,0.25100000000000006
RENAULT,SCENIC,SCENIC,ESSENCE,1332,1505,0.312,0.011,0.014,,36700,0.312,0.27499999999999997,0.587
MINI,MINI,CLUBMAN,GAZOLE,1496,1400,0.072,0.02,0.018,0.038,33325,0.072,0.5,0.572
KIA,STONIC,STONIC,ESSENCE,998,1120,0.321,0.022,0.018,,23390,0.321,0.5499999999999999,0.871
MINI,MINI,CLUBMAN,GAZOLE,1496,1405,0.029,0.015,0.015,0.03,35525,0.029,0.375,0.404
PORSCHE,PANAMERA_4_E_HYBRID,PANAMERA,ELEC+ESSENC_HR,2894,2225,0.314,0.021,0.005,,128315,0.314,0.525,0.839
VOLVO,XC40,XC40,ESSENCE,1477,1550,0.238,0.035,0.024,,40450,0.238,0.8750000000000001,1.113
VOLKSWAGEN,CADDY,CADDY,GAZOLE,1968,1568,0.023,0.020999999999999998,0.038,0.059,37903,0.023,0.5249999999999999,0.5479999999999999
B.M.W.,SERIE_5,518,ELEC+GAZOLE_HR,1995,1670,0.093,0.026000000000000002,0.015,0.041,55013,0.093,0.65,0.743
ALPINE,A110,A110,ESSENCE,1798,1107,0.216,0.011,0.018,,76500,0.216,0.27499999999999997,0.491
SKODA,OCTAVIA_RS,OCTAVIA,ESSENCE,1984,1456,0.182,0.021,0.02,,42700,0.182,0.525,0.7070000000000001
B.M.W.,SERIE_3,340,ESS+ELEC_HNR,2998,1795,0.152,0.017,0.008,,71700,0.152,0.42500000000000004,0.5770000000000001
JEEP,WRANGLER_UNLIMITED,WRANGLER,ELEC+ESSENC_HR,1995,2334,0.393,0.019,0.014,,80500,0.393,0.475,0.868
MAZDA,MAZDA_CX_5,CX_5,GAZOLE,2191,1665,0.056,0.011999999999999997,0.035,0.047,45708,0.056,0.29999999999999993,0.3559999999999999
VOLKSWAGEN,POLO,POLO,ESSENCE,999,1134,0.22,0.027,0.037,,26043,0.22,0.675,0.895
B.M.W.,SERIE_X,X2,GAZOLE,1995,1605,0.071,0.036000000000000004,0.02,0.056,50717,0.071,0.9000000000000001,0.9710000000000001
VOLVO,S60,S60,ELEC+ESSENC_HR,1969,1973,0.673,0.005,0.01,,68375,0.673,0.125,0.798
PEUGEOT,RIFTER,RIFTER,GAZOLE,1499,1606,0.053,0.003999999999999997,0.049,0.053,31090,0.053,0.09999999999999992,0.1529999999999999
B.M.W.,SERIE_Z,Z4,ESSENCE,1998,1430,0.213,0.015,0.014,,53900,0.213,0.375,0.588
FERRARI,MONZA,MONZA,ESSENCE,6496,1610,0.427,0.037,0.026,,1586530,0.427,0.9249999999999999,1.3519999999999999
TOYOTA,AYGO_X,AYGO_X,ESSENCE,998,940,0.246,0.022,0.017,,19433,0.246,0.5499999999999999,0.7959999999999999
LAND_ROVER,RANGE_ROVER,RANGE_ROVER,ELEC+ESSENC_HR,2996,2735,0.482,0.03,0.032,,178075,0.482,0.75,1.232
B.M.W.,SERIE_4,420,ELEC+GAZOLE_HR,1995,1605,0.086,0.018000000000000002,0.017,0.035,55650,0.086,0.45000000000000007,0.536
MINI,MINI,MINI,ESSENCE,1998,1280,0.188,0.016,0.009,,37750,0.188,0.4,0.5880000000000001
MINI,MINI,MINI,ESSENCE,1998,1245,0.224,0.016,0.011,,40400,0.224,0.4,0.624
RENAULT,TRAFIC,TRAFIC,GAZOLE,1997,1963,0.04,0.006999999999999999,0.038,0.045,42550,0.04,0.175,0.215
PEUGEOT,208,208,ESSENCE,1199,1090,0.383,0.027,0.028,,26013,0.383,0.675,1.058
SKODA,KAROQ,KAROQ,ESSENCE,1498,1330,0.132,0.023,0.025,,37898,0.132,0.575,0.707
SKODA,FABIA,FABIA,ESSENCE,999,1099,0.177,0.023,0.045,,21630,0.177,0.575,0.752
MERCEDES,VITO_TOURER,VITO,GAZOLE,1950,1947,0.019,0.006999999999999999,0.019,0.026,49623,0.019,0.175,0.19399999999999998
RENAULT,CAPTUR,CAPTUR,ESS+G.P.L.,999,1280,0.266,0.038,0.027,,25250,0.266,0.95,1.216
RENAULT,CAPTUR,CAPTUR,ESS+G.P.L.,999,1280,0.239,0.045,0.029,,25250,0.239,1.125,1.3639999999999999
B.M.W.,SERIE_1,118,GAZOLE,1995,1430,0.171,0.049,0.013,0.062,40410,0.171,1.225,1.3960000000000001
LAND_ROVER,RANGE_ROVER,RANGE_ROVER,ESSENCE,4395,2650,0.19,0.013,0.038,,169150,0.19,0.325,0.515
SKODA,KAROQ,KAROQ,ESSENCE,1498,1330,0.132,0.023,0.025,,37898,0.132,0.575,0.707
B.M.W.,SERIE_3,318,ELEC+GAZOLE_HR,1995,1660,0.048,0.023,0.016,0.039,50450,0.048,0.575,0.623
PEUGEOT,308,308,ELEC+ESSENC_HR,1598,1603,0.229,0.022,0.004,,41150,0.229,0.5499999999999999,0.7789999999999999
B.M.W.,SERIE_2,218,GAZOLE,1995,1470,0.178,0.053000000000000005,0.013,0.066,43563,0.178,1.3250000000000002,1.5030000000000001
CITROEN,JUMPY_SPACE_TOURER,SPACE_TOURER,GAZOLE,1499,1659,0.072,0.0049999999999999975,0.05,0.055,33350,0.072,0.12499999999999994,0.19699999999999995
JEEP,COMPASS,COMPASS,GAZOLE,1598,1540,0.067,0.024000000000000007,0.044,0.068,38650,0.067,0.6000000000000002,0.6670000000000003
SEAT,ATECA,ATECA,GAZOLE,1968,1452,0.036,0.012,0.027,0.037,40423,0.036,0.3,0.33599999999999997
NISSAN,PRIMASTAR,PRIMASTAR,GAZOLE,1997,1981,0.04,0.006999999999999999,0.038,0.045,44208,0.04,0.175,0.215
B.M.W.,SERIE_2,220,ESSENCE,1998,1430,0.156,0.017,0.011,,44133,0.156,0.42500000000000004,0.5810000000000001
B.M.W.,SERIE_4,440,ESS+ELEC_HNR,2998,1825,0.099,0.016,0.01,,71000,0.099,0.4,0.499
B.M.W.,SERIE_2,218,ESSENCE,1499,1375,0.273,0.023,0.015,,37850,0.273,0.575,0.848
MERCEDES,CLASSE_C,C_220,ELEC+GAZOLE_HR,1993,1800,0.056,0.005999999999999999,0.007,0.013,62283,0.056,0.15,0.206
B.M.W.,SERIE_1,116,ESSENCE,1499,1340,0.072,0.014,0.008,,36260,0.072,0.35000000000000003,0.42200000000000004
B.M.W.,SERIE_5,530,ELEC+GAZOLE_HR,2993,1925,0.112,0.020999999999999998,0.052,0.073,72588,0.112,0.5249999999999999,0.6369999999999999
SKODA,OCTAVIA,OCTAVIA,ESSENCE,999,1238,0.19,0.025,0.042,,27183,0.19,0.625,0.815
MERCEDES,VITO_TOURER,VITO,GAZOLE,1950,1982,0.019,0.006999999999999999,0.019,0.026,46907,0.019,0.175,0.19399999999999998
CITROEN,C3,C3,ESSENCE,1199,1090,0.353,0.025,0.024,,22600,0.353,0.625,0.978
KIA,PICANTO,PICANTO,ESSENCE,998,959,0.116,0.019,0.026,,18773,0.116,0.475,0.591
RENAULT,CAPTUR,CAPTUR,ESS+ELEC_HNR,1332,1326,0.473,0.012,0.028,,27325,0.473,0.3,0.7729999999999999
MERCEDES,CLASSE_GLE,GLE_53_AMG,ESS+ELEC_HNR,2999,2250,0.215,0.018,0.02,,114750,0.215,0.44999999999999996,0.6649999999999999
ALPINE,A110,A110,ESSENCE,1798,1109,0.204,0.011,0.012,,76250,0.204,0.27499999999999997,0.479
MERCEDES,CLASSE_GLS,GLS_600,ESS+ELEC_HNR,3982,2710,0.421,0.021,0.021,,181800,0.421,0.525,0.946
RENAULT,TRAFIC,TRAFIC,GAZOLE,1997,1962,0.04,0.006999999999999999,0.038,0.045,41350,0.04,0.175,0.215
VOLKSWAGEN,CADDY,CADDY,GAZOLE,1968,1568,0.023,0.020999999999999998,0.038,0.059,37343,0.023,0.5249999999999999,0.5479999999999999
B.M.W.,M3,M3,ESSENCE,2993,1780,0.177,0.008,0.018,,102000,0.177,0.2,0.377
B.M.W.,SERIE_X,X3,ELEC+GAZOLE_HR,1995,1810,0.159,0.038,0.023,0.061,55100,0.159,0.95,1.109
SKODA,KODIAQ,KODIAQ,GAZOLE,1968,1707,0.026,0.009000000000000001,0.03,0.039,33820,0.026,0.22500000000000003,0.25100000000000006
KIA,STONIC,STONIC,ESS+ELEC_HNR,998,1150,0.079,0.016,0.025,,25270,0.079,0.4,0.47900000000000004
MINI,MINI,CLUBMAN,ESSENCE,1998,1500,0.156,0.017,0.012,,42029,0.156,0.42500000000000004,0.5810000000000001
RENAULT,MEGANE,MEGANE,ESSENCE,1332,1214,0.183,0.013,0.01,,29775,0.183,0.325,0.508
RENAULT,MEGANE_E_TECH_PLUG_IN_HYBRID,MEGANE,ELEC+ESSENC_HR,1598,1598,0.397,0.019,0.003,,40725,0.397,0.475,0.872
MERCEDES,CLASSE_V,V_250,GAZOLE,1950,2170,0.211,0.018,0.027,0.045,74793,0.211,0.44999999999999996,0.6609999999999999
B.M.W.,SERIE_X,X5,ELEC+GAZOLE_HR,2993,2190,0.141,0.018000000000000002,0.045,0.063,77717,0.141,0.45000000000000007,0.5910000000000001
RENAULT,KANGOO,KANGOO,GAZOLE,1461,1594,0.149,0.054,0.03,0.084,31900,0.149,1.35,1.499
DACIA,SANDERO,SANDERO,ESSENCE,999,1015,0.308,0.031,0.027,,10990,0.308,0.775,1.083
RENAULT,MEGANE,MEGANE,GAZOLE,1461,1347,0.151,0.046,0.026,0.072,33775,0.151,1.15,1.301
DS,DS_7_CROSSBACK,7_CROSSBACK,GAZOLE,1499,1510,0.047,0.0049999999999999975,0.056,0.061,44700,0.047,0.12499999999999994,0.17199999999999993
B.M.W.,SERIE_1,118,ESSENCE,1499,1320,0.273,0.023,0.015,,37510,0.273,0.575,0.848
B.M.W.,SERIE_1,118,GAZOLE,1995,1405,0.185,0.052,0.023,0.075,38110,0.185,1.3,1.485
SKODA,KAMIQ,KAMIQ,ESSENCE,999,1197,0.153,0.023,0.043,,29620,0.153,0.575,0.728
VOLKSWAGEN,CADDY,CADDY,GAZOLE,1968,1637,0.024,0.012000000000000004,0.051,0.063,40123,0.024,0.3000000000000001,0.3240000000000001
SKODA,KAMIQ,KAMIQ,ESSENCE,1498,1214,0.144,0.022,0.022,,31270,0.144,0.5499999999999999,0.694
FIAT,TIPO,TIPO,ESSENCE,999,1290,0.749,0.04,0.019,,26890,0.749,1.0,1.749
PEUGEOT,EXPERT_TRAVELLER,TRAVELLER,GAZOLE,1499,1659,0.072,0.0049999999999999975,0.05,0.055,33350,0.072,0.12499999999999994,0.19699999999999995
VOLKSWAGEN,POLO,POLO,ESSENCE,999,1124,0.174,0.021,0.038,,25223,0.174,0.525,0.6990000000000001
MERCEDES,CLASSE_V,V_220,GAZOLE,1950,2092,0.019,0.006999999999999999,0.019,0.026,67675,0.019,0.175,0.19399999999999998
AUDI,Q3_SPORTBACK_E_TRON,Q3,ELEC+ESSENC_HR,1395,1740,0.123,0.014,0.01,,53195,0.123,0.35000000000000003,0.47300000000000003
FORD,TRANSIT_CUSTOM,TRANSIT_CUSTOM,GAZOLE,1995,2093,0.044,0.006,0.02,0.026,51330,0.044,0.15,0.194
VOLKSWAGEN,CADDY,CADDY,GAZOLE,1968,1620,0.025,0.019000000000000003,0.047,0.066,36530,0.025,0.4750000000000001,0.5000000000000001
KIA,CEED,CEED,ESSENCE,1482,1302,0.354,0.027,0.025,,30539,0.354,0.675,1.029
KIA,CEED,CEED,ESSENCE,1482,1255,0.354,0.027,0.025,,28522,0.354,0.675,1.029
TOYOTA,C_HR,C_HR,ESS+ELEC_HNR,1798,1420,0.131,0.016,0.002,,34314,0.131,0.4,0.531
FIAT,500X,500X,ESSENCE,999,1320,0.423,0.023,0.016,,24990,0.423,0.575,0.998
B.M.W.,SERIE_3,330,ELEC+GAZOLE_HR,2993,1825,0.121,0.012999999999999998,0.042,0.055,62725,0.121,0.32499999999999996,0.44599999999999995
B.M.W.,SERIE_1,120,GAZOLE,1995,1515,0.071,0.037000000000000005,0.021,0.058,46988,0.071,0.9250000000000002,0.9960000000000001
MINI,MINI,CLUBMAN,ESSENCE,1499,1360,0.089,0.014,0.009,,32475,0.089,0.35000000000000003,0.43900000000000006
MERCEDES,CLASSE_GLE,GLE_350,ELEC+GAZOLE_HR,1950,2580,0.031,0.0049999999999999975,0.038,0.043,88400,0.031,0.12499999999999994,0.15599999999999994
VOLKSWAGEN,GOLF,GOLF,GAZOLE,1968,1303,0.03,0.009000000000000001,0.041,0.05,32357,0.03,0.22500000000000003,0.255
FIAT,500X,500X,ESSENCE,999,1320,0.423,0.023,0.016,,24990,0.423,0.575,0.998
B.M.W.,SERIE_X,X6,ELEC+GAZOLE_HR,2993,2185,0.141,0.018000000000000002,0.045,0.063,84025,0.141,0.45000000000000007,0.5910000000000001
MERCEDES,CLASSE_GLC,GLC_220,GAZOLE,1950,1770,0.036,0.008,0.034,0.042,69575,0.036,0.2,0.23600000000000002
MERCEDES,CLASSE_GLE,GLE_350,ELEC+ESSENC_HR,1991,2550,0.382,0.025,0.015,,106050,0.382,0.625,1.0070000000000001
VOLKSWAGEN,TIGUAN,TIGUAN,ESSENCE,1498,1429,0.233,0.033,0.025,,39135,0.233,0.8250000000000001,1.058
PORSCHE,911_TURBO_S,911,ESSENCE,3745,1640,0.199,0.055,0.011,,234312,0.199,1.375,1.574
B.M.W.,SERIE_2,220,GAZOLE,1995,1505,0.19,0.053000000000000005,0.016,0.069,47413,0.19,1.3250000000000002,1.5150000000000001
CITROEN,C4_X,C4_X,ESSENCE,1199,1289,0.317,0.022,0.037,,24000,0.317,0.5499999999999999,0.867
RENAULT,KANGOO,KANGOO,ESSENCE,1332,1475,0.28,0.011,0.012,,25900,0.28,0.27499999999999997,0.5549999999999999
VOLKSWAGEN,TIGUAN,TIGUAN,GAZOLE,1968,1556,0.026,0.009000000000000001,0.03,0.039,48739,0.026,0.22500000000000003,0.25100000000000006
SKODA,SCALA,SCALA,ESSENCE,1498,1192,0.183,0.024,0.015,,28923,0.183,0.6,0.7829999999999999
FORD,PUMA,PUMA,ESS+ELEC_HNR,999,1259,0.243,0.038,0.017,,30570,0.243,0.95,1.193
B.M.W.,SERIE_1,116,ESSENCE,1499,1340,0.072,0.014,0.008,,36260,0.072,0.35000000000000003,0.42200000000000004
B.M.W.,SERIE_X,X1,ESSENCE,1499,1500,0.075,0.009,0.008,,42463,0.075,0.22499999999999998,0.3
VOLKSWAGEN,POLO,POLO,ESSENCE,999,1093,0.226,0.032,0.041,,23613,0.226,0.8,1.026
PORSCHE,911_TURBO_S,911,ESSENCE,3745,1640,0.199,0.055,0.011,,234312,0.199,1.375,1.574
VOLKSWAGEN,ARTEON,ARTEON,GAZOLE,1968,1576,0.027,0.010999999999999996,0.032,0.043,60040,0.027,0.2749999999999999,0.30199999999999994
B.M.W.,SERIE_X,X5,ELEC+GAZOLE_HR,2993,2200,0.096,0.012999999999999998,0.025,0.038,84217,0.096,0.32499999999999996,0.42099999999999993
B.M.W.,SERIE_4,420,ELEC+GAZOLE_HR,1995,1670,0.087,0.027999999999999997,0.017,0.045,58050,0.087,0.7,0.7869999999999999
MERCEDES,CLASSE_E,E_200,GAZOLE,1950,1725,0.022,0.006000000000000002,0.029,0.035,72300,0.022,0.15000000000000005,0.17200000000000004
PORSCHE,MACAN_GTS,MACAN,ESSENCE,2894,1960,0.38,0.014,0.015,,93699,0.38,0.35000000000000003,0.73
PEUGEOT,308,308,GAZOLE,1499,1382,0.08,0.003999999999999997,0.056,0.06,33033,0.08,0.09999999999999992,0.17999999999999994
MINI,MINI,COUNTRYMAN,ESSENCE,1499,1430,0.253,0.02,0.017,,40000,0.253,0.5,0.753
PEUGEOT,508,508,ELEC+ESSENC_HR,1598,1875,0.476,0.011,0.019,,69850,0.476,0.27499999999999997,0.7509999999999999
B.M.W.,SERIE_X,X5,ELEC+GAZOLE_HR,2993,2200,0.096,0.012999999999999998,0.025,0.038,84217,0.096,0.32499999999999996,0.42099999999999993
NISSAN,QASHQAI,QASHQAI,ESS+ELEC_HNR,1497,1610,0.187,0.013,0.004,,41320,0.187,0.325,0.512
B.M.W.,SERIE_4,440,ELEC+GAZOLE_HR,2993,1830,0.113,0.015,0.032,0.047,71750,0.113,0.375,0.488
FORD,FIESTA,FIESTA,SUPERETHANOL,999,1114,0.393,0.037,0.011,,23090,0.393,0.9249999999999999,1.318
PORSCHE,718_CAYMAN_GT4,CAYMAN,ESSENCE,3995,1450,0.118,0.021,0.011,,106117,0.118,0.525,0.643
SKODA,KAMIQ,KAMIQ,ESSENCE,999,1152,0.23,0.026,0.034,,24607,0.23,0.65,0.88
SKODA,KAROQ,KAROQ,ESSENCE,1498,1335,0.115,0.013,0.018,,33965,0.115,0.325,0.44
MERCEDES,CLASSE_GLC,GLC_220,GAZOLE,1950,1770,0.036,0.008,0.034,0.042,69575,0.036,0.2,0.23600000000000002
ALFA_ROMEO,GIULIA,GIULIA,ESSENCE,1995,1445,0.608,0.055,0.028,,48900,0.608,1.375,1.983
SKODA,KODIAQ,KODIAQ,GAZOLE,1968,1804,0.021,0.009000000000000001,0.036,0.045,53727,0.021,0.22500000000000003,0.24600000000000002
KIA,PROCEED,PROCEED,ESSENCE,1482,1350,0.187,0.025,0.042,,33733,0.187,0.625,0.812
VOLKSWAGEN,TIGUAN,TIGUAN,ESSENCE,1498,1429,0.233,0.033,0.025,,39135,0.233,0.8250000000000001,1.058
FIAT,500X,500X,ESSENCE,999,1320,0.423,0.023,0.016,,27832,0.423,0.575,0.998
VOLKSWAGEN,CADDY,CADDY,ESSENCE,1498,1511,0.212,0.028,0.029,,36003,0.212,0.7000000000000001,0.912
B.M.W.,SERIE_2,218,ESSENCE,1499,1375,0.273,0.023,0.015,,40663,0.273,0.575,0.848
FORD,PUMA,PUMA,ESSENCE,1496,1283,0.416,0.015,0.007,,36150,0.416,0.375,0.7909999999999999
SKODA,KAMIQ,KAMIQ,ESSENCE,1498,1214,0.144,0.022,0.022,,31270,0.144,0.5499999999999999,0.694
ALFA_ROMEO,STELVIO,STELVIO,ESSENCE,1995,1660,0.942,0.055,0.04,,68817,0.942,1.375,2.317
MINI,MINI,MINI,ESSENCE,1998,1245,0.224,0.016,0.011,,40400,0.224,0.4,0.624
PORSCHE,911_TARGA_4S,911,ESSENCE,2981,1675,0.13,0.014,0.013,,153576,0.13,0.35000000000000003,0.48000000000000004
DACIA,JOGGER,JOGGER,ESSENCE,999,1176,0.234,0.024,0.023,,19350,0.234,0.6,0.834
B.M.W.,SERIE_X,X5,ELEC+ESSENC_HR,2998,2435,0.148,0.016,0.009,,91300,0.148,0.4,0.548
MERCEDES,CLASSE_V,V_250,GAZOLE,1950,2067,0.116,0.015,0.022,0.037,74793,0.116,0.375,0.491
CITROEN,JUMPY_SPACE_TOURER,SPACE_TOURER,GAZOLE,1997,1748,0.028,0.004,0.023,0.027,35750,0.028,0.1,0.128
RENAULT,SCENIC,SCENIC,ESSENCE,1332,1490,0.261,0.011,0.018,,34800,0.261,0.27499999999999997,0.536
MERCEDES,CLASSE_C,C_220,ELEC+GAZOLE_HR,1993,1765,0.055,0.008,0.006,0.014,58783,0.055,0.2,0.255
VOLKSWAGEN,CADDY,CADDY,GAZOLE,1968,1620,0.025,0.019000000000000003,0.047,0.066,35100,0.025,0.4750000000000001,0.5000000000000001
MERCEDES,CLASSE_GLE,GLE_350,ELEC+GAZOLE_HR,1950,2580,0.031,0.0040000000000000036,0.046,0.05,95650,0.031,0.10000000000000009,0.1310000000000001
B.M.W.,SERIE_X,X6,ELEC+GAZOLE_HR,2993,2185,0.141,0.018000000000000002,0.045,0.063,83550,0.141,0.45000000000000007,0.5910000000000001
VOLKSWAGEN,CADDY,CADDY,GAZOLE,1968,1568,0.023,0.020999999999999998,0.038,0.059,39443,0.023,0.5249999999999999,0.5479999999999999
JEEP,COMPASS,COMPASS,ESS+ELEC_HNR,1469,1500,0.28,0.041,0.013,,40533,0.28,1.0250000000000001,1.3050000000000002
LAND_ROVER,RANGE_ROVER_VELAR,RANGE_ROVER_VELAR,ELEC+GAZOLE_HR,1998,1974,0.102,0.018,0.024,0.042,77700,0.102,0.44999999999999996,0.5519999999999999
MERCEDES,CLASSE_V,V_300,GAZOLE,1950,2170,0.211,0.018,0.027,0.045,81025,0.211,0.44999999999999996,0.6609999999999999
VOLKSWAGEN,POLO,POLO,ESSENCE,999,1124,0.18,0.023,0.039,,25223,0.18,0.575,0.7549999999999999
MERCEDES,CLASSE_GLC,GLC_300,ELEC+ESSENC_HR,1991,1965,0.234,0.013,0.009,,75925,0.234,0.325,0.559
SKODA,KODIAQ,KODIAQ,GAZOLE,1968,1748,0.026,0.009999999999999998,0.029,0.039,33820,0.026,0.24999999999999997,0.27599999999999997
FORD,TOURNEO,TOURNEO_CONNECT,GAZOLE,1499,1635,0.045,0.005,0.03,0.034,28093,0.045,0.125,0.16999999999999998
ALFA_ROMEO,STELVIO,STELVIO,GAZOLE,2143,1745,0.04,0.0040000000000000036,0.044,0.048,56350,0.04,0.10000000000000009,0.1400000000000001
B.M.W.,SERIE_X,X2,ESSENCE,1998,1615,0.12,0.009,0.019,,58700,0.12,0.22499999999999998,0.345
JEEP,RENEGADE,RENEGADE,GAZOLE,1598,1430,0.05,0.022000000000000006,0.059,0.081,32400,0.05,0.5500000000000002,0.6000000000000002
MINI,MINI,COUNTRYMAN,ESSENCE,1499,1430,0.253,0.02,0.017,,40000,0.253,0.5,0.753
CITROEN,JUMPY_SPACE_TOURER,SPACE_TOURER,GAZOLE,1499,1659,0.072,0.0049999999999999975,0.05,0.055,33350,0.072,0.12499999999999994,0.19699999999999995
MINI,MINI,MINI,ESSENCE,1998,1280,0.188,0.016,0.009,,37750,0.188,0.4,0.5880000000000001
VOLKSWAGEN,PASSAT,PASSAT,ELEC+ESSENC_HR,1395,1678,0.178,0.013,0.012,,52985,0.178,0.325,0.503
RENAULT,CLIO,CLIO,ESSENCE,999,1115,0.258,0.032,0.028,,22850,0.258,0.8,1.058
FERRARI,ROMA,ROMA,ESSENCE,3855,1580,0.196,0.025,0.019,,198205,0.196,0.625,0.821
MERCEDES,CLASSE_C,C_220,ELEC+GAZOLE_HR,1993,1655,0.063,0.007,0.007,0.014,54883,0.063,0.17500000000000002,0.23800000000000002
VOLKSWAGEN,GOLF,GOLF,GAZOLE,1968,1303,0.03,0.009000000000000001,0.041,0.05,32357,0.03,0.22500000000000003,0.255
MINI,MINI,COUNTRYMAN,ESSENCE,1998,1465,0.17,0.022,0.017,,40388,0.17,0.5499999999999999,0.72
MINI,MINI,MINI,ESSENCE,1499,1150,0.288,0.018,0.012,,28857,0.288,0.44999999999999996,0.738
VOLKSWAGEN,TIGUAN,TIGUAN,GAZOLE,1968,1625,0.019,0.009000000000000001,0.033,0.042,57595,0.019,0.22500000000000003,0.24400000000000002
B.M.W.,SERIE_X,X5,ELEC+GAZOLE_HR,2993,2190,0.145,0.018000000000000002,0.045,0.063,79017,0.145,0.45000000000000007,0.5950000000000001
B.M.W.,SERIE_X,X3,ESS+ELEC_HNR,2998,1910,0.109,0.015,0.013,,79000,0.109,0.375,0.484
HYUNDAI,I_20,I_20,ESSENCE,1197,1013,0.342,0.029,0.017,,17900,0.342,0.7250000000000001,1.0670000000000002
PEUGEOT,308,308,ESSENCE,1199,1288,0.302,0.022,0.041,,33280,0.302,0.5499999999999999,0.8519999999999999
B.M.W.,SERIE_X,X1,GAZOLE,1995,1575,0.03,0.006000000000000002,0.028,0.034,44763,0.03,0.15000000000000005,0.18000000000000005
RENAULT,CAPTUR,CAPTUR,ESS+ELEC_HNR,1332,1326,0.473,0.012,0.028,,27325,0.473,0.3,0.7729999999999999
FORD,ECOSPORT,ECOSPORT,ESSENCE,998,1284,0.271,0.02,0.016,,25900,0.271,0.5,0.771
MERCEDES,CLASSE_V,V_300,GAZOLE,1950,2120,0.211,0.018,0.027,0.045,81025,0.211,0.44999999999999996,0.6609999999999999
LAND_ROVER,DISCOVERY_SPORT,DISCOVERY_SPORT,ELEC+ESSENC_HR,1498,2154,0.302,0.02,0.012,,65271,0.302,0.5,0.802
MERCEDES,CLASSE_A,A_250,ELEC+ESSENC_HR,1332,1600,0.078,0.016,0.013,,47875,0.078,0.4,0.47800000000000004
RENAULT,MEGANE,MEGANE,ESSENCE,1332,1214,0.183,0.013,0.01,,29775,0.183,0.325,0.508
HYUNDAI,I_20,I_20,ESS+ELEC_HNR,998,1090,0.366,0.026,0.019,,21975,0.366,0.65,1.016
MINI,MINI,MINI,ESSENCE,1998,1280,0.188,0.016,0.009,,37750,0.188,0.4,0.5880000000000001
HYUNDAI,KONA,KONA,ESS+ELEC_HNR,998,1265,0.223,0.025,0.022,,26450,0.223,0.625,0.848
PEUGEOT,2008,2008,GAZOLE,1499,1270,0.05,0.0050000000000000044,0.053,0.058,33203,0.05,0.1250000000000001,0.1750000000000001
FORD,TOURNEO_CONNECT,TOURNEO_CONNECT,GAZOLE,1968,1535,0.023,0.020999999999999998,0.041,0.062,31427,0.023,0.5249999999999999,0.5479999999999999
VOLKSWAGEN,TIGUAN,TIGUAN,ESSENCE,1498,1461,0.234,0.024,0.024,,45809,0.234,0.6,0.834
FORD,FIESTA,FIESTA,ESS+ELEC_HNR,999,1136,0.309,0.034,0.014,,24190,0.309,0.8500000000000001,1.159
MINI,MINI,CLUBMAN,ESSENCE,1499,1360,0.227,0.023,0.014,,39300,0.227,0.575,0.8019999999999999
B.M.W.,SERIE_1,120,ESSENCE,1998,1390,0.156,0.017,0.011,,41488,0.156,0.42500000000000004,0.5810000000000001
FORD,ECOSPORT,ECOSPORT,ESSENCE,998,1284,0.271,0.02,0.016,,25900,0.271,0.5,0.771
VOLVO,XC40,XC40,ESS+ELEC_HNR,1969,1613,0.248,0.015,0.014,,45763,0.248,0.375,0.623
B.M.W.,SERIE_X,X2,GAZOLE,1995,1510,0.192,0.061000000000000006,0.024,0.085,43367,0.192,1.5250000000000001,1.717
FIAT,500X,500X,GAZOLE,1598,1430,0.037,0.013999999999999999,0.077,0.091,33404,0.037,0.35,0.38699999999999996
B.M.W.,SERIE_4,420,ELEC+GAZOLE_HR,1995,1775,0.089,0.022000000000000002,0.018,0.04,62650,0.089,0.55,0.639
B.M.W.,SERIE_X,X3,ELEC+GAZOLE_HR,2993,2005,0.122,0.013999999999999999,0.038,0.052,78000,0.122,0.35,0.472
B.M.W.,SERIE_2,216,GAZOLE,1496,1430,0.037,0.02,0.019,0.039,41313,0.037,0.5,0.537
SKODA,OCTAVIA,OCTAVIA,ESS+ELEC_HNR,1498,1308,0.135,0.021,0.019,,35430,0.135,0.525,0.66
B.M.W.,X4_M,X4,ESSENCE,2993,2010,0.152,0.009,0.013,,111350,0.152,0.22499999999999998,0.377
VOLKSWAGEN,GOLF,GOLF,ESS+ELEC_HNR,1498,1290,0.135,0.021,0.019,,32478,0.135,0.525,0.66
VOLKSWAGEN,TIGUAN,TIGUAN,GAZOLE,1968,1679,0.026,0.009000000000000001,0.03,0.039,52000,0.026,0.22500000000000003,0.25100000000000006
VOLKSWAGEN,TIGUAN,TIGUAN,GAZOLE,1968,1630,0.019,0.009000000000000001,0.033,0.042,57595,0.019,0.22500000000000003,0.24400000000000002
CITROEN,JUMPY_SPACE_TOURER,SPACE_TOURER,GAZOLE,1499,1659,0.072,0.0049999999999999975,0.05,0.055,33350,0.072,0.12499999999999994,0.19699999999999995
DACIA,DUSTER,DUSTER,GAZOLE,1461,1328,0.157,0.053000000000000005,0.029,0.082,21013,0.157,1.3250000000000002,1.4820000000000002
MERCEDES,CLASSE_E,E_200,ELEC+GAZOLE_HR,1993,1755,0.054,0.006999999999999999,0.006,0.013,58383,0.054,0.175,0.22899999999999998
SKODA,KODIAQ,KODIAQ,GAZOLE,1968,1634,0.026,0.009000000000000001,0.03,0.039,33820,0.026,0.22500000000000003,0.25100000000000006
B.M.W.,SERIE_X,X5,ELEC+ESSENC_HR,2998,2435,0.148,0.016,0.009,,91300,0.148,0.4,0.548
MERCEDES,AMG_GT,AMG_GT_53,ESS+ELEC_HNR,2999,1970,0.239,0.019,0.02,,123500,0.239,0.475,0.714
MERCEDES,CLASSE_C,C_200,ELEC+GAZOLE_HR,1993,1705,0.064,0.007,0.007,0.014,55683,0.064,0.17500000000000002,0.23900000000000002
B.M.W.,SERIE_X,X5,ELEC+GAZOLE_HR,2993,2190,0.141,0.018000000000000002,0.045,0.063,79017,0.141,0.45000000000000007,0.5910000000000001
MINI,MINI,CLUBMAN,ESSENCE,1499,1360,0.089,0.014,0.009,,32475,0.089,0.35000000000000003,0.43900000000000006
JAGUAR,XE,XE,ELEC+GAZOLE_HR,1998,1734,0.082,0.017,0.023,0.04,57807,0.082,0.42500000000000004,0.507
B.M.W.,SERIE_X,X2,ESSENCE,1499,1430,0.312,0.031,0.016,,42517,0.312,0.775,1.087
KIA,RIO,RIO,ESS+ELEC_HNR,998,1130,0.116,0.025,0.029,,22973,0.116,0.625,0.741
MERCEDES,CLASSE_C,C_220,ELEC+GAZOLE_HR,1993,1655,0.063,0.007,0.007,0.014,58383,0.063,0.17500000000000002,0.23800000000000002
RENAULT,AUSTRAL,AUSTRAL,ESS+ELEC_HNR,1332,1464,0.278,0.024,0.019,,38800,0.278,0.6,0.878
VOLKSWAGEN,CADDY,CADDY,ESSENCE,1498,1552,0.245,0.029,0.031,,32890,0.245,0.7250000000000001,0.9700000000000001
SKODA,FABIA,FABIA,ESSENCE,999,1119,0.191,0.025,0.037,,23997,0.191,0.625,0.8160000000000001
PORSCHE,PANAMERA_4_E_HYBRID,PANAMERA,ELEC+ESSENC_HR,2894,2225,0.314,0.021,0.005,,128315,0.314,0.525,0.839
B.M.W.,SERIE_4,420,ELEC+GAZOLE_HR,1995,1760,0.087,0.026,0.019,0.045,58783,0.087,0.65,0.737
B.M.W.,SERIE_4,420,ESSENCE,1998,1525,0.355,0.027,0.014,,53100,0.355,0.675,1.03
MERCEDES,CLASSE_C,C_200,ESS+ELEC_HNR,1496,1635,0.135,0.011,0.018,,56483,0.135,0.27499999999999997,0.41
MAZDA,MAZDA_3,3,ESS+ELEC_HNR,1998,1336,0.409,0.051,0.02,,29200,0.409,1.275,1.684
DACIA,JOGGER,JOGGER,ESS+G.P.L.,999,1252,0.438,0.049,0.021,,20100,0.438,1.225,1.663
DACIA,JOGGER,JOGGER,ESS+G.P.L.,999,1252,0.417,0.027,0.025,,20100,0.417,0.675,1.092
MINI,MINI,CLUBMAN,ESSENCE,1499,1335,0.217,0.021,0.015,,34014,0.217,0.525,0.742
PEUGEOT,208,208,ESSENCE,1199,1090,0.509,0.022,0.014,,24256,0.509,0.5499999999999999,1.059
CUPRA,FORMENTOR,FORMENTOR,ESSENCE,1984,1470,0.227,0.025,0.018,,45900,0.227,0.625,0.852
MERCEDES,CLASSE_S,S_400,GAZOLE,2925,1985,0.037,0.022,0.032,0.054,114725,0.037,0.5499999999999999,0.587
FORD,FIESTA,FIESTA,ESS+ELEC_HNR,999,1121,0.309,0.034,0.014,,21550,0.309,0.8500000000000001,1.159
B.M.W.,SERIE_2,218,ESSENCE,1499,1350,0.291,0.024,0.018,,38363,0.291,0.6,0.891
RENAULT,ESPACE,ESPACE,GAZOLE,1997,1848,0.014,0.008,0.021,0.029,57550,0.014,0.2,0.21400000000000002
DS,DS_9,9,ELEC+ESSENC_HR,1598,1864,0.224,0.013,0.009,,67950,0.224,0.325,0.549
B.M.W.,SERIE_X,X2,GAZOLE,1995,1605,0.071,0.036000000000000004,0.02,0.056,50717,0.071,0.9000000000000001,0.9710000000000001
VOLVO,V90,V90,ELEC+ESSENC_HR,1969,2000,0.283,0.007,0.006,,84167,0.283,0.17500000000000002,0.45799999999999996
JEEP,WRANGLER_UNLIMITED,WRANGLER,ELEC+ESSENC_HR,1995,2334,0.393,0.019,0.014,,80500,0.393,0.475,0.868
VOLKSWAGEN,TIGUAN,TIGUAN,GAZOLE,1968,1630,0.019,0.009000000000000001,0.033,0.042,57595,0.019,0.22500000000000003,0.24400000000000002
RENAULT,CAPTUR,CAPTUR,ELEC+ESSENC_HR,1598,1539,0.362,0.018,0.004,,38100,0.362,0.44999999999999996,0.8119999999999999
FORD,TOURNEO,TOURNEO_CONNECT,GAZOLE,1499,1607,0.04,0.005,0.022,0.027,29793,0.04,0.125,0.165
SKODA,KAROQ,KAROQ,ESSENCE,1498,1330,0.132,0.023,0.025,,37898,0.132,0.575,0.707
ALFA_ROMEO,STELVIO,STELVIO,GAZOLE,2143,1680,0.044,0.0049999999999999975,0.035,0.04,56350,0.044,0.12499999999999994,0.16899999999999993
B.M.W.,SERIE_X,X2,GAZOLE,1995,1605,0.071,0.036000000000000004,0.02,0.056,50717,0.071,0.9000000000000001,0.9710000000000001
B.M.W.,SERIE_1,116,GAZOLE,1496,1385,0.037,0.02,0.019,0.039,38560,0.037,0.5,0.537
RENAULT,ARKANA,ARKANA,ESS+ELEC_HNR,1332,1336,0.307,0.011,0.021,,33288,0.307,0.27499999999999997,0.582
SKODA,FABIA,FABIA,ESSENCE,1498,1169,0.172,0.021,0.019,,26420,0.172,0.525,0.6970000000000001
SKODA,KODIAQ,KODIAQ,GAZOLE,1968,1663,0.026,0.009000000000000001,0.03,0.039,33820,0.026,0.22500000000000003,0.25100000000000006
VOLVO,XC40,XC40,ELEC+ESSENC_HR,1477,1737,0.11,0.006,0.008,,54900,0.11,0.15,0.26
VOLVO,XC60,XC60,ELEC+ESSENC_HR,1969,2075,0.243,0.008,0.008,,76310,0.243,0.2,0.443
RENAULT,SCENIC,SCENIC,ESSENCE,1332,1450,0.261,0.011,0.018,,35900,0.261,0.27499999999999997,0.536
MERCEDES,CLASSE_GLE,GLE_350,ELEC+ESSENC_HR,1991,2530,0.207,0.021,0.015,,98800,0.207,0.525,0.732
VOLKSWAGEN,ARTEON,ARTEON,GAZOLE,1968,1658,0.021,0.011000000000000003,0.038,0.049,62440,0.021,0.2750000000000001,0.2960000000000001
SKODA,KODIAQ,KODIAQ,ESSENCE,1498,1596,0.243,0.025,0.02,,33820,0.243,0.625,0.868
RENAULT,KANGOO,KANGOO,GAZOLE,1461,1577,0.158,0.042,0.035,0.077,28050,0.158,1.05,1.208
B.M.W.,SERIE_X,X5,ELEC+ESSENC_HR,2998,2435,0.21,0.017,0.008,,91300,0.21,0.42500000000000004,0.635
B.M.W.,SERIE_1,116,ESSENCE,1499,1340,0.072,0.014,0.008,,36260,0.072,0.35000000000000003,0.42200000000000004
PEUGEOT,208,208,ESSENCE,1199,1090,0.314,0.025,0.031,,26013,0.314,0.625,0.9390000000000001
MINI,MINI,MINI,ESSENCE,1998,1225,0.188,0.016,0.009,,36800,0.188,0.4,0.5880000000000001
B.M.W.,SERIE_1,118,ESSENCE,1499,1320,0.273,0.023,0.015,,37510,0.273,0.575,0.848
PEUGEOT,508,508,ESSENCE,1199,1400,0.341,0.02,0.038,,42075,0.341,0.5,0.841
B.M.W.,SERIE_5,518,ELEC+GAZOLE_HR,1995,1670,0.093,0.026000000000000002,0.015,0.041,55013,0.093,0.65,0.743
JAGUAR,XF,XF,ELEC+GAZOLE_HR,1998,1833,0.082,0.017,0.023,0.04,69820,0.082,0.42500000000000004,0.507
RENAULT,KANGOO,KANGOO,GAZOLE,1461,1588,0.17,0.048,0.039,0.086,29800,0.17,1.2,1.3699999999999999
SEAT,LEON,LEON,ESS+ELEC_HNR,999,1260,0.103,0.019,0.035,,29158,0.103,0.475,0.578
B.M.W.,SERIE_4,420,ELEC+GAZOLE_HR,1995,1605,0.086,0.018000000000000002,0.017,0.035,55650,0.086,0.45000000000000007,0.536
RENAULT,MEGANE_E_TECH_PLUG_IN_HYBRID,MEGANE,ELEC+ESSENC_HR,1598,1603,0.397,0.019,0.003,,40725,0.397,0.475,0.872
B.M.W.,X4_M,X4,ESSENCE,2993,2010,0.152,0.009,0.013,,111350,0.152,0.22499999999999998,0.377
PEUGEOT,508,508,ESSENCE,1199,1400,0.341,0.02,0.038,,42075,0.341,0.5,0.841
B.M.W.,SERIE_4,420,ELEC+GAZOLE_HR,1995,1705,0.112,0.027999999999999997,0.017,0.045,56383,0.112,0.7,0.8119999999999999
B.M.W.,SERIE_2,220,ESSENCE,1998,1430,0.156,0.017,0.011,,44133,0.156,0.42500000000000004,0.5810000000000001
MERCEDES,CLASSE_GLE,GLE_300,ELEC+GAZOLE_HR,1993,2205,0.049,0.007999999999999998,0.01,0.018,86350,0.049,0.19999999999999996,0.24899999999999994
SKODA,SCALA,SCALA,ESSENCE,999,1136,0.206,0.025,0.037,,23495,0.206,0.625,0.831
MERCEDES,CLASSE_GLE,GLE_350,ELEC+ESSENC_HR,1991,2530,0.382,0.025,0.015,,106050,0.382,0.625,1.0070000000000001
PEUGEOT,2008,2008,GAZOLE,1499,1270,0.05,0.0050000000000000044,0.053,0.058,33203,0.05,0.1250000000000001,0.1750000000000001
KIA,SORENTO,SORENTO,ESS+ELEC_HNR,1598,1741,0.118,0.012,0.008,,50520,0.118,0.3,0.418
FIAT,500X,500X,ESSENCE,999,1320,0.423,0.023,0.016,,24990,0.423,0.575,0.998
FORD,FIESTA,FIESTA,SUPERETHANOL,999,1114,0.393,0.037,0.011,,23090,0.393,0.9249999999999999,1.318
SKODA,OCTAVIA,OCTAVIA,GAZOLE,1968,1412,0.026,0.008999999999999998,0.028,0.037,36598,0.026,0.22499999999999995,0.25099999999999995
SKODA,KAROQ,KAROQ,GAZOLE,1968,1417,0.025,0.023,0.036,0.059,39098,0.025,0.575,0.6
MERCEDES,CLASSE_E,E_53_AMG,ESS+ELEC_HNR,2999,1980,0.193,0.024,0.02,,90508,0.193,0.6,0.7929999999999999
MERCEDES,CLASSE_T,CLASSE_T,GAZOLE,1461,1603,0.147,0.053,0.031,0.084,34332,0.147,1.325,1.472
DACIA,JOGGER,JOGGER,ESS+G.P.L.,999,1223,0.438,0.049,0.021,,19148,0.438,1.225,1.663
DACIA,JOGGER,JOGGER,ESS+G.P.L.,999,1223,0.417,0.027,0.025,,19148,0.417,0.675,1.092
MINI,MINI,MINI,ESSENCE,1499,1150,0.288,0.018,0.012,,28857,0.288,0.44999999999999996,0.738
MINI,MINI,CABRIO,ESSENCE,1499,1285,0.2,0.019,0.01,,36733,0.2,0.475,0.675
M.G.,MG_ZS,ZS,ESSENCE,1498,1215,0.218,0.028,0.019,,17990,0.218,0.7000000000000001,0.918
SKODA,KODIAQ,KODIAQ,GAZOLE,1968,1707,0.026,0.009999999999999998,0.029,0.039,33820,0.026,0.24999999999999997,0.27599999999999997
RENAULT,KADJAR,KADJAR,GAZOLE,1461,1466,0.116,0.042,0.037,0.075,32240,0.116,1.05,1.1660000000000001
B.M.W.,SERIE_X,X5,ELEC+GAZOLE_HR,2993,2190,0.141,0.018000000000000002,0.045,0.063,79017,0.141,0.45000000000000007,0.5910000000000001
RENAULT,CAPTUR,CAPTUR,ESSENCE,999,1221,0.244,0.047,0.047,,24867,0.244,1.175,1.419
VOLVO,XC90,XC90,ELEC+GAZOLE_HR,1969,2095,0.254,0.027999999999999997,0.043,0.071,91530,0.254,0.7,0.954
B.M.W.,SERIE_1,120,GAZOLE,1995,1515,0.071,0.037000000000000005,0.021,0.058,46988,0.071,0.9250000000000002,0.9960000000000001
B.M.W.,SERIE_2,220,ESSENCE,1998,1430,0.156,0.017,0.011,,44133,0.156,0.42500000000000004,0.5810000000000001
MERCEDES,CLASSE_A,A_200,ESSENCE,1332,1315,0.12,0.024,0.025,,36500,0.12,0.6,0.72
SEAT,ATECA,ATECA,ESSENCE,1498,1343,0.126,0.014,0.01,,36991,0.126,0.35000000000000003,0.47600000000000003
B.M.W.,SERIE_2,218,GAZOLE,1995,1545,0.05,0.005999999999999998,0.041,0.047,38888,0.05,0.14999999999999997,0.19999999999999996
B.M.W.,SERIE_8,840,ELEC+GAZOLE_HR,2993,1995,0.102,0.020999999999999998,0.031,0.052,81610,0.102,0.5249999999999999,0.6269999999999999
MERCEDES,CLASSE_V,V_300,GAZOLE,1950,2092,0.116,0.015,0.022,0.037,91580,0.116,0.375,0.491
MINI,MINI,CLUBMAN,ESSENCE,1998,1500,0.156,0.017,0.012,,42029,0.156,0.42500000000000004,0.5810000000000001
CITROEN,C3,C3,ESSENCE,1199,980,0.541,0.033,0.014,,19013,0.541,0.8250000000000001,1.366
B.M.W.,SERIE_1,118,ESSENCE,1499,1320,0.273,0.023,0.015,,37510,0.273,0.575,0.848
HONDA,CR_V,CR_V,ESS+ELEC_HNR,1993,1610,0.088,0.007,0.009,,42907,0.088,0.17500000000000002,0.263
ALFA_ROMEO,GIULIA,GIULIA,GAZOLE,2143,1465,0.048,0.0029999999999999957,0.041,0.044,46350,0.048,0.0749999999999999,0.1229999999999999
FIAT,500_ABARTH,500,ESSENCE,1368,1075,0.576,0.024,0.018,,23990,0.576,0.6,1.176
B.M.W.,SERIE_1,118,ESSENCE,1499,1320,0.273,0.023,0.015,,37510,0.273,0.575,0.848
MERCEDES,CLASSE_V,V_250,GAZOLE,1950,2145,0.211,0.018,0.027,0.045,74793,0.211,0.44999999999999996,0.6609999999999999
SKODA,KODIAQ,KODIAQ,ESSENCE,1498,1566,0.243,0.025,0.02,,33820,0.243,0.625,0.868
VOLKSWAGEN,CADDY,CADDY,ESSENCE,1498,1467,0.245,0.029,0.031,,31090,0.245,0.7250000000000001,0.9700000000000001
VOLVO,XC40,XC40,ELEC+ESSENC_HR,1477,1737,0.081,0.006,0.011,,38010,0.081,0.15,0.23099999999999998
VOLKSWAGEN,PASSAT,PASSAT,ELEC+ESSENC_HR,1395,1678,0.161,0.016,0.012,,54595,0.161,0.4,0.561
RENAULT,KANGOO,KANGOO,ESSENCE,1332,1475,0.291,0.012,0.011,,28900,0.291,0.3,0.591
OPEL,CROSSLAND,CROSSLAND_X,GAZOLE,1499,1275,0.055,0.002999999999999999,0.025,0.028,30538,0.055,0.07499999999999998,0.12999999999999998
B.M.W.,SERIE_1,120,ESSENCE,1998,1390,0.156,0.017,0.011,,41488,0.156,0.42500000000000004,0.5810000000000001
MERCEDES,CLASSE_GLC,GLC_300,ELEC+ESSENC_HR,1991,1965,0.234,0.013,0.009,,75925,0.234,0.325,0.559
B.M.W.,SERIE_X,X5,ELEC+ESSENC_HR,2998,2435,0.148,0.016,0.009,,91300,0.148,0.4,0.548
SEAT,ATECA,ATECA,GAZOLE,1968,1426,0.033,0.009,0.032,0.04,37276,0.033,0.22499999999999998,0.258
RENAULT,ARKANA_E_TECH,ARKANA,ESS+ELEC_HNR,1598,1435,0.38,0.018,0.006,,35656,0.38,0.44999999999999996,0.83
MERCEDES,CLASSE_GLE,GLE_350,ELEC+ESSENC_HR,1991,2530,0.207,0.021,0.015,,106050,0.207,0.525,0.732
RENAULT,KANGOO,KANGOO,ESSENCE,1332,1519,0.234,0.012,0.022,,31000,0.234,0.3,0.534
OPEL,MOKKA,MOKKA,ESSENCE,1199,1195,0.63,0.023,0.031,,26583,0.63,0.575,1.205
MERCEDES,CLASSE_GLE,GLE_350,ELEC+ESSENC_HR,1991,2530,0.382,0.025,0.015,,106050,0.382,0.625,1.0070000000000001
DACIA,DUSTER,DUSTER,GAZOLE,1461,1354,0.146,0.049,0.019,0.068,21013,0.146,1.225,1.371
B.M.W.,SERIE_1,120,GAZOLE,1995,1515,0.071,0.037000000000000005,0.021,0.058,44270,0.071,0.9250000000000002,0.9960000000000001
B.M.W.,SERIE_1,118,GAZOLE,1995,1405,0.185,0.052,0.023,0.075,38110,0.185,1.3,1.485
B.M.W.,SERIE_4,420,ESSENCE,1998,1620,0.255,0.022,0.014,,53833,0.255,0.5499999999999999,0.8049999999999999
SKODA,KODIAQ,KODIAQ,ESSENCE,1498,1567,0.243,0.025,0.02,,33820,0.243,0.625,0.868
PEUGEOT,RIFTER,RIFTER,GAZOLE,1499,1540,0.053,0.003999999999999997,0.049,0.053,31433,0.053,0.09999999999999992,0.1529999999999999
JAGUAR,XF,XF,ELEC+GAZOLE_HR,1998,1774,0.071,0.015,0.017,0.031,67245,0.071,0.375,0.446
VOLKSWAGEN,KOMBI,KOMBI,GAZOLE,1968,2028,0.021,0.012999999999999998,0.033,0.046,60740,0.021,0.32499999999999996,0.346
VOLKSWAGEN,CADDY,CADDY,ESSENCE,1498,1467,0.245,0.029,0.031,,31090,0.245,0.7250000000000001,0.9700000000000001
SKODA,FABIA,FABIA,ESSENCE,999,1076,0.193,0.021,0.042,,22347,0.193,0.525,0.718
B.M.W.,SERIE_X,X2,GAZOLE,1995,1605,0.071,0.035,0.021,0.056,47717,0.071,0.8750000000000001,0.9460000000000001
B.M.W.,SERIE_1,118,ESSENCE,1499,1320,0.273,0.023,0.015,,37510,0.273,0.575,0.848
PEUGEOT,RIFTER,RIFTER,GAZOLE,1499,1540,0.053,0.003999999999999997,0.049,0.053,31433,0.053,0.09999999999999992,0.1529999999999999
B.M.W.,SERIE_4,440,ESS+ELEC_HNR,2998,1890,0.059,0.013,0.01,,77150,0.059,0.325,0.384
LAND_ROVER,RANGE_ROVER_VELAR,RANGE_ROVER_VELAR,ELEC+ESSENC_HR,1997,2199,0.601,0.025,0.02,,72850,0.601,0.625,1.226
VOLKSWAGEN,CADDY,CADDY,GAZOLE,1968,1722,0.024,0.012000000000000004,0.051,0.063,41833,0.024,0.3000000000000001,0.3240000000000001
RENAULT,CLIO,CLIO,ESS+ELEC_HNR,1598,1266,0.445,0.022,0.002,,25133,0.445,0.5499999999999999,0.9949999999999999
B.M.W.,SERIE_5,518,ELEC+GAZOLE_HR,1995,1755,0.095,0.029,0.021,0.05,57613,0.095,0.7250000000000001,0.8200000000000001
PEUGEOT,2008,2008,GAZOLE,1499,1270,0.05,0.0050000000000000044,0.053,0.058,33203,0.05,0.1250000000000001,0.1750000000000001
JEEP,RENEGADE,RENEGADE,ESSENCE,999,1320,0.465,0.026,0.016,,28600,0.465,0.65,1.115
HYUNDAI,SANTA_FE,SANTA_FE,ESS+ELEC_HNR,1598,1780,0.125,0.013,0.01,,49683,0.125,0.325,0.45
TOYOTA,YARIS,YARIS,ESSENCE,998,960,0.306,0.034,0.025,,19483,0.306,0.8500000000000001,1.1560000000000001
SKODA,OCTAVIA,OCTAVIA,GAZOLE,1968,1391,0.026,0.008999999999999998,0.028,0.037,36598,0.026,0.22499999999999995,0.25099999999999995
MERCEDES,CLASSE_GLE,GLE_350,ELEC+GAZOLE_HR,1950,2580,0.031,0.0040000000000000036,0.046,0.05,95650,0.031,0.10000000000000009,0.1310000000000001
FORD,FIESTA,FIESTA,SUPERETHANOL,999,1114,0.393,0.037,0.011,,23090,0.393,0.9249999999999999,1.318
VOLKSWAGEN,KOMBI,KOMBI,GAZOLE,1968,1824,0.026,0.017999999999999995,0.042,0.06,42000,0.026,0.4499999999999999,0.4759999999999999
RENAULT,ARKANA,ARKANA,ESS+ELEC_HNR,1332,1336,0.307,0.011,0.021,,33288,0.307,0.27499999999999997,0.582
OPEL,CROSSLAND,CROSSLAND_X,GAZOLE,1499,1275,0.055,0.002999999999999999,0.025,0.028,30538,0.055,0.07499999999999998,0.12999999999999998
RENAULT,KANGOO,KANGOO,GAZOLE,1461,1577,0.158,0.042,0.035,0.077,28050,0.158,1.05,1.208
VOLVO,XC40,XC40,ELEC+ESSENC_HR,1477,1737,0.081,0.006,0.011,,56400,0.081,0.15,0.23099999999999998
RENAULT,CAPTUR,CAPTUR,ESS+ELEC_HNR,1332,1298,0.473,0.012,0.028,,27325,0.473,0.3,0.7729999999999999
RENAULT,MEGANE,MEGANE,ESSENCE,999,1197,0.303,0.021,0.022,,25767,0.303,0.525,0.8280000000000001
PEUGEOT,RIFTER,RIFTER,GAZOLE,1499,1430,0.053,0.003999999999999997,0.049,0.053,30575,0.053,0.09999999999999992,0.1529999999999999
PEUGEOT,5008,5008,GAZOLE,1997,1607,0.101,0.011000000000000003,0.03,0.041,47840,0.101,0.2750000000000001,0.3760000000000001
VOLVO,XC40,XC40,ESS+ELEC_HNR,1969,1660,0.348,0.014,0.012,,56350,0.348,0.35000000000000003,0.698
PEUGEOT,2008,2008,GAZOLE,1499,1270,0.067,0.0059999999999999915,0.07,0.076,33203,0.067,0.1499999999999998,0.2169999999999998
B.M.W.,SERIE_1,118,ESSENCE,1499,1320,0.273,0.023,0.015,,37510,0.273,0.575,0.848
VOLVO,XC60,XC60,ELEC+GAZOLE_HR,1969,1892,0.241,0.026000000000000002,0.042,0.068,76530,0.241,0.65,0.891
B.M.W.,SERIE_4,420,ELEC+GAZOLE_HR,1995,1605,0.086,0.018000000000000002,0.017,0.035,55650,0.086,0.45000000000000007,0.536
FIAT,PANDA,PANDA,ESS+ELEC_HNR,999,1002,0.281,0.031,0.048,,12990,0.281,0.775,1.056
B.M.W.,SERIE_4,420,ESSENCE,1998,1525,0.355,0.027,0.014,,53100,0.355,0.675,1.03
LEXUS,UX250H,UX,ESS+ELEC_HNR,1987,1540,0.191,0.02,0.005,,46263,0.191,0.5,0.6910000000000001
DS,DS_4,4,ESSENCE,1598,1420,0.519,0.021,0.034,,42233,0.519,0.525,1.044
RENAULT,TRAFIC,TRAFIC,GAZOLE,1997,2006,0.017,0.006999999999999999,0.033,0.04,45500,0.017,0.175,0.192
MERCEDES,CLASSE_C,C_220,ELEC+GAZOLE_HR,1993,1715,0.066,0.007,0.007,0.014,59883,0.066,0.17500000000000002,0.24100000000000002
MERCEDES,VITO_TOURER,VITO,GAZOLE,1950,1957,0.019,0.006999999999999999,0.019,0.026,46907,0.019,0.175,0.19399999999999998
SKODA,FABIA,FABIA,ESSENCE,999,1119,0.191,0.025,0.037,,23997,0.191,0.625,0.8160000000000001
HYUNDAI,I_20,I_20,ESSENCE,1197,1013,0.342,0.029,0.017,,17900,0.342,0.7250000000000001,1.0670000000000002
B.M.W.,M4,M4,ESSENCE,2993,1725,0.206,0.013,0.017,,104550,0.206,0.325,0.531
MERCEDES,CLASSE_C,C_200,ELEC+GAZOLE_HR,1993,1705,0.064,0.007,0.007,0.014,55683,0.064,0.17500000000000002,0.23900000000000002
MINI,MINI,CABRIO,ESSENCE,1998,1305,0.252,0.016,0.013,,37567,0.252,0.4,0.652
VOLVO,V60,V60,ESS+ELEC_HNR,1969,1659,0.201,0.014,0.012,,53783,0.201,0.35000000000000003,0.551
MINI,MINI,MINI,ESSENCE,1499,1175,0.2,0.019,0.01,,33300,0.2,0.475,0.675
SKODA,KAROQ,KAROQ,ESSENCE,1498,1342,0.132,0.023,0.025,,37898,0.132,0.575,0.707
LAND_ROVER,RANGE_ROVER_EVOQUE,RANGE_ROVER_EVOQUE,ELEC+GAZOLE_HR,1998,1917,0.121,0.016999999999999994,0.035,0.052,39750,0.121,0.4249999999999999,0.5459999999999998
TOYOTA,CAMRY,CAMRY,ESS+ELEC_HNR,2487,1595,0.182,0.014,0.002,,45365,0.182,0.35000000000000003,0.532
B.M.W.,SERIE_X,X1,ELEC+GAZOLE_HR,1995,1690,0.037,0.005999999999999998,0.03,0.036,49617,0.037,0.14999999999999997,0.18699999999999997
ALPINE,A110,A110,ESSENCE,1798,1099,0.229,0.011,0.011,,60500,0.229,0.27499999999999997,0.504
PEUGEOT,RIFTER,RIFTER,ESSENCE,1199,1502,0.588,0.024,0.035,,31425,0.588,0.6,1.188
JAGUAR,XE,XE,ELEC+GAZOLE_HR,1998,1679,0.071,0.015,0.017,0.031,57673,0.071,0.375,0.446
MERCEDES,CLASSE_GLE,GLE_300,ELEC+GAZOLE_HR,1993,2205,0.049,0.007999999999999998,0.01,0.018,86350,0.049,0.19999999999999996,0.24899999999999994
FORD,PUMA,PUMA,ESSENCE,1496,1283,0.659,0.02,0.005,,36400,0.659,0.5,1.159
VOLKSWAGEN,ARTEON,ARTEON,GAZOLE,1968,1576,0.027,0.012000000000000004,0.03,0.042,60040,0.027,0.3000000000000001,0.3270000000000001
RENAULT,MEGANE_E_TECH_PLUG_IN_HYBRID,MEGANE,ELEC+ESSENC_HR,1598,1603,0.397,0.019,0.003,,40725,0.397,0.475,0.872
B.M.W.,SERIE_1,118,ESSENCE,1499,1320,0.273,0.023,0.015,,37510,0.273,0.575,0.848
RENAULT,ESPACE,ESPACE,GAZOLE,1997,1848,0.014,0.008,0.021,0.029,57550,0.014,0.2,0.21400000000000002
KIA,CEED,CEED,ELEC+GAZOLE_HR,1598,1407,0.108,0.038,0.009,0.047,34316,0.108,0.95,1.058
PEUGEOT,2008,2008,GAZOLE,1499,1270,0.05,0.0050000000000000044,0.053,0.058,33203,0.05,0.1250000000000001,0.1750000000000001
LAND_ROVER,RANGE_ROVER_VELAR,RANGE_ROVER_VELAR,ELEC+ESSENC_HR,1997,2199,0.601,0.025,0.02,,72850,0.601,0.625,1.226
MERCEDES,CLASSE_GLC,GLC_220,GAZOLE,1950,1770,0.036,0.008,0.034,0.042,69575,0.036,0.2,0.23600000000000002
DACIA,DUSTER,DUSTER,ESS+G.P.L.,999,1297,0.632,0.053,0.015,,18685,0.632,1.325,1.9569999999999999
DACIA,DUSTER,DUSTER,ESS+G.P.L.,999,1297,0.388,0.018,0.026,,18685,0.388,0.44999999999999996,0.838
RENAULT,MEGANE,MEGANE,ESSENCE,1332,1242,0.246,0.012,0.02,,32750,0.246,0.3,0.546
PEUGEOT,RIFTER,RIFTER,ESSENCE,1199,1540,0.588,0.024,0.035,,32125,0.588,0.6,1.188
VOLVO,XC60,XC60,ELEC+GAZOLE_HR,1969,1837,0.246,0.027999999999999997,0.031,0.059,63730,0.246,0.7,0.946
LAND_ROVER,DISCOVERY_SPORT,DISCOVERY_SPORT,ELEC+ESSENC_HR,1498,2154,0.302,0.02,0.012,,65271,0.302,0.5,0.802
PEUGEOT,208,208,ESSENCE,1199,1158,0.209,0.02,0.026,,29353,0.209,0.5,0.709
B.M.W.,SERIE_1,118,GAZOLE,1995,1430,0.171,0.049,0.013,0.062,40410,0.171,1.225,1.3960000000000001
FIAT,500,500,ESS+ELEC_HNR,999,999,0.3,0.028,0.022,,19150,0.3,0.7000000000000001,1.0
MERCEDES,CLASSE_GLE,GLE_350,ELEC+GAZOLE_HR,1950,2615,0.031,0.0049999999999999975,0.038,0.043,106650,0.031,0.12499999999999994,0.15599999999999994
FORD,TOURNEO,TOURNEO_CONNECT,GAZOLE,1499,1722,0.045,0.005,0.03,0.034,29293,0.045,0.125,0.16999999999999998
VOLKSWAGEN,T_ROC,T_ROC,ESSENCE,1498,1283,0.126,0.014,0.01,,36985,0.126,0.35000000000000003,0.47600000000000003
ALFA_ROMEO,STELVIO,STELVIO,GAZOLE,2143,1680,0.044,0.0049999999999999975,0.035,0.04,52783,0.044,0.12499999999999994,0.16899999999999993
VOLKSWAGEN,T_ROC,T_ROC,ESSENCE,999,1421,0.158,0.018,0.031,,37205,0.158,0.44999999999999996,0.608
MINI,MINI,MINI,ESSENCE,1499,1175,0.2,0.019,0.01,,32367,0.2,0.475,0.675
JEEP,COMPASS,COMPASS,ESSENCE,1332,1430,0.114,0.016,0.009,,37560,0.114,0.4,0.514
FORD,FIESTA,FIESTA,SUPERETHANOL,999,1114,0.393,0.036,0.01,,23090,0.393,0.8999999999999999,1.293
B.M.W.,SERIE_2,218,GAZOLE,1995,1470,0.178,0.053000000000000005,0.013,0.066,43563,0.178,1.3250000000000002,1.5030000000000001
RENAULT,MEGANE,MEGANE,GAZOLE,1461,1400,0.151,0.046,0.026,0.072,34775,0.151,1.15,1.301
HYUNDAI,TUCSON,TUCSON,ESS+ELEC_HNR,1598,1564,0.129,0.011,0.028,,40610,0.129,0.27499999999999997,0.40399999999999997
B.M.W.,SERIE_4,430,ELEC+GAZOLE_HR,2993,1845,0.124,0.012999999999999998,0.042,0.055,62950,0.124,0.32499999999999996,0.44899999999999995
SEAT,ATECA,ATECA,GAZOLE,1968,1547,0.019,0.007,0.035,0.042,46575,0.019,0.17500000000000002,0.194
B.M.W.,SERIE_X,X2,ESSENCE,1499,1430,0.312,0.031,0.016,,42517,0.312,0.775,1.087
VOLKSWAGEN,PASSAT,PASSAT,GAZOLE,1968,1598,0.021,0.011000000000000003,0.038,0.049,58617,0.021,0.2750000000000001,0.2960000000000001
MERCEDES,CLASSE_C,C_200,ELEC+GAZOLE_HR,1993,1705,0.064,0.007,0.007,0.014,55683,0.064,0.17500000000000002,0.23900000000000002
KIA,STONIC,STONIC,ESS+ELEC_HNR,998,1150,0.079,0.016,0.025,,25270,0.079,0.4,0.47900000000000004
VOLVO,V60,V60,ELEC+ESSENC_HR,1969,1989,0.283,0.007,0.007,,76800,0.283,0.17500000000000002,0.45799999999999996
OPEL,INSIGNIA_SPORTS_TOURER,INSIGNIA,GAZOLE,1496,1519,0.053,0.018999999999999996,0.017,0.036,39250,0.053,0.4749999999999999,0.5279999999999999
VOLKSWAGEN,TIGUAN,TIGUAN,ESSENCE,1498,1466,0.234,0.024,0.024,,43962,0.234,0.6,0.834
B.M.W.,SERIE_4,420,ESSENCE,1998,1525,0.355,0.027,0.014,,53100,0.355,0.675,1.03
MINI,MINI,MINI,ESSENCE,1499,1180,0.084,0.012,0.006,,27150,0.084,0.3,0.384
MINI,MINI,MINI,ESSENCE,1499,1230,0.2,0.019,0.01,,33325,0.2,0.475,0.675
SKODA,OCTAVIA,OCTAVIA,ESSENCE,1498,1281,0.21,0.023,0.016,,31545,0.21,0.575,0.7849999999999999
MINI,MINI,CLUBMAN,ESSENCE,1998,1400,0.249,0.024,0.018,,37829,0.249,0.6,0.849
FIAT,500,500,ESSENCE,1368,1090,0.791,0.054,0.02,,24523,0.791,1.35,2.141
VOLVO,XC60,XC60,ELEC+GAZOLE_HR,1969,1837,0.246,0.027999999999999997,0.031,0.059,63730,0.246,0.7,0.946
RENAULT,MEGANE,MEGANE,GAZOLE,1461,1347,0.151,0.046,0.026,0.072,33775,0.151,1.15,1.301
VOLKSWAGEN,ARTEON,ARTEON,ESSENCE,1984,1698,0.314,0.029,0.023,,64770,0.314,0.7250000000000001,1.0390000000000001
B.M.W.,SERIE_X,X4,ELEC+GAZOLE_HR,1995,1840,0.165,0.044000000000000004,0.025,0.069,62150,0.165,1.1,1.2650000000000001
SEAT,ATECA,ATECA,ESSENCE,999,1284,0.216,0.022,0.035,,30622,0.216,0.5499999999999999,0.7659999999999999
SKODA,KODIAQ,KODIAQ,GAZOLE,1968,1734,0.021,0.010000000000000002,0.03,0.04,53727,0.021,0.25000000000000006,0.2710000000000001
VOLKSWAGEN,TIGUAN,TIGUAN,GAZOLE,1968,1556,0.026,0.009000000000000001,0.03,0.039,48739,0.026,0.22500000000000003,0.25100000000000006
PEUGEOT,2008,2008,GAZOLE,1499,1205,0.058,0.005999999999999998,0.046,0.052,28979,0.058,0.14999999999999997,0.20799999999999996
VOLKSWAGEN,TIGUAN,TIGUAN,GAZOLE,1968,1630,0.019,0.009000000000000001,0.033,0.042,57595,0.019,0.22500000000000003,0.24400000000000002
FORD,TRANSIT_CUSTOM,TRANSIT_CUSTOM,GAZOLE,1995,2093,0.044,0.006,0.02,0.026,52346,0.044,0.15,0.194
B.M.W.,SERIE_3,340,ELEC+GAZOLE_HR,2993,1870,0.102,0.013999999999999999,0.041,0.055,73650,0.102,0.35,0.45199999999999996
B.M.W.,SERIE_X,X3,ELEC+GAZOLE_HR,1995,1810,0.159,0.038,0.023,0.061,55100,0.159,0.95,1.109
B.M.W.,SERIE_5,530,ELEC+ESSENC_HR,1998,1900,0.352,0.012,0.011,,68188,0.352,0.3,0.6519999999999999
B.M.W.,M4,M4,ESSENCE,2993,1775,0.177,0.008,0.018,,104550,0.177,0.2,0.377
VOLVO,XC60,XC60,ELEC+GAZOLE_HR,1969,1892,0.241,0.026000000000000002,0.042,0.068,59330,0.241,0.65,0.891
B.M.W.,SERIE_1,118,GAZOLE,1995,1430,0.171,0.049,0.013,0.062,40410,0.171,1.225,1.3960000000000001
B.M.W.,SERIE_2,220,ESSENCE,1998,1430,0.156,0.017,0.011,,44133,0.156,0.42500000000000004,0.5810000000000001
VOLKSWAGEN,TIGUAN,TIGUAN,GAZOLE,1968,1551,0.026,0.009000000000000001,0.03,0.039,48739,0.026,0.22500000000000003,0.25100000000000006
TOYOTA,YARIS,YARIS,ESS+ELEC_HNR,1490,1085,0.149,0.025,0.01,,25263,0.149,0.625,0.774
MERCEDES,CLASSE_A,A_250,ELEC+ESSENC_HR,1332,1620,0.096,0.016,0.013,,42833,0.096,0.4,0.496
B.M.W.,SERIE_X,X2,ESSENCE,1499,1430,0.312,0.031,0.016,,42517,0.312,0.775,1.087
B.M.W.,SERIE_X,X3,ELEC+GAZOLE_HR,2993,2005,0.122,0.013999999999999999,0.038,0.052,78000,0.122,0.35,0.472
VOLKSWAGEN,T_ROC,T_ROC,ESSENCE,1498,1283,0.126,0.014,0.01,,36985,0.126,0.35000000000000003,0.47600000000000003
HONDA,CIVIC,CIVIC,ESSENCE,1498,1304,0.228,0.011,0.009,,31307,0.228,0.27499999999999997,0.503
RENAULT,CAPTUR,CAPTUR,ESS+ELEC_HNR,1332,1298,0.45,0.013,0.027,,30200,0.45,0.325,0.775
B.M.W.,SERIE_1,116,ESSENCE,1499,1340,0.072,0.014,0.008,,36260,0.072,0.35000000000000003,0.42200000000000004
OPEL,INSIGNIA_GRAND_SPORT,INSIGNIA,ESSENCE,1998,1510,0.277,0.018,0.022,,38425,0.277,0.44999999999999996,0.727
RENAULT,KANGOO,KANGOO,GAZOLE,1461,1579,0.17,0.048,0.039,0.086,29800,0.17,1.2,1.3699999999999999
PORSCHE,911_TURBO,911,ESSENCE,3745,1640,0.164,0.014,0.011,,197488,0.164,0.35000000000000003,0.514
MERCEDES,CLASSE_E,E_300,ELEC+ESSENC_HR,1991,1915,0.155,0.017,0.009,,74875,0.155,0.42500000000000004,0.5800000000000001
RENAULT,CLIO,CLIO,ESS+ELEC_HNR,1598,1243,0.445,0.022,0.002,,25133,0.445,0.5499999999999999,0.9949999999999999
B.M.W.,SERIE_X,X5,ELEC+GAZOLE_HR,2993,2200,0.096,0.012999999999999998,0.025,0.038,84217,0.096,0.32499999999999996,0.42099999999999993
VOLKSWAGEN,PASSAT,PASSAT,GAZOLE,1968,1480,0.029,0.023,0.042,0.065,43500,0.029,0.575,0.604
MERCEDES,CLASSE_C,C_220,ELEC+GAZOLE_HR,1993,1655,0.063,0.007,0.007,0.014,58383,0.063,0.17500000000000002,0.23800000000000002
FORD,PUMA,PUMA,SUPERETHANOL,999,1205,0.424,0.04,0.017,,29170,0.424,1.0,1.424
RENAULT,KADJAR,KADJAR,ESSENCE,1332,1320,0.162,0.015,0.013,,33500,0.162,0.375,0.537
FIAT,500,500,ESS+ELEC_HNR,999,968,0.3,0.028,0.022,,19150,0.3,0.7000000000000001,1.0
KIA,SPORTAGE,SPORTAGE,ELEC+GAZOLE_HR,1598,1601,0.12,0.038,0.025,0.063,43590,0.12,0.95,1.0699999999999998
PEUGEOT,208,208,ESSENCE,1199,1090,0.314,0.025,0.031,,26013,0.314,0.625,0.9390000000000001
MINI,MINI,COUNTRYMAN,GAZOLE,1995,1570,0.076,0.034,0.02,0.054,41733,0.076,0.8500000000000001,0.926
SEAT,IBIZA,IBIZA,ESSENCE,999,1036,0.33,0.028,0.012,,20895,0.33,0.7000000000000001,1.03
MINI,MINI,MINI,ESSENCE,1998,1275,0.227,0.016,0.01,,40700,0.227,0.4,0.627
VOLKSWAGEN,CADDY,CADDY,GAZOLE,1968,1535,0.025,0.019000000000000003,0.047,0.066,32520,0.025,0.4750000000000001,0.5000000000000001
SKODA,OCTAVIA,OCTAVIA,GAZOLE,1968,1424,0.026,0.008999999999999998,0.028,0.037,37710,0.026,0.22499999999999995,0.25099999999999995
RENAULT,KANGOO,KANGOO,GAZOLE,1461,1586,0.164,0.045,0.035,0.078,28050,0.164,1.125,1.289
MERCEDES,CLASSE_A,A_35_AMG,ESSENCE,1991,1505,0.287,0.018,0.016,,61550,0.287,0.44999999999999996,0.7369999999999999
MERCEDES,VITO_TOURER,VITO,GAZOLE,1950,1947,0.116,0.015,0.022,0.037,50523,0.116,0.375,0.491
FORD,PUMA,PUMA,SUPERETHANOL,999,1205,0.424,0.04,0.017,,27714,0.424,1.0,1.424
MINI,MINI,COUNTRYMAN,ESSENCE,1499,1420,0.085,0.013,0.007,,35080,0.085,0.325,0.41000000000000003
FORD,ECOSPORT,ECOSPORT,ESSENCE,998,1284,0.271,0.02,0.016,,25900,0.271,0.5,0.771
FORD,FIESTA,FIESTA,SUPERETHANOL,999,1114,0.393,0.037,0.011,,23090,0.393,0.9249999999999999,1.318
PEUGEOT,2008,2008,GAZOLE,1499,1205,0.058,0.005999999999999998,0.046,0.052,28979,0.058,0.14999999999999997,0.20799999999999996
NISSAN,QASHQAI,QASHQAI,ESS+ELEC_HNR,1497,1610,0.187,0.013,0.004,,41320,0.187,0.325,0.512
RENAULT,CAPTUR,CAPTUR,ESS+ELEC_HNR,1332,1298,0.473,0.012,0.028,,27325,0.473,0.3,0.7729999999999999
PORSCHE,PANAMERA_4_E_HYBRID,PANAMERA,ELEC+ESSENC_HR,2894,2225,0.22,0.015,0.005,,126020,0.22,0.375,0.595
RENAULT,SCENIC,SCENIC,ESSENCE,1332,1505,0.312,0.011,0.014,,36700,0.312,0.27499999999999997,0.587
B.M.W.,SERIE_2,218,ESSENCE,1499,1375,0.273,0.023,0.015,,40663,0.273,0.575,0.848
DACIA,DUSTER,DUSTER,ESSENCE,1332,1267,0.234,0.013,0.019,,23275,0.234,0.325,0.559
SEAT,ATECA,ATECA,GAZOLE,1968,1426,0.033,0.009,0.032,0.04,37276,0.033,0.22499999999999998,0.258
VOLKSWAGEN,KOMBI,KOMBI,GAZOLE,1968,1908,0.015,0.011999999999999997,0.041,0.053,61920,0.015,0.29999999999999993,0.31499999999999995
DACIA,DUSTER,DUSTER,GAZOLE,1461,1443,0.143,0.062000000000000006,0.023,0.085,22783,0.143,1.5500000000000003,1.6930000000000003
FERRARI,F8_SPIDER,F8,ESSENCE,3902,1600,0.277,0.022,0.031,,232504,0.277,0.5499999999999999,0.827
FORD,FOCUS,FOCUS,ESS+ELEC_HNR,999,1312,0.337,0.043,0.018,,33750,0.337,1.075,1.412
B.M.W.,SERIE_3,340,ESS+ELEC_HNR,2998,1725,0.152,0.017,0.008,,69600,0.152,0.42500000000000004,0.5770000000000001
VOLVO,S60,S60,ELEC+ESSENC_HR,1969,1973,0.673,0.005,0.01,,68375,0.673,0.125,0.798
VOLKSWAGEN,TIGUAN,TIGUAN,ESSENCE,1498,1429,0.233,0.033,0.025,,39135,0.233,0.8250000000000001,1.058
PORSCHE,911_CARRERA_4_GTS,911,ESSENCE,2981,1595,0.133,0.012,0.014,,175385,0.133,0.3,0.433
MITSUBISHI,ECLIPSE_CROSS,ECLIPSE_CROSS,ELEC+ESSENC_HR,2360,1900,0.386,0.017,0.003,,44633,0.386,0.42500000000000004,0.811
MINI,MINI,MINI,ESSENCE,1499,1155,0.14,0.013,0.007,,22550,0.14,0.325,0.465
B.M.W.,SERIE_X,X2,ESSENCE,1499,1410,0.267,0.025,0.014,,40217,0.267,0.625,0.892
DACIA,DUSTER,DUSTER,GAZOLE,1461,1415,0.15,0.044,0.027,0.071,22585,0.15,1.0999999999999999,1.2499999999999998
DACIA,JOGGER,JOGGER,ESS+G.P.L.,999,1223,0.438,0.049,0.021,,19148,0.438,1.225,1.663
DACIA,JOGGER,JOGGER,ESS+G.P.L.,999,1223,0.417,0.027,0.025,,19148,0.417,0.675,1.092
DACIA,JOGGER,JOGGER,ESSENCE,999,1176,0.234,0.024,0.023,,19350,0.234,0.6,0.834
B.M.W.,SERIE_1,120,ESSENCE,1998,1390,0.156,0.017,0.011,,41488,0.156,0.42500000000000004,0.5810000000000001
VOLVO,XC60,XC60,ELEC+GAZOLE_HR,1969,1837,0.246,0.027999999999999997,0.031,0.059,63730,0.246,0.7,0.946
B.M.W.,SERIE_4,420,ELEC+GAZOLE_HR,1995,1605,0.086,0.018000000000000002,0.017,0.035,55650,0.086,0.45000000000000007,0.536
OPEL,ASTRA,ASTRA,ESSENCE,1199,1296,0.302,0.022,0.041,,32917,0.302,0.5499999999999999,0.8519999999999999
SKODA,KAMIQ,KAMIQ,ESSENCE,1498,1226,0.144,0.022,0.022,,31270,0.144,0.5499999999999999,0.694
B.M.W.,SERIE_1,116,ESSENCE,1499,1320,0.179,0.019,0.011,,33960,0.179,0.475,0.6539999999999999
VOLKSWAGEN,GOLF,GOLF,ESS+ELEC_HNR,1498,1290,0.135,0.021,0.019,,32478,0.135,0.525,0.66
DACIA,SANDERO,SANDERO,ESSENCE,999,1098,0.184,0.024,0.031,,16750,0.184,0.6,0.784
B.M.W.,SERIE_5,530,ELEC+GAZOLE_HR,2993,1925,0.112,0.020999999999999998,0.052,0.073,72588,0.112,0.5249999999999999,0.6369999999999999
OPEL,INSIGNIA_GRAND_SPORT,INSIGNIA,GAZOLE,1995,1540,0.049,0.013,0.014,0.027,44313,0.049,0.325,0.374
SEAT,IBIZA,IBIZA,ESSENCE,999,1036,0.33,0.028,0.012,,20895,0.33,0.7000000000000001,1.03
B.M.W.,SERIE_4,430,ELEC+GAZOLE_HR,2993,1780,0.123,0.013999999999999999,0.041,0.055,62850,0.123,0.35,0.473
RENAULT,ESPACE,ESPACE,GAZOLE,1997,1802,0.014,0.008,0.021,0.029,56400,0.014,0.2,0.21400000000000002
B.M.W.,SERIE_X,X5,ELEC+GAZOLE_HR,2993,2190,0.141,0.018000000000000002,0.045,0.063,79017,0.141,0.45000000000000007,0.5910000000000001
MERCEDES,CLASSE_C,C_220,ELEC+GAZOLE_HR,1993,1800,0.056,0.005999999999999999,0.007,0.013,62283,0.056,0.15,0.206
B.M.W.,SERIE_X,X3,ELEC+GAZOLE_HR,2993,2005,0.122,0.013999999999999999,0.038,0.052,78000,0.122,0.35,0.472
MERCEDES,CLASSE_C,C_43_AMG,ESSENCE,2996,1810,0.165,0.017,0.02,,84650,0.165,0.42500000000000004,0.5900000000000001
DS,DS_9,9,ESSENCE,1598,1540,0.378,0.019,0.024,,52700,0.378,0.475,0.853
RENAULT,CLIO,CLIO,ESS+ELEC_HNR,1598,1266,0.416,0.023,0.005,,25133,0.416,0.575,0.9909999999999999
JEEP,RENEGADE,RENEGADE,GAZOLE,1598,1430,0.05,0.022000000000000006,0.059,0.081,32400,0.05,0.5500000000000002,0.6000000000000002
B.M.W.,SERIE_5,520,ELEC+GAZOLE_HR,1995,1780,0.096,0.026,0.02,0.046,61063,0.096,0.65,0.746
B.M.W.,SERIE_2,220,GAZOLE,1995,1565,0.071,0.037000000000000005,0.021,0.058,49633,0.071,0.9250000000000002,0.9960000000000001
VOLKSWAGEN,TIGUAN,TIGUAN,GAZOLE,1968,1551,0.026,0.009000000000000001,0.03,0.039,48739,0.026,0.22500000000000003,0.25100000000000006
OPEL,INSIGNIA_GRAND_SPORT,INSIGNIA,GAZOLE,1496,1524,0.051,0.016999999999999998,0.02,0.037,43113,0.051,0.42499999999999993,0.4759999999999999
MINI,MINI,CABRIO,ESSENCE,1998,1305,0.252,0.016,0.013,,37567,0.252,0.4,0.652
VOLKSWAGEN,TOURAN,TOURAN,ESSENCE,1498,1445,0.129,0.016,0.023,,37450,0.129,0.4,0.529
RENAULT,KANGOO,KANGOO,ESSENCE,1332,1519,0.234,0.012,0.022,,31000,0.234,0.3,0.534
RENAULT,TRAFIC,TRAFIC,GAZOLE,1997,2034,0.04,0.006999999999999999,0.038,0.045,42550,0.04,0.175,0.215
MERCEDES,CLASSE_E,E_200,ELEC+GAZOLE_HR,1993,1755,0.054,0.006999999999999999,0.006,0.013,58383,0.054,0.175,0.22899999999999998
PEUGEOT,EXPERT_TRAVELLER,TRAVELLER,GAZOLE,1499,1625,0.072,0.0049999999999999975,0.05,0.055,32350,0.072,0.12499999999999994,0.19699999999999995
B.M.W.,SERIE_X,X3,ESS+ELEC_HNR,1998,1800,0.157,0.013,0.017,,54800,0.157,0.325,0.482
FORD,TRANSIT_CUSTOM,TRANSIT_CUSTOM,GAZOLE,1995,1964,0.117,0.014,0.049,0.065,33533,0.117,0.35000000000000003,0.467
MERCEDES,CLASSE_C,C_220,ELEC+GAZOLE_HR,1993,1765,0.055,0.008,0.006,0.014,62283,0.055,0.2,0.255
DACIA,DUSTER,DUSTER,GAZOLE,1461,1354,0.032,0.008000000000000002,0.013,0.021,21013,0.032,0.20000000000000004,0.23200000000000004
B.M.W.,SERIE_3,330,ELEC+GAZOLE_HR,2993,1825,0.121,0.012999999999999998,0.042,0.055,62725,0.121,0.32499999999999996,0.44599999999999995
HYUNDAI,TUCSON,TUCSON,ELEC+GAZOLE_HR,1598,1531,0.12,0.041999999999999996,0.035,0.077,41825,0.12,1.0499999999999998,1.17
FIAT,500,500,ESSENCE,1368,1055,0.493,0.026,0.018,,30583,0.493,0.65,1.143
SKODA,OCTAVIA,OCTAVIA,ESSENCE,999,1238,0.19,0.025,0.042,,28100,0.19,0.625,0.815
CUPRA,FORMENTOR,FORMENTOR,ESSENCE,1498,1347,0.272,0.026,0.017,,36553,0.272,0.65,0.922
DACIA,SANDERO,SANDERO,ESSENCE,999,1014,0.308,0.031,0.027,,12045,0.308,0.775,1.083
PEUGEOT,2008,2008,GAZOLE,1499,1205,0.058,0.005999999999999998,0.046,0.052,28979,0.058,0.14999999999999997,0.20799999999999996
FORD,ECOSPORT,ECOSPORT,ESSENCE,998,1284,0.271,0.02,0.016,,25900,0.271,0.5,0.771
VOLKSWAGEN,TIGUAN,TIGUAN,ESSENCE,1498,1461,0.234,0.024,0.024,,45809,0.234,0.6,0.834
MERCEDES,CLASSE_GLE,GLE_300,ELEC+GAZOLE_HR,1993,2205,0.049,0.007999999999999998,0.01,0.018,86350,0.049,0.19999999999999996,0.24899999999999994
PORSCHE,911_GT3,911,ESSENCE,3996,1435,0.399,0.021,0.034,,182167,0.399,0.525,0.924
SKODA,KAROQ,KAROQ,ESSENCE,999,1290,0.216,0.022,0.027,,31875,0.216,0.5499999999999999,0.7659999999999999
B.M.W.,SERIE_X,X4,ELEC+GAZOLE_HR,1995,1840,0.165,0.044000000000000004,0.025,0.069,62150,0.165,1.1,1.2650000000000001
VOLKSWAGEN,ARTEON,ARTEON,GAZOLE,1968,1576,0.027,0.012000000000000004,0.03,0.042,60040,0.027,0.3000000000000001,0.3270000000000001
RENAULT,MEGANE,MEGANE,ESSENCE,999,1197,0.218,0.019,0.022,0.027,25767,0.218,0.475,0.693
RENAULT,CLIO,CLIO,ESS+ELEC_HNR,1598,1243,0.445,0.022,0.002,,25133,0.445,0.5499999999999999,0.9949999999999999
B.M.W.,SERIE_5,530,ELEC+ESSENC_HR,1998,1960,0.311,0.01,0.011,,70838,0.311,0.25,0.5609999999999999
B.M.W.,SERIE_X,X4,ELEC+GAZOLE_HR,1995,1840,0.165,0.044000000000000004,0.025,0.069,62150,0.165,1.1,1.2650000000000001
DS,DS_3_CROSSBACK,3_CROSSBACK,ESSENCE,1199,1170,0.63,0.023,0.031,,29550,0.63,0.575,1.205
MAZDA,MAZDA_2,2,ESSENCE,1496,1037,0.074,0.021,0.011,,20125,0.074,0.525,0.599
RENAULT,ESPACE,ESPACE,GAZOLE,1997,1848,0.062,0.024,0.036,0.06,57550,0.062,0.6,0.6619999999999999
B.M.W.,SERIE_X,X6,ELEC+GAZOLE_HR,2993,2215,0.096,0.012999999999999998,0.025,0.038,89225,0.096,0.32499999999999996,0.42099999999999993
PEUGEOT,308,308,ESSENCE,1199,1289,0.302,0.022,0.041,,33280,0.302,0.5499999999999999,0.8519999999999999
SKODA,KAROQ,KAROQ,ESSENCE,1498,1321,0.192,0.027,0.022,,33965,0.192,0.675,0.867
RENAULT,MEGANE,MEGANE,GAZOLE,1461,1347,0.151,0.046,0.026,0.072,33775,0.151,1.15,1.301
CUPRA,FORMENTOR_E_HYBRID,FORMENTOR,ELEC+ESSENC_HR,1395,1605,0.265,0.014,0.01,,46683,0.265,0.35000000000000003,0.615
MERCEDES,CLASSE_V,V_220,GAZOLE,1950,2092,0.019,0.006999999999999999,0.019,0.026,67675,0.019,0.175,0.19399999999999998
B.M.W.,SERIE_X,X4,ELEC+GAZOLE_HR,2993,1935,0.131,0.017,0.043,0.06,68850,0.131,0.42500000000000004,0.556
SKODA,KODIAQ,KODIAQ,GAZOLE,1968,1734,0.021,0.010000000000000002,0.03,0.04,53727,0.021,0.25000000000000006,0.2710000000000001
RENAULT,AUSTRAL,AUSTRAL,ESS+ELEC_HNR,1332,1422,0.287,0.026,0.019,,37000,0.287,0.65,0.937
FORD,TOURNEO_CONNECT,TOURNEO_CONNECT,ESSENCE,1498,1467,0.245,0.029,0.031,,30227,0.245,0.7250000000000001,0.9700000000000001
FORD,FIESTA,FIESTA,ESSENCE,1496,1205,0.575,0.019,0.007,,27390,0.575,0.475,1.0499999999999998
FORD,KUGA,KUGA,ELEC+ESSENC_HR,2488,1769,0.465,0.02,0.008,,46290,0.465,0.5,0.9650000000000001
B.M.W.,SERIE_3,340,ELEC+GAZOLE_HR,2993,1870,0.102,0.013999999999999999,0.041,0.055,73650,0.102,0.35,0.45199999999999996
CITROEN,BERLINGO,BERLINGO,GAZOLE,1499,1517,0.053,0.003999999999999997,0.049,0.053,29840,0.053,0.09999999999999992,0.1529999999999999
PORSCHE,911_GT3,911,ESSENCE,3996,1435,0.365,0.022,0.033,,182167,0.365,0.5499999999999999,0.9149999999999999
MERCEDES,CLASSE_C,C_200,ELEC+GAZOLE_HR,1993,1650,0.064,0.007,0.007,0.014,50934,0.064,0.17500000000000002,0.23900000000000002
B.M.W.,SERIE_3,340,ELEC+GAZOLE_HR,2993,1800,0.102,0.013999999999999999,0.041,0.055,71450,0.102,0.35,0.45199999999999996
PORSCHE,CAYENNE_TURBO_S_E_HYBRID,CAYENNE,ELEC+ESSENC_HR,3996,2535,0.275,0.019,0.006,,189670,0.275,0.475,0.75
VOLKSWAGEN,ARTEON,ARTEON,ELEC+ESSENC_HR,1395,1725,0.161,0.016,0.012,,57580,0.161,0.4,0.561
JAGUAR,XF,XF,ELEC+GAZOLE_HR,1998,1774,0.071,0.015,0.017,0.031,67245,0.071,0.375,0.446
VOLKSWAGEN,PASSAT,PASSAT,GAZOLE,1968,1634,0.021,0.011000000000000003,0.038,0.049,58617,0.021,0.2750000000000001,0.2960000000000001
MINI,MINI,CABRIO,ESSENCE,1499,1285,0.2,0.019,0.01,,36733,0.2,0.475,0.675
CUPRA,FORMENTOR,FORMENTOR,ESSENCE,1984,1551,0.398,0.036,0.012,,50250,0.398,0.8999999999999999,1.298
CITROEN,C4,C4,ESSENCE,1199,1247,0.332,0.025,0.045,,28938,0.332,0.625,0.9570000000000001
B.M.W.,SERIE_1,120,ESSENCE,1998,1390,0.156,0.017,0.011,,41488,0.156,0.42500000000000004,0.5810000000000001
FORD,FIESTA,FIESTA,SUPERETHANOL,999,1114,0.393,0.036,0.01,,23090,0.393,0.8999999999999999,1.293
MAZDA,MAZDA_CX_30,CX_30,ESS+ELEC_HNR,1998,1528,0.285,0.015,0.019,,40500,0.285,0.375,0.6599999999999999
KIA,CEED,CEED,ELEC+GAZOLE_HR,1598,1407,0.237,0.041999999999999996,0.021,0.063,33457,0.237,1.0499999999999998,1.287
B.M.W.,SERIE_X,X5,ELEC+GAZOLE_HR,2993,2200,0.096,0.012999999999999998,0.024,0.037,84217,0.096,0.32499999999999996,0.42099999999999993
MERCEDES,VITO_TOURER,VITO,GAZOLE,1950,1982,0.116,0.015,0.022,0.037,51198,0.116,0.375,0.491
RENAULT,TRAFIC,TRAFIC,GAZOLE,1997,2010,0.04,0.006999999999999999,0.038,0.045,42550,0.04,0.175,0.215
FIAT,500,500,ESSENCE,1368,1065,0.791,0.054,0.02,,24523,0.791,1.35,2.141
VOLKSWAGEN,CADDY,CADDY,GAZOLE,1968,1568,0.023,0.020999999999999998,0.038,0.059,37343,0.023,0.5249999999999999,0.5479999999999999
FIAT,500C,500,ESS+ELEC_HNR,999,1000,0.3,0.028,0.022,,18540,0.3,0.7000000000000001,1.0
PORSCHE,911_CARRERA_4S,911,ESSENCE,2981,1635,0.13,0.014,0.013,,153576,0.13,0.35000000000000003,0.48000000000000004
FORD,FIESTA,FIESTA,SUPERETHANOL,999,1114,0.393,0.037,0.011,,23090,0.393,0.9249999999999999,1.318
B.M.W.,SERIE_X,X3,ELEC+GAZOLE_HR,1995,1840,0.165,0.044000000000000004,0.025,0.069,59100,0.165,1.1,1.2650000000000001
B.M.W.,SERIE_1,120,ESSENCE,1998,1390,0.156,0.017,0.011,,41488,0.156,0.42500000000000004,0.5810000000000001
MERCEDES,CLASSE_C,C_200,ESS+ELEC_HNR,1497,1515,0.151,0.013,0.017,,55100,0.151,0.325,0.476
MAZDA,MAZDA_3,3,ESS+ELEC_HNR,1998,1331,0.409,0.051,0.02,,28350,0.409,1.275,1.684
ALFA_ROMEO,TONALE,TONALE,ESS+ELEC_HNR,1469,1525,0.343,0.055,0.018,,42767,0.343,1.375,1.718
OPEL,GRANDLAND,GRANDLAND,GAZOLE,1499,1448,0.055,0.0020000000000000018,0.027,0.029,40625,0.055,0.050000000000000044,0.10500000000000004
MINI,MINI,MINI,ESSENCE,1998,1265,0.252,0.016,0.013,,33771,0.252,0.4,0.652
VOLKSWAGEN,T_ROC,T_ROC,ESSENCE,999,1226,0.216,0.022,0.027,,29433,0.216,0.5499999999999999,0.7659999999999999
B.M.W.,SERIE_X,X4,ELEC+GAZOLE_HR,2993,2020,0.122,0.013999999999999999,0.038,0.052,79750,0.122,0.35,0.472
MERCEDES,CLASSE_V,V_250,GAZOLE,1950,2102,0.116,0.015,0.022,0.037,74793,0.116,0.375,0.491
PORSCHE,CAYENNE_TURBO_S_E_HYBRID,CAYENNE,ELEC+ESSENC_HR,3996,2535,0.275,0.019,0.006,,189670,0.275,0.475,0.75
MERCEDES,CLASSE_V,V_250,GAZOLE,1950,2067,0.116,0.015,0.022,0.037,74793,0.116,0.375,0.491
MINI,MINI,MINI,ESSENCE,1499,1150,0.288,0.018,0.012,,28857,0.288,0.44999999999999996,0.738
DACIA,DUSTER,DUSTER,ESS+G.P.L.,1332,1246,0.252,0.015,0.013,,20975,0.252,0.375,0.627
RENAULT,MEGANE,MEGANE,ESSENCE,999,1197,0.218,0.019,0.022,0.027,25767,0.218,0.475,0.693
VOLVO,V60,V60,ELEC+GAZOLE_HR,1969,1728,0.243,0.026000000000000002,0.039,0.065,58933,0.243,0.65,0.893
PEUGEOT,508,508,ELEC+ESSENC_HR,1598,1745,0.291,0.014,0.004,,49833,0.291,0.35000000000000003,0.641
VOLKSWAGEN,CADDY,CADDY,GAZOLE,1968,1580,0.023,0.020999999999999998,0.038,0.059,37903,0.023,0.5249999999999999,0.5479999999999999
OPEL,COMBO_LIFE,COMBO,ESSENCE,1199,1410,0.588,0.024,0.035,,26935,0.588,0.6,1.188
OPEL,CROSSLAND,CROSSLAND_X,GAZOLE,1499,1275,0.055,0.002999999999999999,0.025,0.028,30538,0.055,0.07499999999999998,0.12999999999999998
B.M.W.,SERIE_X,X2,ESSENCE,1998,1470,0.159,0.021,0.013,,46817,0.159,0.525,0.684
PEUGEOT,EXPERT_TRAVELLER,TRAVELLER,GAZOLE,1499,1659,0.072,0.0049999999999999975,0.05,0.055,33350,0.072,0.12499999999999994,0.19699999999999995
FIAT,500L,500L,GAZOLE,1248,1400,0.135,0.036,0.055,0.091,23290,0.135,0.8999999999999999,1.035
MINI,MINI,COUNTRYMAN,GAZOLE,1496,1440,0.097,0.025999999999999995,0.017,0.043,35880,0.097,0.6499999999999999,0.7469999999999999
FIAT,PANDA,PANDA,ESS+ELEC_HNR,999,993,0.3,0.028,0.022,,15940,0.3,0.7000000000000001,1.0
MINI,MINI,COUNTRYMAN,ESSENCE,1499,1390,0.136,0.016,0.008,,32880,0.136,0.4,0.536
B.M.W.,SERIE_1,116,ESSENCE,1499,1340,0.072,0.014,0.008,,36260,0.072,0.35000000000000003,0.42200000000000004
MINI,MINI,COUNTRYMAN,ESSENCE,1998,1465,0.17,0.022,0.017,,40388,0.17,0.5499999999999999,0.72
HYUNDAI,I_30,I_30,ESS+ELEC_HNR,998,1246,0.214,0.027,0.049,,29020,0.214,0.675,0.889
HONDA,CR_V,CR_V,ESS+ELEC_HNR,1993,1668,0.096,0.008,0.009,,49670,0.096,0.2,0.29600000000000004
MERCEDES,CLASSE_GLE,GLE_350,ELEC+ESSENC_HR,1991,2530,0.207,0.021,0.015,,98800,0.207,0.525,0.732
RENAULT,KANGOO,KANGOO,GAZOLE,1461,1556,0.164,0.045,0.035,0.078,28050,0.164,1.125,1.289
RENAULT,KANGOO,KANGOO,ESSENCE,1332,1475,0.28,0.011,0.012,,25900,0.28,0.27499999999999997,0.5549999999999999
RENAULT,CAPTUR,CAPTUR,ESS+ELEC_HNR,1332,1298,0.45,0.013,0.027,,30200,0.45,0.325,0.775
B.M.W.,SERIE_4,440,ESS+ELEC_HNR,2998,1890,0.059,0.013,0.01,,77150,0.059,0.325,0.384
FORD,TOURNEO,TOURNEO_CONNECT,GAZOLE,1499,1703,0.045,0.005,0.03,0.034,27695,0.045,0.125,0.16999999999999998
SKODA,KODIAQ,KODIAQ,GAZOLE,1968,1754,0.023,0.007999999999999997,0.029,0.037,33820,0.023,0.19999999999999993,0.22299999999999992
NISSAN,MICRA,MICRA,ESSENCE,999,1068,0.138,0.027,0.034,,22761,0.138,0.675,0.8130000000000001
OPEL,GRANDLAND,GRANDLAND,ESSENCE,1199,1356,0.514,0.027,0.051,,35500,0.514,0.675,1.189
CITROEN,JUMPY_SPACE_TOURER,SPACE_TOURER,GAZOLE,1499,1659,0.072,0.0049999999999999975,0.05,0.055,33350,0.072,0.12499999999999994,0.19699999999999995
OPEL,COMBO_LIFE,COMBO,GAZOLE,1499,1430,0.053,0.003999999999999997,0.049,0.053,28450,0.053,0.09999999999999992,0.1529999999999999
B.M.W.,SERIE_4,420,ESSENCE,1998,1525,0.355,0.027,0.014,,53100,0.355,0.675,1.03
RENAULT,TRAFIC,TRAFIC,GAZOLE,1997,1988,0.017,0.006999999999999999,0.033,0.04,45500,0.017,0.175,0.192
PEUGEOT,2008,2008,GAZOLE,1499,1270,0.05,0.0050000000000000044,0.053,0.058,33203,0.05,0.1250000000000001,0.1750000000000001
VOLKSWAGEN,TIGUAN,TIGUAN,GAZOLE,1968,1556,0.026,0.009000000000000001,0.03,0.039,48739,0.026,0.22500000000000003,0.25100000000000006
MERCEDES,CLASSE_S,S_400,GAZOLE,2925,2005,0.036,0.023,0.034,0.057,119725,0.036,0.575,0.611
B.M.W.,SERIE_1,116,ESSENCE,1499,1320,0.179,0.019,0.011,,33960,0.179,0.475,0.6539999999999999
VOLKSWAGEN,CADDY,CADDY,GAZOLE,1968,1620,0.023,0.020999999999999998,0.041,0.062,35800,0.023,0.5249999999999999,0.5479999999999999
RENAULT,KANGOO,KANGOO,GAZOLE,1461,1579,0.17,0.048,0.039,0.086,29800,0.17,1.2,1.3699999999999999
MERCEDES,VITO_TOURER,VITO,GAZOLE,1950,1972,0.019,0.006999999999999999,0.019,0.026,46907,0.019,0.175,0.19399999999999998
B.M.W.,SERIE_1,120,ESSENCE,1998,1390,0.156,0.017,0.011,,41488,0.156,0.42500000000000004,0.5810000000000001
B.M.W.,SERIE_X,X6,ELEC+GAZOLE_HR,2993,2215,0.096,0.012999999999999998,0.025,0.038,89225,0.096,0.32499999999999996,0.42099999999999993
PEUGEOT,RIFTER,RIFTER,ESS+G.P.L.,1199,1540,0.588,0.024,0.035,,32125,0.588,0.6,1.188
VOLKSWAGEN,GOLF,GOLF,GAZOLE,1968,1303,0.03,0.009000000000000001,0.041,0.05,32357,0.03,0.22500000000000003,0.255
PEUGEOT,EXPERT_TRAVELLER,TRAVELLER,GAZOLE,1499,1640,0.072,0.0049999999999999975,0.05,0.055,32350,0.072,0.12499999999999994,0.19699999999999995
FORD,FIESTA,FIESTA,ESS+ELEC_HNR,999,1136,0.309,0.034,0.014,,24190,0.309,0.8500000000000001,1.159
B.M.W.,SERIE_1,118,GAZOLE,1995,1405,0.185,0.052,0.023,0.075,38110,0.185,1.3,1.485
B.M.W.,SERIE_2,220,ESS+ELEC_HNR,1499,1520,0.181,0.009,0.015,,38638,0.181,0.22499999999999998,0.40599999999999997
B.M.W.,SERIE_X,X5,ELEC+GAZOLE_HR,2993,2285,0.096,0.012999999999999998,0.025,0.038,84217,0.096,0.32499999999999996,0.42099999999999993
MERCEDES,CLASSE_GLC,GLC_300,ELEC+GAZOLE_HR,1950,2060,0.031,0.0,0.04,0.04,77775,0.031,0.0,0.031
VOLKSWAGEN,KOMBI,KOMBI,GAZOLE,1968,1908,0.015,0.011999999999999997,0.041,0.053,61920,0.015,0.29999999999999993,0.31499999999999995
OPEL,CROSSLAND,CROSSLAND_X,ESSENCE,1199,1205,0.296,0.019,0.035,,29750,0.296,0.475,0.7709999999999999
FORD,FIESTA,FIESTA,SUPERETHANOL,999,1114,0.393,0.036,0.01,,23090,0.393,0.8999999999999999,1.293
VOLKSWAGEN,TIGUAN,TIGUAN,GAZOLE,1968,1748,0.019,0.008999999999999994,0.034,0.043,57980,0.019,0.22499999999999987,0.24399999999999986
B.M.W.,SERIE_X,X2,GAZOLE,1995,1605,0.071,0.035,0.021,0.056,47717,0.071,0.8750000000000001,0.9460000000000001
MINI,MINI,COUNTRYMAN,GAZOLE,1995,1600,0.07,0.036000000000000004,0.019,0.055,48633,0.07,0.9000000000000001,0.9700000000000002
SKODA,KODIAQ,KODIAQ,ESSENCE,1498,1537,0.206,0.028,0.027,,37620,0.206,0.7000000000000001,0.906
B.M.W.,SERIE_4,440,ESS+ELEC_HNR,2998,1890,0.059,0.013,0.01,,77150,0.059,0.325,0.384
VOLKSWAGEN,TIGUAN,TIGUAN,ESSENCE,1498,1461,0.234,0.024,0.024,,45809,0.234,0.6,0.834
MINI,MINI,CABRIO,ESSENCE,1499,1285,0.2,0.019,0.01,,36900,0.2,0.475,0.675
B.M.W.,SERIE_X,X3,ELEC+GAZOLE_HR,2993,1935,0.131,0.017,0.043,0.06,65800,0.131,0.42500000000000004,0.556
MERCEDES,AMG_GT,AMG_GT_53,ESS+ELEC_HNR,2999,1970,0.239,0.019,0.02,,123500,0.239,0.475,0.714
VOLKSWAGEN,CADDY,CADDY,GAZOLE,1968,1620,0.025,0.019000000000000003,0.047,0.066,35100,0.025,0.4750000000000001,0.5000000000000001
RENAULT,MEGANE,MEGANE,GAZOLE,1461,1347,0.151,0.046,0.026,0.072,33775,0.151,1.15,1.301
B.M.W.,SERIE_Z,Z4,ESSENCE,1998,1420,0.216,0.013,0.011,,51400,0.216,0.325,0.541
B.M.W.,SERIE_Z,Z4,ESSENCE,1998,1430,0.213,0.015,0.014,,53900,0.213,0.375,0.588
JEEP,RENEGADE,RENEGADE,ESS+ELEC_HNR,1469,1420,0.381,0.063,0.018,,33438,0.381,1.575,1.956
B.M.W.,SERIE_3,318,ELEC+GAZOLE_HR,1995,1660,0.048,0.023,0.016,0.039,50450,0.048,0.575,0.623
MERCEDES,CLASSE_C,C_220,ELEC+GAZOLE_HR,1993,1655,0.063,0.007,0.007,0.014,58383,0.063,0.17500000000000002,0.23800000000000002
LAND_ROVER,DISCOVERY,DISCOVERY,ESS+ELEC_HNR,2996,2418,0.536,0.012,0.017,,92900,0.536,0.3,0.8360000000000001
B.M.W.,SERIE_X,X4,ELEC+GAZOLE_HR,2993,2020,0.122,0.013999999999999999,0.038,0.052,79750,0.122,0.35,0.472
B.M.W.,SERIE_2,218,ESSENCE,1499,1470,0.235,0.009,0.009,,36688,0.235,0.22499999999999998,0.45999999999999996
B.M.W.,M4,M4,ESSENCE,2993,1920,0.177,0.008,0.018,,115550,0.177,0.2,0.377
VOLVO,XC40,XC40,ELEC+ESSENC_HR,1477,1737,0.11,0.006,0.008,,54900,0.11,0.15,0.26
LAND_ROVER,RANGE_ROVER_VELAR,RANGE_ROVER_VELAR,ELEC+ESSENC_HR,1997,2199,0.601,0.025,0.02,,72850,0.601,0.625,1.226
CITROEN,C4,C4,ESSENCE,1199,1209,0.403,0.016,0.028,,24850,0.403,0.4,0.803
VOLVO,XC40,XC40,ESSENCE,1477,1550,0.238,0.035,0.024,,33650,0.238,0.8750000000000001,1.113
SKODA,SCALA,SCALA,ESSENCE,999,1156,0.167,0.02,0.037,,27313,0.167,0.5,0.667
VOLKSWAGEN,CADDY,CADDY,GAZOLE,1968,1568,0.023,0.020999999999999998,0.038,0.059,38773,0.023,0.5249999999999999,0.5479999999999999
MINI,MINI,CLUBMAN,ESSENCE,1998,1555,0.182,0.012,0.019,,51350,0.182,0.3,0.482
PEUGEOT,508,508,ELEC+ESSENC_HR,1598,1720,0.291,0.014,0.004,,50100,0.291,0.35000000000000003,0.641
ALFA_ROMEO,GIULIA,GIULIA,ESSENCE,1995,1429,0.241,0.045,0.023,,51625,0.241,1.125,1.366
VOLVO,XC90,XC90,ELEC+GAZOLE_HR,1969,2095,0.254,0.027999999999999997,0.043,0.071,91530,0.254,0.7,0.954
MERCEDES,CLASSE_V,V_250,GAZOLE,1950,2092,0.116,0.015,0.022,0.037,74793,0.116,0.375,0.491
B.M.W.,SERIE_3,320,ELEC+ESSENC_HR,1998,1825,0.291,0.011,0.01,,56383,0.291,0.27499999999999997,0.566
MERCEDES,CLASSE_GLE,GLE_350,ELEC+ESSENC_HR,1991,2530,0.207,0.021,0.015,,106050,0.207,0.525,0.732
SKODA,FABIA,FABIA,ESSENCE,999,1097,0.193,0.021,0.042,,22347,0.193,0.525,0.718
B.M.W.,SERIE_3,318,ELEC+GAZOLE_HR,1995,1660,0.048,0.023,0.016,0.039,50450,0.048,0.575,0.623
B.M.W.,SERIE_X,X2,GAZOLE,1995,1605,0.071,0.035,0.021,0.056,47517,0.071,0.8750000000000001,0.9460000000000001
HONDA,CIVIC,CIVIC,ESS+ELEC_HNR,1993,1458,0.14,0.017,0.008,,34400,0.14,0.42500000000000004,0.5650000000000001
VOLKSWAGEN,GOLF,GOLF,GAZOLE,1968,1311,0.025,0.023,0.036,0.059,38127,0.025,0.575,0.6
FIAT,500,500,ESSENCE,1368,1090,0.493,0.026,0.018,,30583,0.493,0.65,1.143
MAZDA,MAZDA2_HYBRID,2,ESS+ELEC_HNR,1490,1125,0.149,0.025,0.01,,20125,0.149,0.625,0.774
FIAT,500,500,ESSENCE,1368,1075,0.829,0.039,0.02,,21290,0.829,0.975,1.8039999999999998
FORD,PUMA,PUMA,ESS+ELEC_HNR,999,1259,0.243,0.038,0.017,,30570,0.243,0.95,1.193
CUPRA,FORMENTOR,FORMENTOR,ESSENCE,1984,1470,0.227,0.025,0.018,,45900,0.227,0.625,0.852
MINI,MINI,MINI,ESSENCE,1998,1280,0.188,0.016,0.009,,37750,0.188,0.4,0.5880000000000001
MAZDA,MAZDA_CX_60,CX_60,ELEC+ESSENC_HR,2488,1995,0.342,0.02,0.007,,58833,0.342,0.5,0.8420000000000001
MERCEDES,CLASSE_C,C_220,ELEC+GAZOLE_HR,1993,1705,0.055,0.008,0.006,0.014,60783,0.055,0.2,0.255
SKODA,OCTAVIA,OCTAVIA,ESSENCE,1498,1290,0.21,0.023,0.016,,30465,0.21,0.575,0.7849999999999999
MINI,MINI,MINI,ESSENCE,1998,1265,0.252,0.016,0.013,,33771,0.252,0.4,0.652
VOLKSWAGEN,CADDY,CADDY,ESSENCE,1498,1497,0.212,0.028,0.029,,34573,0.212,0.7000000000000001,0.912
SKODA,KODIAQ,KODIAQ,GAZOLE,1968,1757,0.023,0.007999999999999997,0.029,0.037,33820,0.023,0.19999999999999993,0.22299999999999992
RENAULT,ESPACE,ESPACE,GAZOLE,1997,1848,0.062,0.024,0.036,0.06,57550,0.062,0.6,0.6619999999999999
FORD,TOURNEO_CUSTOM,TOURNEO_CUSTOM,GAZOLE,1995,2209,0.117,0.014,0.049,0.065,51095,0.117,0.35000000000000003,0.467
TOYOTA,YARIS,YARIS,ESS+ELEC_HNR,1490,1085,0.149,0.025,0.01,,25263,0.149,0.625,0.774
PEUGEOT,EXPERT_TRAVELLER,TRAVELLER,GAZOLE,1997,1718,0.028,0.004,0.023,0.027,38875,0.028,0.1,0.128
B.M.W.,SERIE_1,116,ESSENCE,1499,1340,0.072,0.014,0.008,,36260,0.072,0.35000000000000003,0.42200000000000004
VOLKSWAGEN,ARTEON,ARTEON,GAZOLE,1968,1584,0.025,0.008,0.032,0.04,56970,0.025,0.2,0.225
FORD,ECOSPORT,ECOSPORT,ESSENCE,998,1284,0.271,0.02,0.016,,25900,0.271,0.5,0.771
B.M.W.,SERIE_1,128,ESSENCE,1998,1445,0.102,0.009,0.016,,47600,0.102,0.22499999999999998,0.32699999999999996
B.M.W.,SERIE_1,120,ESSENCE,1998,1390,0.156,0.017,0.011,,41488,0.156,0.42500000000000004,0.5810000000000001
MINI,MINI,COUNTRYMAN,GAZOLE,1995,1570,0.076,0.034,0.02,0.054,41733,0.076,0.8500000000000001,0.926
OPEL,CROSSLAND,CROSSLAND_X,ESSENCE,1199,1205,0.296,0.019,0.035,,29750,0.296,0.475,0.7709999999999999
SEAT,LEON,LEON,ESSENCE,999,1216,0.126,0.02,0.036,,25648,0.126,0.5,0.626
VOLKSWAGEN,POLO,POLO,ESSENCE,999,1134,0.22,0.027,0.037,,26043,0.22,0.675,0.895
MERCEDES,CLASSE_V,V_300,GAZOLE,1950,2067,0.116,0.015,0.022,0.037,76411,0.116,0.375,0.491
CITROEN,C4,C4,GAZOLE,1499,1260,0.048,0.003999999999999997,0.058,0.062,29020,0.048,0.09999999999999992,0.1479999999999999
MERCEDES,CLASSE_B,B_180,GAZOLE,1950,1430,0.03,0.0049999999999999975,0.025,0.03,38525,0.03,0.12499999999999994,0.15499999999999994
MERCEDES,CLASSE_C,C_220,ELEC+GAZOLE_HR,1993,1715,0.066,0.007,0.007,0.014,58850,0.066,0.17500000000000002,0.24100000000000002
B.M.W.,SERIE_X,X2,ESSENCE,1998,1470,0.159,0.021,0.013,,46817,0.159,0.525,0.684
VOLKSWAGEN,ARTEON,ARTEON,GAZOLE,1968,1571,0.025,0.008,0.032,0.04,56270,0.025,0.2,0.225
FERRARI,SF90_STRADALE,SF90,ELEC+ESSENC_HR,3990,1745,0.281,0.033,0.023,,423514,0.281,0.8250000000000001,1.106
B.M.W.,M3,M3,ESSENCE,2993,1780,0.177,0.008,0.018,,102000,0.177,0.2,0.377
B.M.W.,SERIE_3,318,ELEC+GAZOLE_HR,1995,1660,0.048,0.023,0.016,0.039,49000,0.048,0.575,0.623
VOLKSWAGEN,TIGUAN,TIGUAN,GAZOLE,1968,1551,0.026,0.009000000000000001,0.03,0.039,48739,0.026,0.22500000000000003,0.25100000000000006
OPEL,ASTRA,ASTRA,ESSENCE,1199,1266,0.334,0.026,0.022,,25167,0.334,0.65,0.984
VOLKSWAGEN,KOMBI,KOMBI,GAZOLE,1968,1895,0.015,0.011999999999999997,0.041,0.053,61920,0.015,0.29999999999999993,0.31499999999999995
PEUGEOT,5008,5008,GAZOLE,1997,1607,0.101,0.011000000000000003,0.03,0.041,47840,0.101,0.2750000000000001,0.3760000000000001
DACIA,SANDERO,SANDERO,ESSENCE,999,1096,0.266,0.035,0.021,,15900,0.266,0.8750000000000001,1.141
JAGUAR,E_PACE,E_PACE,ELEC+GAZOLE_HR,1998,1914,0.121,0.016999999999999994,0.035,0.052,58620,0.121,0.4249999999999999,0.5459999999999998
ALFA_ROMEO,STELVIO,STELVIO,ESSENCE,1995,1660,0.942,0.055,0.04,,68817,0.942,1.375,2.317
RENAULT,KADJAR,KADJAR,ESSENCE,1332,1320,0.162,0.015,0.013,,33500,0.162,0.375,0.537
MINI,MINI,CLUBMAN,ESSENCE,1998,1555,0.182,0.012,0.019,,51350,0.182,0.3,0.482
MERCEDES,CLASSE_S,S_400,GAZOLE,2925,1985,0.036,0.023,0.034,0.057,121725,0.036,0.575,0.611
MINI,MINI,CLUBMAN,GAZOLE,1496,1405,0.029,0.015,0.015,0.03,35525,0.029,0.375,0.404
FORD,FIESTA,FIESTA,SUPERETHANOL,999,1114,0.393,0.036,0.01,,23090,0.393,0.8999999999999999,1.293
MERCEDES,CLASSE_C,C_200,ELEC+GAZOLE_HR,1993,1705,0.064,0.007,0.007,0.014,55683,0.064,0.17500000000000002,0.23900000000000002
MERCEDES,CLASSE_E,E_200,GAZOLE,1950,1795,0.021,0.006000000000000002,0.029,0.035,70950,0.021,0.15000000000000005,0.17100000000000004
FIAT,PANDA,PANDA,ESS+ELEC_HNR,999,1003,0.3,0.028,0.022,,15940,0.3,0.7000000000000001,1.0
HYUNDAI,TUCSON,TUCSON,ESS+ELEC_HNR,1598,1491,0.418,0.043,0.032,,40300,0.418,1.075,1.4929999999999999
B.M.W.,SERIE_1,116,ESSENCE,1499,1320,0.179,0.019,0.011,,33960,0.179,0.475,0.6539999999999999
MERCEDES,CLASSE_GLE,GLE_350,ELEC+GAZOLE_HR,1950,2615,0.031,0.0049999999999999975,0.038,0.043,106650,0.031,0.12499999999999994,0.15599999999999994
B.M.W.,SERIE_X,X3,ELEC+GAZOLE_HR,1995,1840,0.165,0.044000000000000004,0.025,0.069,59100,0.165,1.1,1.2650000000000001
MERCEDES,CLASSE_C,C_220,ELEC+GAZOLE_HR,1993,1715,0.063,0.007,0.007,0.014,59883,0.063,0.17500000000000002,0.23800000000000002
RENAULT,CLIO,CLIO,ESSENCE,999,1028,0.222,0.021,0.026,,18550,0.222,0.525,0.747
MERCEDES,AMG_GT,AMG_GT_53,ESS+ELEC_HNR,2999,1970,0.239,0.019,0.02,,123500,0.239,0.475,0.714
CUPRA,FORMENTOR,FORMENTOR,ESSENCE,1984,1470,0.227,0.025,0.018,,45900,0.227,0.625,0.852
MINI,MINI,CLUBMAN,ESSENCE,1998,1400,0.249,0.024,0.018,,37829,0.249,0.6,0.849
MINI,MINI,MINI,ESSENCE,1499,1230,0.2,0.019,0.01,,33325,0.2,0.475,0.675
VOLKSWAGEN,TIGUAN,TIGUAN,GAZOLE,1968,1679,0.026,0.009000000000000001,0.03,0.039,52000,0.026,0.22500000000000003,0.25100000000000006
VOLKSWAGEN,PASSAT,PASSAT,GAZOLE,1968,1634,0.021,0.011000000000000003,0.038,0.049,58617,0.021,0.2750000000000001,0.2960000000000001
MERCEDES,VITO_TOURER,VITO,GAZOLE,1950,2025,0.027,0.006999999999999999,0.017,0.024,46050,0.027,0.175,0.20199999999999999
DS,DS_3_CROSSBACK,3_CROSSBACK,ESSENCE,1199,1205,0.503,0.027,0.034,,40033,0.503,0.675,1.178
MERCEDES,CLASSE_A,A_200,ESSENCE,1332,1280,0.18,0.026,0.026,,29282,0.18,0.65,0.8300000000000001
B.M.W.,SERIE_X,X2,ESSENCE,1499,1410,0.267,0.025,0.014,,40217,0.267,0.625,0.892
RENAULT,CAPTUR,CAPTUR,ESS+ELEC_HNR,1598,1361,0.345,0.017,0.006,,31408,0.345,0.42500000000000004,0.77
PORSCHE,MACAN_S,MACAN,ESSENCE,2894,1930,0.322,0.023,0.014,,76946,0.322,0.575,0.897
B.M.W.,SERIE_1,120,GAZOLE,1995,1515,0.071,0.037000000000000005,0.021,0.058,46988,0.071,0.9250000000000002,0.9960000000000001
VOLKSWAGEN,CADDY,CADDY,ESSENCE,1498,1497,0.212,0.028,0.029,,36003,0.212,0.7000000000000001,0.912
FORD,TOURNEO,TOURNEO_CONNECT,GAZOLE,1499,1607,0.04,0.005,0.022,0.027,29793,0.04,0.125,0.165
VOLVO,XC60,XC60,ELEC+ESSENC_HR,1969,2094,0.645,0.006,0.006,,76310,0.645,0.15,0.795
DACIA,DUSTER,DUSTER,ESS+G.P.L.,999,1292,0.82,0.047,0.015,,18668,0.82,1.175,1.995
DACIA,DUSTER,DUSTER,ESS+G.P.L.,999,1292,0.295,0.024,0.039,,18668,0.295,0.6,0.895
B.M.W.,SERIE_X,X3,ELEC+GAZOLE_HR,1995,1810,0.159,0.038,0.023,0.061,55100,0.159,0.95,1.109
RENAULT,CAPTUR,CAPTUR,ESSENCE,999,1199,0.244,0.047,0.047,,24867,0.244,1.175,1.419
JEEP,WRANGLER_UNLIMITED,WRANGLER,ELEC+ESSENC_HR,1995,2273,0.37,0.018,0.013,,80500,0.37,0.44999999999999996,0.82
OPEL,GRANDLAND,GRANDLAND,ESSENCE,1199,1356,0.514,0.027,0.051,,35500,0.514,0.675,1.189
ALFA_ROMEO,GIULIA,GIULIA,ESSENCE,1995,1445,0.608,0.055,0.028,,49650,0.608,1.375,1.983
FORD,PUMA,PUMA,ESS+ELEC_HNR,999,1259,0.243,0.038,0.017,,30570,0.243,0.95,1.193
MERCEDES,CLASSE_E,E_200,ELEC+GAZOLE_HR,1993,1755,0.054,0.006999999999999999,0.006,0.013,58383,0.054,0.175,0.22899999999999998
MERCEDES,CLASSE_C,C_200,ELEC+GAZOLE_HR,1993,1705,0.064,0.007,0.007,0.014,55683,0.064,0.17500000000000002,0.23900000000000002
B.M.W.,SERIE_8,840,ELEC+GAZOLE_HR,2993,1995,0.108,0.023,0.034,0.057,116050,0.108,0.575,0.6829999999999999
MERCEDES,CLASSE_E,E_200,ELEC+GAZOLE_HR,1993,1850,0.054,0.006999999999999999,0.006,0.013,58600,0.054,0.175,0.22899999999999998
PEUGEOT,508,508,ESSENCE,1199,1420,0.341,0.02,0.038,,43375,0.341,0.5,0.841
MERCEDES,CLASSE_T,CLASSE_T,GAZOLE,1461,1603,0.149,0.054,0.03,0.084,35632,0.149,1.35,1.499
VOLKSWAGEN,PASSAT,PASSAT,ELEC+ESSENC_HR,1395,1678,0.161,0.016,0.012,,52985,0.161,0.4,0.561
VOLVO,XC60,XC60,ELEC+GAZOLE_HR,1969,1892,0.241,0.026000000000000002,0.042,0.068,59330,0.241,0.65,0.891
B.M.W.,SERIE_2,220,ESS+ELEC_HNR,1499,1520,0.199,0.008,0.011,,38638,0.199,0.2,0.399
SKODA,OCTAVIA,OCTAVIA,GAZOLE,1968,1424,0.026,0.008999999999999998,0.028,0.037,37710,0.026,0.22499999999999995,0.25099999999999995
B.M.W.,SERIE_4,420,ESSENCE,1998,1620,0.255,0.022,0.014,,53833,0.255,0.5499999999999999,0.8049999999999999
MERCEDES,CLASSE_GLC,GLC_300,GAZOLE,1950,1800,0.104,0.011000000000000003,0.031,0.042,72750,0.104,0.2750000000000001,0.37900000000000006
MERCEDES,CLASSE_GLE,GLE_63_AMG,ESS+ELEC_HNR,3982,2370,0.422,0.021,0.019,,165550,0.422,0.525,0.9470000000000001
MERCEDES,VITO_TOURER,VITO,GAZOLE,1950,1982,0.019,0.006999999999999999,0.019,0.026,49623,0.019,0.175,0.19399999999999998
B.M.W.,SERIE_1,120,ESSENCE,1998,1390,0.156,0.017,0.011,,41488,0.156,0.42500000000000004,0.5810000000000001
JAGUAR,XF,XF,ELEC+GAZOLE_HR,1998,1774,0.071,0.015,0.017,0.031,67245,0.071,0.375,0.446
VOLKSWAGEN,ARTEON,ARTEON,ELEC+ESSENC_HR,1395,1738,0.178,0.013,0.012,,58050,0.178,0.325,0.503
MINI,MINI,MINI,ESSENCE,1499,1150,0.288,0.018,0.012,,28857,0.288,0.44999999999999996,0.738
VOLKSWAGEN,TIGUAN,TIGUAN,GAZOLE,1968,1556,0.026,0.009000000000000001,0.03,0.039,46752,0.026,0.22500000000000003,0.25100000000000006
PEUGEOT,3008,3008,ESSENCE,1598,1429,0.711,0.023,0.035,,39650,0.711,0.575,1.286
VOLVO,V60,V60,ELEC+ESSENC_HR,1969,1989,0.283,0.007,0.007,,79700,0.283,0.17500000000000002,0.45799999999999996
MINI,MINI,MINI,ESSENCE,1499,1175,0.2,0.019,0.01,,31057,0.2,0.475,0.675
MERCEDES,CLASSE_S,S_400,GAZOLE,2925,1985,0.036,0.023,0.034,0.057,121725,0.036,0.575,0.611
MINI,MINI,COUNTRYMAN,ESSENCE,1499,1430,0.253,0.02,0.017,,40000,0.253,0.5,0.753
VOLKSWAGEN,ARTEON,ARTEON,ELEC+ESSENC_HR,1395,1725,0.178,0.013,0.012,,57580,0.178,0.325,0.503
B.M.W.,SERIE_4,420,ELEC+GAZOLE_HR,1995,1605,0.086,0.018000000000000002,0.017,0.035,55650,0.086,0.45000000000000007,0.536
B.M.W.,SERIE_1,118,ESSENCE,1499,1320,0.273,0.023,0.015,,37510,0.273,0.575,0.848
B.M.W.,SERIE_X,X5,ELEC+ESSENC_HR,2998,2435,0.21,0.017,0.008,,91300,0.21,0.42500000000000004,0.635
DACIA,JOGGER,JOGGER,ESSENCE,999,1205,0.234,0.024,0.023,,20150,0.234,0.6,0.834
RENAULT,TRAFIC,TRAFIC,GAZOLE,1997,1981,0.04,0.006999999999999999,0.038,0.045,42550,0.04,0.175,0.215
SKODA,OCTAVIA,OCTAVIA,ESS+ELEC_HNR,999,1278,0.103,0.019,0.035,,31780,0.103,0.475,0.578
FORD,TOURNEO,TOURNEO_CONNECT,GAZOLE,1499,1712,0.04,0.005,0.022,0.027,30993,0.04,0.125,0.165
VOLKSWAGEN,PASSAT,PASSAT,GAZOLE,1968,1634,0.021,0.011000000000000003,0.038,0.049,58617,0.021,0.2750000000000001,0.2960000000000001
OPEL,INSIGNIA_SPORTS_TOURER,INSIGNIA,GAZOLE,1995,1540,0.049,0.013,0.014,0.027,44925,0.049,0.325,0.374
VOLKSWAGEN,CADDY,CADDY,ESSENCE,1498,1467,0.245,0.029,0.031,,31090,0.245,0.7250000000000001,0.9700000000000001
VOLKSWAGEN,TIGUAN,TIGUAN,ESSENCE,1498,1429,0.233,0.033,0.025,,39135,0.233,0.8250000000000001,1.058
MERCEDES,CLASSE_C,C_220,ELEC+GAZOLE_HR,1993,1715,0.063,0.007,0.007,0.014,59883,0.063,0.17500000000000002,0.23800000000000002
VOLVO,XC40,XC40,ELEC+ESSENC_HR,1477,1737,0.081,0.006,0.011,,56400,0.081,0.15,0.23099999999999998
VOLKSWAGEN,TIGUAN,TIGUAN,GAZOLE,1968,1556,0.026,0.009000000000000001,0.03,0.039,48739,0.026,0.22500000000000003,0.25100000000000006
MINI,MINI,COUNTRYMAN,ESSENCE,1499,1420,0.085,0.013,0.007,,35080,0.085,0.325,0.41000000000000003
B.M.W.,SERIE_1,120,ESSENCE,1998,1390,0.156,0.017,0.011,,41488,0.156,0.42500000000000004,0.5810000000000001
RENAULT,MEGANE,MEGANE,ESSENCE,999,1197,0.218,0.019,0.022,0.027,25767,0.218,0.475,0.693
JEEP,COMPASS,COMPASS,ESSENCE,1332,1430,0.319,0.027,0.01,,35475,0.319,0.675,0.994
OPEL,ZAFIRA_LIFE,ZAFIRA,GAZOLE,1997,1763,0.028,0.004,0.023,0.027,36851,0.028,0.1,0.128
B.M.W.,SERIE_1,118,ESSENCE,1499,1320,0.273,0.023,0.015,,37510,0.273,0.575,0.848
VOLKSWAGEN,TIGUAN,TIGUAN,ESSENCE,1498,1461,0.234,0.024,0.024,,45809,0.234,0.6,0.834
VOLKSWAGEN,TIGUAN,TIGUAN,GAZOLE,1968,1630,0.019,0.009000000000000001,0.033,0.042,57595,0.019,0.22500000000000003,0.24400000000000002
RENAULT,TRAFIC,TRAFIC,GAZOLE,1997,1981,0.04,0.006999999999999999,0.038,0.045,42550,0.04,0.175,0.215
RENAULT,ESPACE,ESPACE,GAZOLE,1997,1848,0.014,0.008,0.021,0.029,57550,0.014,0.2,0.21400000000000002
MERCEDES,CLASSE_V,V_220,GAZOLE,1950,2067,0.019,0.006999999999999999,0.019,0.026,75234,0.019,0.175,0.19399999999999998
OPEL,ASTRA,ASTRA,GAZOLE,1499,1349,0.08,0.003999999999999997,0.056,0.06,31200,0.08,0.09999999999999992,0.17999999999999994
HYUNDAI,SANTA_FE,SANTA_FE,ESS+ELEC_HNR,1598,1780,0.125,0.013,0.01,,49683,0.125,0.325,0.45
VOLKSWAGEN,TOURAN,TOURAN,GAZOLE,1968,1600,0.028,0.009000000000000005,0.026,0.035,45630,0.028,0.22500000000000012,0.2530000000000001
ALFA_ROMEO,STELVIO,STELVIO,GAZOLE,2143,1745,0.04,0.0040000000000000036,0.044,0.048,64717,0.04,0.10000000000000009,0.1400000000000001
B.M.W.,SERIE_1,118,ESSENCE,1499,1320,0.273,0.023,0.015,,37510,0.273,0.575,0.848
PORSCHE,PANAMERA_4,PANAMERA,ESSENCE,2894,1930,0.154,0.014,0.022,,113569,0.154,0.35000000000000003,0.504
FIAT,500X,500X,ESSENCE,999,1320,0.423,0.023,0.016,,27832,0.423,0.575,0.998
FORD,TOURNEO,TOURNEO_CONNECT,GAZOLE,1499,1607,0.04,0.005,0.022,0.027,29793,0.04,0.125,0.165
B.M.W.,SERIE_8,850,ESSENCE,4395,2010,0.184,0.017,0.015,,96350,0.184,0.42500000000000004,0.609
RENAULT,CLIO,CLIO,ESSENCE,999,1088,0.216,0.03,0.025,,21183,0.216,0.75,0.966
VOLKSWAGEN,POLO,POLO,ESSENCE,999,1134,0.191,0.025,0.037,,26043,0.191,0.625,0.8160000000000001
B.M.W.,SERIE_1,116,GAZOLE,1496,1375,0.059,0.017000000000000005,0.018,0.035,36260,0.059,0.4250000000000001,0.4840000000000001
VOLKSWAGEN,TIGUAN,TIGUAN,GAZOLE,1968,1551,0.026,0.009000000000000001,0.03,0.039,48739,0.026,0.22500000000000003,0.25100000000000006
HONDA,CR_V,CR_V,ESS+ELEC_HNR,1993,1610,0.088,0.007,0.009,,42907,0.088,0.17500000000000002,0.263
FIAT,TIPO,TIPO,ESSENCE,999,1270,0.749,0.034,0.019,,21690,0.749,0.8500000000000001,1.5990000000000002
RENAULT,TRAFIC,TRAFIC,GAZOLE,1997,2001,0.04,0.006999999999999999,0.038,0.045,42550,0.04,0.175,0.215
FORD,TRANSIT_CUSTOM,TRANSIT_CUSTOM,GAZOLE,1995,2012,0.117,0.014,0.049,0.065,51095,0.117,0.35000000000000003,0.467
RENAULT,CLIO,CLIO,ESSENCE,999,1028,0.222,0.021,0.026,,18550,0.222,0.525,0.747
MAZDA,MAZDA_2,2,ESS+ELEC_HNR,1496,1042,0.068,0.032,0.021,,20250,0.068,0.8,0.8680000000000001
RENAULT,CLIO,CLIO,ESSENCE,999,1082,0.216,0.03,0.025,,21183,0.216,0.75,0.966
FIAT,500X,500X,ESSENCE,999,1320,0.423,0.023,0.016,,24990,0.423,0.575,0.998
MERCEDES,CLASSE_S,S_580,ELEC+ESSENC_HR,2999,2305,0.247,0.013,0.004,,82525,0.247,0.325,0.5720000000000001
HYUNDAI,KONA,KONA,ESS+ELEC_HNR,998,1265,0.223,0.025,0.022,,26450,0.223,0.625,0.848
OPEL,CROSSLAND,CROSSLAND_X,GAZOLE,1499,1275,0.055,0.002999999999999999,0.025,0.028,30538,0.055,0.07499999999999998,0.12999999999999998
VOLKSWAGEN,ARTEON,ARTEON,ELEC+ESSENC_HR,1395,1725,0.178,0.013,0.012,,57580,0.178,0.325,0.503
FIAT,500_ABARTH,500,ESSENCE,1368,1075,0.576,0.024,0.018,,23990,0.576,0.6,1.176
MERCEDES,CLASSE_C,C_220,GAZOLE,1950,1765,0.044,0.008,0.021,0.029,58850,0.044,0.2,0.244
ALFA_ROMEO,STELVIO,STELVIO,GAZOLE,2143,1680,0.044,0.0049999999999999975,0.035,0.04,56350,0.044,0.12499999999999994,0.16899999999999993
VOLKSWAGEN,T_ROC,T_ROC,ESSENCE,999,1421,0.158,0.018,0.031,,37205,0.158,0.44999999999999996,0.608
PEUGEOT,2008,2008,GAZOLE,1499,1205,0.058,0.005999999999999998,0.046,0.052,28979,0.058,0.14999999999999997,0.20799999999999996
B.M.W.,SERIE_X,X5,ELEC+GAZOLE_HR,2993,2190,0.141,0.018000000000000002,0.045,0.063,79017,0.141,0.45000000000000007,0.5910000000000001
B.M.W.,SERIE_X,X2,ESSENCE,1499,1430,0.312,0.031,0.016,,42517,0.312,0.775,1.087
LAND_ROVER,DISCOVERY_SPORT,DISCOVERY_SPORT,ELEC+ESSENC_HR,1498,2154,0.302,0.02,0.012,,65271,0.302,0.5,0.802
B.M.W.,SERIE_4,420,ELEC+GAZOLE_HR,1995,1775,0.089,0.022000000000000002,0.018,0.04,61550,0.089,0.55,0.639
VOLKSWAGEN,CADDY,CADDY,GAZOLE,1968,1535,0.025,0.019000000000000003,0.047,0.066,33860,0.025,0.4750000000000001,0.5000000000000001
PEUGEOT,308,308,GAZOLE,1499,1343,0.078,0.0050000000000000044,0.051,0.056,32033,0.078,0.1250000000000001,0.20300000000000012
PEUGEOT,308,308,GAZOLE,1499,1400,0.043,0.0050000000000000044,0.051,0.056,36660,0.043,0.1250000000000001,0.1680000000000001
MERCEDES,CLASSE_C,C_200,ELEC+GAZOLE_HR,1993,1705,0.064,0.007,0.007,0.014,55683,0.064,0.17500000000000002,0.23900000000000002
MERCEDES,CLASSE_GLE,GLE_350,ELEC+ESSENC_HR,1991,2530,0.207,0.021,0.015,,98800,0.207,0.525,0.732
VOLKSWAGEN,KOMBI,KOMBI,GAZOLE,1968,1895,0.015,0.011999999999999997,0.041,0.053,61920,0.015,0.29999999999999993,0.31499999999999995
MERCEDES,CLASSE_E,E_300,ESS+ELEC_HNR,1991,1700,0.249,0.016,0.013,,76200,0.249,0.4,0.649
RENAULT,CLIO,CLIO,ESS+ELEC_HNR,1598,1266,0.445,0.022,0.002,,25133,0.445,0.5499999999999999,0.9949999999999999
MINI,MINI,CABRIO,ESSENCE,1499,1265,0.094,0.011,0.006,,29100,0.094,0.27499999999999997,0.369
PEUGEOT,EXPERT_TRAVELLER,TRAVELLER,GAZOLE,1997,1718,0.028,0.004,0.023,0.027,38875,0.028,0.1,0.128
VOLKSWAGEN,TIGUAN,TIGUAN,GAZOLE,1968,1551,0.026,0.009000000000000001,0.03,0.039,48739,0.026,0.22500000000000003,0.25100000000000006
RENAULT,MEGANE,MEGANE,GAZOLE,1461,1400,0.151,0.046,0.026,0.072,34775,0.151,1.15,1.301
B.M.W.,SERIE_X,X4,ELEC+GAZOLE_HR,2993,1935,0.131,0.017,0.043,0.06,68850,0.131,0.42500000000000004,0.556
B.M.W.,SERIE_1,120,ESSENCE,1998,1390,0.156,0.017,0.011,,41488,0.156,0.42500000000000004,0.5810000000000001
JEEP,RENEGADE,RENEGADE,ESS+ELEC_HNR,1469,1420,0.381,0.063,0.018,,33438,0.381,1.575,1.956
B.M.W.,SERIE_1,118,ESSENCE,1499,1290,0.291,0.024,0.018,,35210,0.291,0.6,0.891
MERCEDES,CLASSE_E,E_53_AMG,ESS+ELEC_HNR,2999,1895,0.193,0.024,0.02,,96500,0.193,0.6,0.7929999999999999
RENAULT,TRAFIC,TRAFIC,GAZOLE,1997,1981,0.04,0.006999999999999999,0.038,0.045,42550,0.04,0.175,0.215
RENAULT,SCENIC,SCENIC,ESSENCE,1332,1450,0.261,0.011,0.018,,35900,0.261,0.27499999999999997,0.536
MERCEDES,CLASSE_C,C_200,ESS+ELEC_HNR,1497,1515,0.151,0.013,0.017,,55100,0.151,0.325,0.476
B.M.W.,SERIE_5,520,ELEC+GAZOLE_HR,1995,1840,0.1,0.029,0.019,0.048,63713,0.1,0.7250000000000001,0.8250000000000001
RENAULT,TRAFIC,TRAFIC,GAZOLE,1997,1981,0.04,0.006999999999999999,0.038,0.045,42550,0.04,0.175,0.215
MERCEDES,CLASSE_V,V_220,GAZOLE,1950,2042,0.019,0.006999999999999999,0.019,0.026,72842,0.019,0.175,0.19399999999999998
MERCEDES,CLASSE_V,V_300,GAZOLE,1950,2102,0.116,0.015,0.022,0.037,81025,0.116,0.375,0.491
DACIA,SANDERO,SANDERO,ESSENCE,999,1096,0.266,0.035,0.021,,15900,0.266,0.8750000000000001,1.141
MERCEDES,VITO_TOURER,VITO,GAZOLE,1950,1947,0.019,0.006999999999999999,0.019,0.026,48764,0.019,0.175,0.19399999999999998
B.M.W.,SERIE_2,220,ESS+ELEC_HNR,1499,1520,0.199,0.008,0.011,,38638,0.199,0.2,0.399
B.M.W.,SERIE_1,128,ESSENCE,1998,1445,0.102,0.009,0.016,,47600,0.102,0.22499999999999998,0.32699999999999996
RENAULT,CAPTUR,CAPTUR,ESS+ELEC_HNR,1598,1361,0.345,0.017,0.006,,31408,0.345,0.42500000000000004,0.77
MINI,MINI,MINI,ESSENCE,1499,1230,0.2,0.019,0.01,,33325,0.2,0.475,0.675
MERCEDES,CLASSE_E,E_300,ELEC+ESSENC_HR,1991,2000,0.155,0.017,0.009,,77075,0.155,0.42500000000000004,0.5800000000000001
CITROEN,C4,C4,ESSENCE,1199,1247,0.332,0.025,0.045,,28938,0.332,0.625,0.9570000000000001
RENAULT,MEGANE,MEGANE,ESSENCE,1332,1308,0.246,0.013,0.02,,33750,0.246,0.325,0.571
SKODA,OCTAVIA,OCTAVIA,ESS+ELEC_HNR,1498,1308,0.135,0.021,0.019,,35430,0.135,0.525,0.66
B.M.W.,SERIE_X,X3,ELEC+GAZOLE_HR,2993,2005,0.122,0.013999999999999999,0.038,0.052,78000,0.122,0.35,0.472
PEUGEOT,2008,2008,GAZOLE,1499,1205,0.058,0.005999999999999998,0.046,0.052,28979,0.058,0.14999999999999997,0.20799999999999996
B.M.W.,SERIE_3,330,ELEC+ESSENC_HR,1998,1880,0.331,0.013,0.012,,62783,0.331,0.325,0.656
MINI,MINI,CABRIO,ESSENCE,1998,1325,0.188,0.016,0.009,,41233,0.188,0.4,0.5880000000000001
MINI,MINI,CLUBMAN,ESSENCE,1998,1415,0.187,0.02,0.009,,41400,0.187,0.5,0.687
CITROEN,C4,C4,ESSENCE,1199,1278,0.325,0.02,0.033,,31380,0.325,0.5,0.825
B.M.W.,SERIE_1,118,GAZOLE,1995,1430,0.171,0.049,0.013,0.062,40410,0.171,1.225,1.3960000000000001
B.M.W.,SERIE_X,X2,GAZOLE,1995,1510,0.192,0.061000000000000006,0.024,0.085,43367,0.192,1.5250000000000001,1.717
FORD,PUMA,PUMA,SUPERETHANOL,999,1205,0.424,0.04,0.017,,29170,0.424,1.0,1.424
OPEL,CORSA,CORSA,ESSENCE,1199,1090,0.509,0.022,0.014,,21900,0.509,0.5499999999999999,1.059
MAZDA,MAZDA_3,3,ESS+ELEC_HNR,1998,1456,0.163,0.012,0.025,,35500,0.163,0.3,0.46299999999999997
RENAULT,MEGANE,MEGANE,GAZOLE,1461,1320,0.171,0.061,0.021,0.082,32275,0.171,1.525,1.696
B.M.W.,SERIE_1,116,ESSENCE,1499,1340,0.072,0.014,0.008,,36260,0.072,0.35000000000000003,0.42200000000000004
HONDA,JAZZ,JAZZ,ESS+ELEC_HNR,1498,1225,0.052,0.007,0.006,,25920,0.052,0.17500000000000002,0.227
VOLVO,XC60,XC60,ELEC+ESSENC_HR,1969,2075,0.243,0.008,0.008,,76310,0.243,0.2,0.443
MERCEDES,VITO_TOURER,VITO,GAZOLE,1950,1972,0.019,0.006999999999999999,0.019,0.026,49623,0.019,0.175,0.19399999999999998
MERCEDES,VITO_TOURER,VITO,GAZOLE,1950,1982,0.019,0.006999999999999999,0.019,0.026,46907,0.019,0.175,0.19399999999999998
MERCEDES,CLASSE_V,V_250,GAZOLE,1950,2042,0.116,0.015,0.022,0.037,74793,0.116,0.375,0.491
B.M.W.,SERIE_2,220,GAZOLE,1995,1565,0.071,0.037000000000000005,0.021,0.058,46200,0.071,0.9250000000000002,0.9960000000000001
MERCEDES,CLASSE_E,E_200,ELEC+GAZOLE_HR,1993,1965,0.048,0.007,0.005,0.012,58600,0.048,0.17500000000000002,0.22300000000000003
VOLKSWAGEN,CADDY,CADDY,ESSENCE,1498,1581,0.212,0.028,0.029,,39713,0.212,0.7000000000000001,0.912
B.M.W.,SERIE_5,520,ELEC+GAZOLE_HR,1995,1735,0.12,0.03,0.016,0.046,61113,0.12,0.75,0.87
MERCEDES,CLASSE_GLE,GLE_350,ELEC+GAZOLE_HR,1950,2615,0.031,0.0040000000000000036,0.046,0.05,106650,0.031,0.10000000000000009,0.1310000000000001
LAND_ROVER,DEFENDER,DEFENDER,ELEC+ESSENC_HR,1997,2618,0.214,0.018,0.025,,98133,0.214,0.44999999999999996,0.6639999999999999
PORSCHE,CAYENNE_E_HYBRID,CAYENNE,ELEC+ESSENC_HR,2995,2360,0.42,0.021,0.021,,105929,0.42,0.525,0.9450000000000001
FIAT,PANDA,PANDA,ESS+ELEC_HNR,999,1005,0.3,0.028,0.022,,15290,0.3,0.7000000000000001,1.0
RENAULT,CAPTUR,CAPTUR,ESS+ELEC_HNR,1598,1363,0.31,0.019,0.004,,31408,0.31,0.475,0.7849999999999999
PEUGEOT,2008,2008,ESSENCE,1199,1205,0.503,0.027,0.034,,35100,0.503,0.675,1.178
B.M.W.,SERIE_4,420,ELEC+GAZOLE_HR,1995,1670,0.087,0.027999999999999997,0.017,0.045,58050,0.087,0.7,0.7869999999999999
B.M.W.,SERIE_2,220,ESSENCE,1998,1430,0.156,0.017,0.011,,44133,0.156,0.42500000000000004,0.5810000000000001
MERCEDES,CLASSE_GLS,GLS_580,ESS+ELEC_HNR,3982,2470,0.525,0.023,0.033,,131500,0.525,0.575,1.1
VOLVO,XC40,XC40,ESS+ELEC_HNR,1969,1660,0.348,0.014,0.012,,56350,0.348,0.35000000000000003,0.698
B.M.W.,SERIE_X,X3,ELEC+GAZOLE_HR,1995,1810,0.159,0.038,0.023,0.061,55100,0.159,0.95,1.109
SKODA,SCALA,SCALA,ESSENCE,999,1156,0.167,0.02,0.037,,27313,0.167,0.5,0.667
PORSCHE,911_TURBO,911,ESSENCE,3745,1710,0.164,0.014,0.011,,215118,0.164,0.35000000000000003,0.514
MERCEDES,CLASSE_V,V_250,GAZOLE,1950,2092,0.116,0.015,0.022,0.037,74793,0.116,0.375,0.491
ALFA_ROMEO,TONALE,TONALE,ESS+ELEC_HNR,1469,1525,0.28,0.041,0.013,,37433,0.28,1.0250000000000001,1.3050000000000002
B.M.W.,SERIE_X,X2,GAZOLE,1995,1540,0.177,0.049,0.016,0.065,45667,0.177,1.225,1.4020000000000001
MERCEDES,CLASSE_C,C_200,ELEC+GAZOLE_HR,1993,1705,0.064,0.007,0.007,0.014,55683,0.064,0.17500000000000002,0.23900000000000002
VOLKSWAGEN,GOLF,GOLF,GAZOLE,1968,1391,0.028,0.011000000000000003,0.031,0.042,45610,0.028,0.2750000000000001,0.3030000000000001
B.M.W.,SERIE_1,118,GAZOLE,1995,1405,0.185,0.052,0.023,0.075,38110,0.185,1.3,1.485
PEUGEOT,308,308,ESSENCE,1199,1345,0.302,0.022,0.041,,34280,0.302,0.5499999999999999,0.8519999999999999
CITROEN,JUMPY_SPACE_TOURER,SPACE_TOURER,GAZOLE,1997,1767,0.031,0.004,0.012,0.016,35750,0.031,0.1,0.131
VOLKSWAGEN,GOLF,GOLF,GAZOLE,1968,1391,0.028,0.011000000000000003,0.031,0.042,45610,0.028,0.2750000000000001,0.3030000000000001
FIAT,500X,500X,GAZOLE,1598,1430,0.037,0.013999999999999999,0.077,0.091,33404,0.037,0.35,0.38699999999999996
FORD,KUGA,KUGA,ESS+ELEC_HNR,2488,1698,0.253,0.015,0.013,,45290,0.253,0.375,0.628
JAGUAR,F_PACE,F_PACE,ESSENCE,5000,2074,0.479,0.014,0.01,,104750,0.479,0.35000000000000003,0.829
RENAULT,TRAFIC,TRAFIC,GAZOLE,1997,1980,0.04,0.006999999999999999,0.038,0.045,42550,0.04,0.175,0.215
B.M.W.,M8,M8,ESSENCE,4395,1995,0.181,0.013,0.012,,181000,0.181,0.325,0.506
VOLKSWAGEN,CADDY,CADDY,ESSENCE,1498,1497,0.212,0.028,0.029,,36573,0.212,0.7000000000000001,0.912
KIA,RIO,RIO,ESSENCE,998,1100,0.11,0.018,0.03,,19465,0.11,0.44999999999999996,0.5599999999999999
B.M.W.,SERIE_2,218,ESSENCE,1499,1375,0.273,0.023,0.015,,40663,0.273,0.575,0.848
MERCEDES,CLASSE_V,V_250,GAZOLE,1950,2067,0.116,0.015,0.022,0.037,78399,0.116,0.375,0.491
HYUNDAI,KONA,KONA,ESS+ELEC_HNR,998,1265,0.223,0.025,0.022,,26450,0.223,0.625,0.848
B.M.W.,SERIE_X,X2,GAZOLE,1995,1605,0.071,0.036000000000000004,0.02,0.056,50717,0.071,0.9000000000000001,0.9710000000000001
B.M.W.,SERIE_X,X3,ESS+ELEC_HNR,1998,1800,0.157,0.013,0.017,,54800,0.157,0.325,0.482
RENAULT,TALISMAN,TALISMAN,GAZOLE,1997,1619,0.089,0.023,0.038,0.061,51500,0.089,0.575,0.6639999999999999
MINI,MINI,CABRIO,ESSENCE,1998,1340,0.24,0.014,0.012,,44367,0.24,0.35000000000000003,0.5900000000000001
MERCEDES,CLASSE_A,A_250,ELEC+ESSENC_HR,1332,1600,0.096,0.016,0.013,,47875,0.096,0.4,0.496
MERCEDES,CLASSE_CLA,CLA_35_AMG,ESSENCE,1991,1570,0.287,0.018,0.016,,66500,0.287,0.44999999999999996,0.7369999999999999
RENAULT,KANGOO,KANGOO,ESSENCE,1332,1519,0.234,0.012,0.022,,31000,0.234,0.3,0.534
B.M.W.,SERIE_X,X5,ELEC+ESSENC_HR,2998,2435,0.148,0.016,0.009,,91300,0.148,0.4,0.548
RENAULT,TRAFIC,TRAFIC,GAZOLE,1997,2060,0.017,0.006999999999999999,0.033,0.04,44750,0.017,0.175,0.192
MERCEDES,CLASSE_V,V_300,GAZOLE,1950,2145,0.211,0.018,0.027,0.045,81025,0.211,0.44999999999999996,0.6609999999999999
RENAULT,ARKANA,ARKANA,ESS+ELEC_HNR,1332,1336,0.307,0.011,0.021,,33288,0.307,0.27499999999999997,0.582
B.M.W.,SERIE_1,116,GAZOLE,1496,1385,0.037,0.02,0.019,0.039,38560,0.037,0.5,0.537
MERCEDES,CLASSE_A,A_200,ESSENCE,1332,1300,0.12,0.024,0.025,,39475,0.12,0.6,0.72
CITROEN,JUMPY_SPACE_TOURER,SPACE_TOURER,GAZOLE,1499,1659,0.072,0.0049999999999999975,0.05,0.055,33350,0.072,0.12499999999999994,0.19699999999999995
VOLKSWAGEN,TIGUAN,TIGUAN,ESSENCE,1498,1568,0.234,0.024,0.024,,49030,0.234,0.6,0.834
DS,DS_4,4,ESSENCE,1598,1419,0.433,0.026,0.037,,46700,0.433,0.65,1.083
B.M.W.,SERIE_X,X5,ELEC+GAZOLE_HR,2993,2200,0.096,0.012999999999999998,0.025,0.038,84217,0.096,0.32499999999999996,0.42099999999999993
HYUNDAI,SANTA_FE,SANTA_FE,ESS+ELEC_HNR,1598,1780,0.125,0.013,0.01,,49683,0.125,0.325,0.45
B.M.W.,SERIE_X,X2,GAZOLE,1995,1605,0.071,0.036000000000000004,0.02,0.056,50717,0.071,0.9000000000000001,0.9710000000000001
FIAT,500,500,ESSENCE,1368,1075,0.829,0.039,0.02,,21290,0.829,0.975,1.8039999999999998
FIAT,500L,500L,GAZOLE,1248,1400,0.135,0.036,0.055,0.091,23290,0.135,0.8999999999999999,1.035
TOYOTA,YARIS_CROSS,YARIS_CROSS,ESS+ELEC_HNR,1490,1260,0.098,0.01,0.003,,29600,0.098,0.25,0.348
ALFA_ROMEO,TONALE,TONALE,ESS+ELEC_HNR,1469,1525,0.28,0.041,0.013,,37433,0.28,1.0250000000000001,1.3050000000000002
B.M.W.,SERIE_X,X2,GAZOLE,1995,1605,0.071,0.035,0.021,0.056,47717,0.071,0.8750000000000001,0.9460000000000001
LAND_ROVER,RANGE_ROVER_EVOQUE,RANGE_ROVER_EVOQUE,ELEC+GAZOLE_HR,1998,1917,0.121,0.016999999999999994,0.035,0.052,39750,0.121,0.4249999999999999,0.5459999999999998
MINI,MINI,CLUBMAN,ESSENCE,1499,1335,0.217,0.021,0.015,,34014,0.217,0.525,0.742
B.M.W.,SERIE_2,220,ESSENCE,1998,1490,0.226,0.024,0.013,,45650,0.226,0.6,0.826
VOLKSWAGEN,TIGUAN,TIGUAN,ESSENCE,1498,1568,0.234,0.024,0.024,,49030,0.234,0.6,0.834
MINI,MINI,MINI,ESSENCE,1998,1245,0.224,0.016,0.011,,40400,0.224,0.4,0.624
VOLKSWAGEN,TIGUAN,TIGUAN,ESSENCE,1498,1429,0.233,0.033,0.025,,39135,0.233,0.8250000000000001,1.058
MINI,MINI,CLUBMAN,ESSENCE,1499,1360,0.227,0.023,0.014,,38000,0.227,0.575,0.8019999999999999
MERCEDES,CLASSE_V,V_300,GAZOLE,1950,2067,0.116,0.015,0.022,0.037,76411,0.116,0.375,0.491
FIAT,PANDA,PANDA,ESS+ELEC_HNR,999,993,0.3,0.028,0.022,,14090,0.3,0.7000000000000001,1.0
LAND_ROVER,RANGE_ROVER,RANGE_ROVER,ESSENCE,4395,2551,0.19,0.013,0.038,,188150,0.19,0.325,0.515
SKODA,KAROQ,KAROQ,ESSENCE,1498,1342,0.132,0.023,0.025,,37898,0.132,0.575,0.707
VOLVO,XC90,XC90,ELEC+ESSENC_HR,1969,2222,0.258,0.007,0.005,,99353,0.258,0.17500000000000002,0.43300000000000005
RENAULT,KANGOO,KANGOO,ESSENCE,1332,1475,0.291,0.012,0.011,,28900,0.291,0.3,0.591
MERCEDES,CLASSE_A,A_200,ESSENCE,1332,1300,0.12,0.024,0.025,,39475,0.12,0.6,0.72
VOLKSWAGEN,PASSAT,PASSAT,GAZOLE,1968,1598,0.021,0.011000000000000003,0.038,0.049,58617,0.021,0.2750000000000001,0.2960000000000001
MERCEDES,CLASSE_GLC,GLC_400,GAZOLE,2925,1860,0.087,0.023,0.03,0.053,75800,0.087,0.575,0.6619999999999999
CITROEN,JUMPY_SPACE_TOURER,SPACE_TOURER,GAZOLE,1499,1659,0.072,0.0049999999999999975,0.05,0.055,33350,0.072,0.12499999999999994,0.19699999999999995
CUPRA,FORMENTOR,FORMENTOR,ESSENCE,1498,1347,0.272,0.026,0.017,,36553,0.272,0.65,0.922
B.M.W.,SERIE_1,116,GAZOLE,1496,1385,0.037,0.02,0.019,0.039,38560,0.037,0.5,0.537
PORSCHE,CAYENNE_TURBO_S_E_HYBRID,CAYENNE,ELEC+ESSENC_HR,3996,2490,0.275,0.019,0.006,,185950,0.275,0.475,0.75
CITROEN,C3_AIRCROSS,C3_AIRCROSS,GAZOLE,1499,1260,0.055,0.002999999999999999,0.025,0.028,29340,0.055,0.07499999999999998,0.12999999999999998
B.M.W.,SERIE_1,118,GAZOLE,1995,1430,0.171,0.049,0.013,0.062,40410,0.171,1.225,1.3960000000000001
PEUGEOT,2008,2008,GAZOLE,1499,1205,0.058,0.005999999999999998,0.046,0.052,28979,0.058,0.14999999999999997,0.20799999999999996
FIAT,500L,500L,GAZOLE,1248,1400,0.135,0.036,0.055,0.091,23290,0.135,0.8999999999999999,1.035
B.M.W.,SERIE_8,840,ESSENCE,2998,1795,0.099,0.017,0.01,,108900,0.099,0.42500000000000004,0.524
FORD,PUMA,PUMA,ESSENCE,1496,1283,0.659,0.02,0.005,,36400,0.659,0.5,1.159
RENAULT,TRAFIC,TRAFIC,GAZOLE,1997,2224,0.04,0.006999999999999999,0.038,0.045,42550,0.04,0.175,0.215
OPEL,COMBO_LIFE,COMBO,GAZOLE,1499,1430,0.052,0.0030000000000000027,0.051,0.054,25850,0.052,0.07500000000000007,0.12700000000000006
MERCEDES,CLASSE_E,E_53_AMG,ESS+ELEC_HNR,2999,1950,0.193,0.024,0.02,,97400,0.193,0.6,0.7929999999999999
VOLKSWAGEN,TIGUAN,TIGUAN,GAZOLE,1968,1551,0.026,0.009000000000000001,0.03,0.039,48739,0.026,0.22500000000000003,0.25100000000000006
B.M.W.,M4,M4,ESSENCE,2993,1775,0.177,0.008,0.018,,104550,0.177,0.2,0.377
RENAULT,MEGANE_E_TECH_PLUG_IN_HYBRID,MEGANE,ELEC+ESSENC_HR,1598,1598,0.397,0.019,0.003,,40725,0.397,0.475,0.872
MERCEDES,CLASSE_C,C_200,ELEC+GAZOLE_HR,1993,1650,0.064,0.007,0.007,0.014,50934,0.064,0.17500000000000002,0.23900000000000002
OPEL,COMBO_LIFE,COMBO,GAZOLE,1499,1430,0.052,0.0030000000000000027,0.051,0.054,25850,0.052,0.07500000000000007,0.12700000000000006
FORD,KUGA,KUGA,ESS+ELEC_HNR,2488,1626,0.205,0.011,0.01,,43590,0.205,0.27499999999999997,0.48
SEAT,LEON_SP,LEON,ESS+ELEC_HNR,999,1312,0.103,0.019,0.035,,30258,0.103,0.475,0.578
B.M.W.,SERIE_4,420,ELEC+GAZOLE_HR,1995,1705,0.112,0.027999999999999997,0.017,0.045,56383,0.112,0.7,0.8119999999999999
MAZDA,MAZDA_3,3,ESS+ELEC_HNR,1998,1363,0.127,0.011,0.029,,35050,0.127,0.27499999999999997,0.40199999999999997
SEAT,ATECA,ATECA,GAZOLE,1968,1456,0.036,0.012,0.027,0.037,40423,0.036,0.3,0.33599999999999997
MINI,MINI,MINI,ESSENCE,1499,1230,0.2,0.019,0.01,,30917,0.2,0.475,0.675
VOLKSWAGEN,TIGUAN,TIGUAN,GAZOLE,1968,1679,0.026,0.009999999999999998,0.029,0.039,52000,0.026,0.24999999999999997,0.27599999999999997
VOLKSWAGEN,KOMBI,KOMBI,GAZOLE,1968,1857,0.015,0.013999999999999999,0.033,0.047,60740,0.015,0.35,0.365
SUZUKI,SX4,SX4,ESS+ELEC_HNR,1462,1360,0.225,0.043,0.014,,36290,0.225,1.075,1.3
FORD,FIESTA,FIESTA,SUPERETHANOL,999,1114,0.393,0.037,0.011,,23090,0.393,0.9249999999999999,1.318
B.M.W.,SERIE_X,X2,GAZOLE,1995,1605,0.071,0.036000000000000004,0.02,0.056,50717,0.071,0.9000000000000001,0.9710000000000001
LEXUS,NX350H,NX,ESS+ELEC_HNR,2487,1790,0.16,0.014,0.001,,58690,0.16,0.35000000000000003,0.51
KIA,CEED,CEED,ESSENCE,1482,1302,0.354,0.027,0.025,,30539,0.354,0.675,1.029
PEUGEOT,RIFTER,RIFTER,ESSENCE,1199,1505,0.588,0.024,0.035,,28850,0.588,0.6,1.188
MERCEDES,CLASSE_GLS,GLS_400,GAZOLE,2925,2430,0.046,0.013999999999999999,0.03,0.044,104350,0.046,0.35,0.39599999999999996
B.M.W.,SERIE_2,218,GAZOLE,1995,1425,0.185,0.052,0.025,0.077,41263,0.185,1.3,1.485
MERCEDES,CLASSE_A,A_180,ESSENCE,1332,1290,0.101,0.027,0.031,,37475,0.101,0.675,0.776
MERCEDES,CLASSE_GLC,GLC_300,ELEC+GAZOLE_HR,1950,2060,0.031,0.0,0.04,0.04,77775,0.031,0.0,0.031
SKODA,KAMIQ,KAMIQ,ESSENCE,1498,1214,0.159,0.027,0.022,,30194,0.159,0.675,0.8340000000000001
RENAULT,CLIO,CLIO,ESSENCE,999,1088,0.216,0.03,0.025,,21183,0.216,0.75,0.966
SKODA,OCTAVIA,OCTAVIA,GAZOLE,1968,1424,0.026,0.008999999999999998,0.028,0.037,37710,0.026,0.22499999999999995,0.25099999999999995
KIA,STONIC,STONIC,ESSENCE,998,1155,0.3,0.031,0.024,,25170,0.3,0.775,1.075
VOLKSWAGEN,T_ROC,T_ROC,ESSENCE,1498,1270,0.116,0.015,0.031,,34790,0.116,0.375,0.491
RENAULT,SCENIC,SCENIC,ESSENCE,1332,1450,0.261,0.011,0.018,,35900,0.261,0.27499999999999997,0.536
VOLKSWAGEN,GOLF,GOLF,GAZOLE,1968,1391,0.028,0.011000000000000003,0.031,0.042,45610,0.028,0.2750000000000001,0.3030000000000001
B.M.W.,M4,M4,ESSENCE,2993,1775,0.177,0.008,0.018,,104550,0.177,0.2,0.377
TOYOTA,AYGO_X,AYGO_X,ESSENCE,998,975,0.337,0.03,0.01,,21723,0.337,0.75,1.087
MERCEDES,CLASSE_A,A_35_AMG,ESSENCE,1991,1515,0.287,0.018,0.016,,51800,0.287,0.44999999999999996,0.7369999999999999
MERCEDES,CLASSE_A,A_250,ELEC+ESSENC_HR,1332,1600,0.096,0.016,0.012,,47875,0.096,0.4,0.496
MERCEDES,CLASSE_A,A_250,ELEC+ESSENC_HR,1332,1620,0.078,0.016,0.013,,42833,0.078,0.4,0.47800000000000004
B.M.W.,SERIE_1,118,ESSENCE,1499,1320,0.273,0.023,0.015,,37510,0.273,0.575,0.848
B.M.W.,M8,M8,ESSENCE,4395,1995,0.181,0.013,0.012,,181000,0.181,0.325,0.506
FORD,FIESTA,FIESTA,SUPERETHANOL,999,1114,0.393,0.036,0.01,,21340,0.393,0.8999999999999999,1.293
TOYOTA,YARIS_CROSS,YARIS_CROSS,ESS+ELEC_HNR,1490,1175,0.157,0.016,0.007,,29600,0.157,0.4,0.557
PEUGEOT,508,508,ELEC+ESSENC_HR,1598,1720,0.599,0.018,0.017,,50100,0.599,0.44999999999999996,1.049
ALFA_ROMEO,STELVIO,STELVIO,GAZOLE,2143,1745,0.04,0.0040000000000000036,0.044,0.048,56350,0.04,0.10000000000000009,0.1400000000000001
B.M.W.,SERIE_X,X2,ESSENCE,1499,1430,0.312,0.031,0.016,,42517,0.312,0.775,1.087
PORSCHE,PANAMERA_4S_E_HYBRID,PANAMERA,ELEC+ESSENC_HR,2894,2240,0.349,0.016,0.011,,140816,0.349,0.4,0.749
VOLKSWAGEN,ARTEON,ARTEON,GAZOLE,1968,1576,0.027,0.012000000000000004,0.03,0.042,60040,0.027,0.3000000000000001,0.3270000000000001
MINI,MINI,CABRIO,ESSENCE,1499,1265,0.094,0.011,0.006,,29100,0.094,0.27499999999999997,0.369
SKODA,SCALA,SCALA,ESSENCE,999,1176,0.169,0.025,0.035,,29705,0.169,0.625,0.794
RENAULT,TRAFIC,TRAFIC,GAZOLE,1997,2058,0.016,0.008,0.03,0.038,46500,0.016,0.2,0.21600000000000003
VOLVO,XC90,XC90,ELEC+ESSENC_HR,1969,2222,0.258,0.007,0.005,,99353,0.258,0.17500000000000002,0.43300000000000005
B.M.W.,SERIE_1,116,ESSENCE,1499,1340,0.072,0.014,0.008,,36260,0.072,0.35000000000000003,0.42200000000000004
RENAULT,ARKANA,ARKANA,ESS+ELEC_HNR,1332,1336,0.278,0.013,0.022,,33288,0.278,0.325,0.603
VOLVO,V60,V60,ESS+ELEC_HNR,1969,1659,0.201,0.014,0.012,,53783,0.201,0.35000000000000003,0.551
FIAT,500C,500,ESS+ELEC_HNR,999,993,0.3,0.028,0.022,,19150,0.3,0.7000000000000001,1.0
MERCEDES,CLASSE_GLS,GLS_600,ESS+ELEC_HNR,3982,2710,0.421,0.021,0.021,,181800,0.421,0.525,0.946
VOLVO,V60_CROSS_COUNTRY,V60,ELEC+GAZOLE_HR,1969,1849,0.247,0.027999999999999997,0.033,0.061,61250,0.247,0.7,0.947
B.M.W.,SERIE_1,120,ESSENCE,1998,1390,0.156,0.017,0.011,,41488,0.156,0.42500000000000004,0.5810000000000001
RENAULT,TRAFIC,TRAFIC,GAZOLE,1997,1963,0.04,0.006999999999999999,0.038,0.045,42550,0.04,0.175,0.215
OPEL,GRANDLAND,GRANDLAND,GAZOLE,1499,1448,0.055,0.0020000000000000018,0.027,0.029,40625,0.055,0.050000000000000044,0.10500000000000004
SEAT,ATECA,ATECA,GAZOLE,1968,1452,0.036,0.012,0.027,0.037,40423,0.036,0.3,0.33599999999999997
B.M.W.,SERIE_2,220,ESSENCE,1998,1430,0.156,0.017,0.011,,44133,0.156,0.42500000000000004,0.5810000000000001
B.M.W.,SERIE_X,X5,ELEC+GAZOLE_HR,2993,2190,0.141,0.018000000000000002,0.045,0.063,79017,0.141,0.45000000000000007,0.5910000000000001
MERCEDES,VITO_TOURER,VITO,GAZOLE,1950,1947,0.116,0.015,0.022,0.037,47096,0.116,0.375,0.491
OPEL,INSIGNIA_SPORTS_TOURER,INSIGNIA,GAZOLE,1496,1519,0.053,0.018999999999999996,0.017,0.036,39250,0.053,0.4749999999999999,0.5279999999999999
DACIA,SANDERO,SANDERO,ESSENCE,999,1098,0.184,0.024,0.031,,16750,0.184,0.6,0.784
HYUNDAI,TUCSON,TUCSON,ESS+ELEC_HNR,1598,1564,0.129,0.011,0.028,,40610,0.129,0.27499999999999997,0.40399999999999997
B.M.W.,SERIE_2,225,ELEC+ESSENC_HR,1499,1825,0.123,0.01,0.012,,47338,0.123,0.25,0.373
B.M.W.,SERIE_X,X2,GAZOLE,1995,1605,0.071,0.036000000000000004,0.02,0.056,50717,0.071,0.9000000000000001,0.9710000000000001
FIAT,500,500,ESSENCE,1368,1065,0.791,0.054,0.02,,24523,0.791,1.35,2.141
B.M.W.,SERIE_1,116,GAZOLE,1496,1385,0.037,0.02,0.019,0.039,38560,0.037,0.5,0.537
VOLKSWAGEN,TIGUAN,TIGUAN,ESSENCE,1498,1461,0.234,0.024,0.024,,45809,0.234,0.6,0.834
KIA,CEED,CEED,ESSENCE,1482,1285,0.187,0.025,0.042,,30142,0.187,0.625,0.812
TOYOTA,YARIS,YARIS,ESS+ELEC_HNR,1490,1130,0.149,0.025,0.01,,25263,0.149,0.625,0.774
VOLKSWAGEN,CADDY,CADDY,ESSENCE,1498,1467,0.245,0.029,0.031,,31090,0.245,0.7250000000000001,0.9700000000000001
SKODA,FABIA,FABIA,ESSENCE,1498,1149,0.172,0.021,0.019,,26420,0.172,0.525,0.6970000000000001
FORD,TRANSIT_CUSTOM,TRANSIT_CUSTOM,GAZOLE,1995,2045,0.077,0.008,0.021,0.027,51095,0.077,0.2,0.277
VOLVO,XC60,XC60,ELEC+ESSENC_HR,1969,2075,0.243,0.008,0.008,,76310,0.243,0.2,0.443
NISSAN,JUKE,JUKE,ESSENCE,999,1211,0.236,0.018,0.023,,28890,0.236,0.44999999999999996,0.6859999999999999
MERCEDES,VITO_TOURER,VITO,GAZOLE,1950,1982,0.019,0.006999999999999999,0.019,0.026,49623,0.019,0.175,0.19399999999999998
DACIA,SANDERO,SANDERO,ESSENCE,999,1099,0.184,0.024,0.031,,16000,0.184,0.6,0.784
B.M.W.,SERIE_5,520,ELEC+GAZOLE_HR,1995,1780,0.096,0.026,0.02,0.046,61063,0.096,0.65,0.746
FORD,ECOSPORT,ECOSPORT,ESSENCE,998,1284,0.271,0.02,0.016,,25900,0.271,0.5,0.771
PORSCHE,CAYENNE_E_HYBRID,CAYENNE,ELEC+ESSENC_HR,2995,2360,0.42,0.021,0.021,,105929,0.42,0.525,0.9450000000000001
HONDA,CIVIC,CIVIC,ESSENCE,988,1277,0.41,0.024,0.012,,27500,0.41,0.6,1.01
JEEP,RENEGADE,RENEGADE,GAZOLE,1598,1430,0.05,0.022000000000000006,0.059,0.081,32400,0.05,0.5500000000000002,0.6000000000000002
B.M.W.,SERIE_X,X5,ELEC+ESSENC_HR,2998,2435,0.148,0.016,0.009,,91300,0.148,0.4,0.548
B.M.W.,SERIE_X,X2,GAZOLE,1995,1540,0.177,0.049,0.016,0.065,45667,0.177,1.225,1.4020000000000001
RENAULT,KADJAR,KADJAR,ESSENCE,1332,1353,0.162,0.015,0.013,,33500,0.162,0.375,0.537
B.M.W.,SERIE_X,X4,ELEC+GAZOLE_HR,2993,1935,0.131,0.017,0.043,0.06,68850,0.131,0.42500000000000004,0.556
VOLKSWAGEN,KOMBI,KOMBI,GAZOLE,1968,1932,0.015,0.013999999999999999,0.033,0.047,60740,0.015,0.35,0.365
JEEP,COMPASS,COMPASS,ESS+ELEC_HNR,1469,1500,0.28,0.041,0.013,,40533,0.28,1.0250000000000001,1.3050000000000002
B.M.W.,SERIE_5,520,ELEC+GAZOLE_HR,1995,1840,0.1,0.029,0.019,0.048,63713,0.1,0.7250000000000001,0.8250000000000001
MINI,MINI,MINI,ESSENCE,1499,1175,0.2,0.019,0.01,,32367,0.2,0.475,0.675
JAGUAR,XE,XE,ELEC+GAZOLE_HR,1998,1734,0.082,0.017,0.023,0.04,57807,0.082,0.42500000000000004,0.507
MINI,MINI,COUNTRYMAN,ESSENCE,1998,1480,0.135,0.018,0.014,,42588,0.135,0.44999999999999996,0.585
JAGUAR,XE,XE,ELEC+GAZOLE_HR,1998,1734,0.082,0.017,0.023,0.04,57807,0.082,0.42500000000000004,0.507
HYUNDAI,I_20,I_20,ESS+ELEC_HNR,998,1090,0.366,0.026,0.019,,21975,0.366,0.65,1.016
TOYOTA,AYGO_X,AYGO_X,ESSENCE,998,965,0.337,0.03,0.01,,21723,0.337,0.75,1.087
MERCEDES,CLASSE_V,V_300,GAZOLE,1950,2042,0.116,0.015,0.022,0.037,86338,0.116,0.375,0.491
B.M.W.,SERIE_5,530,ELEC+ESSENC_HR,1998,1960,0.311,0.01,0.011,,70838,0.311,0.25,0.5609999999999999
MINI,MINI,MINI,ESSENCE,1499,1200,0.288,0.018,0.012,,29757,0.288,0.44999999999999996,0.738
MERCEDES,CLASSE_C,C_220,ELEC+GAZOLE_HR,1993,1715,0.063,0.007,0.007,0.014,59883,0.063,0.17500000000000002,0.23800000000000002
TOYOTA,YARIS_CROSS,YARIS_CROSS,ESS+ELEC_HNR,1490,1260,0.098,0.01,0.003,,29600,0.098,0.25,0.348
B.M.W.,SERIE_X,X2,GAZOLE,1995,1605,0.071,0.036000000000000004,0.02,0.056,50717,0.071,0.9000000000000001,0.9710000000000001
FORD,FOCUS,FOCUS,ESS+ELEC_HNR,999,1274,0.253,0.04,0.014,,31400,0.253,1.0,1.2530000000000001
MERCEDES,CLASSE_V,V_250,GAZOLE,1950,2145,0.211,0.018,0.027,0.045,74793,0.211,0.44999999999999996,0.6609999999999999
B.M.W.,SERIE_1,120,GAZOLE,1995,1515,0.071,0.037000000000000005,0.021,0.058,46988,0.071,0.9250000000000002,0.9960000000000001
B.M.W.,SERIE_X,X3,ELEC+GAZOLE_HR,1995,1810,0.159,0.038,0.023,0.061,55100,0.159,0.95,1.109
VOLKSWAGEN,POLO,POLO,ESSENCE,999,1093,0.226,0.032,0.041,,23613,0.226,0.8,1.026
B.M.W.,SERIE_1,118,ESSENCE,1499,1320,0.273,0.023,0.015,,37510,0.273,0.575,0.848
DACIA,DUSTER,DUSTER,GAZOLE,1461,1328,0.032,0.008000000000000002,0.013,0.021,21013,0.032,0.20000000000000004,0.23200000000000004
VOLKSWAGEN,CADDY,CADDY,GAZOLE,1968,1646,0.023,0.020999999999999998,0.038,0.059,42483,0.023,0.5249999999999999,0.5479999999999999
MERCEDES,CLASSE_A,A_180,ESSENCE,1332,1290,0.101,0.027,0.031,,37475,0.101,0.675,0.776
DACIA,JOGGER,JOGGER,ESSENCE,999,1205,0.234,0.024,0.023,,20150,0.234,0.6,0.834
FORD,TRANSIT_CUSTOM,TRANSIT_CUSTOM,ELEC+GAZOLE_HR,1995,2039,0.096,0.009,0.047,0.057,46811,0.096,0.22499999999999998,0.32099999999999995
VOLKSWAGEN,T_ROC,T_ROC,ESSENCE,1498,1471,0.126,0.014,0.01,,44278,0.126,0.35000000000000003,0.47600000000000003
B.M.W.,SERIE_X,X5,ELEC+GAZOLE_HR,2993,2190,0.141,0.018000000000000002,0.045,0.063,79017,0.141,0.45000000000000007,0.5910000000000001
PORSCHE,PANAMERA_TURBO_S_E_HYBRID,PANAMERA,ELEC+ESSENC_HR,3996,2350,0.177,0.017,0.005,,200977,0.177,0.42500000000000004,0.6020000000000001
CITROEN,C4_X,C4_X,ESSENCE,1199,1225,0.403,0.016,0.028,,22900,0.403,0.4,0.803
MINI,MINI,MINI,ESSENCE,1499,1235,0.084,0.012,0.006,,28050,0.084,0.3,0.384
MERCEDES,CLASSE_V,V_250,GAZOLE,1950,2067,0.116,0.015,0.022,0.037,74793,0.116,0.375,0.491
PEUGEOT,3008,3008,ELEC+ESSENC_HR,1598,1763,0.254,0.013,0.003,,46338,0.254,0.325,0.579
MINI,MINI,MINI,ESSENCE,1998,1265,0.252,0.016,0.013,,33771,0.252,0.4,0.652
CITROEN,C4,C4,ESSENCE,1199,1278,0.325,0.02,0.033,,31380,0.325,0.5,0.825
RENAULT,SCENIC,SCENIC,ESSENCE,1332,1528,0.261,0.011,0.018,,38700,0.261,0.27499999999999997,0.536
B.M.W.,SERIE_2,218,ESSENCE,1499,1375,0.273,0.023,0.015,,40663,0.273,0.575,0.848
CUPRA,FORMENTOR_VZ_E_HYBRID,FORMENTOR,ELEC+ESSENC_HR,1395,1626,0.275,0.02,0.009,,47467,0.275,0.5,0.775
MERCEDES,CLASSE_E,E_200,ELEC+GAZOLE_HR,1993,1755,0.054,0.006999999999999999,0.006,0.013,58383,0.054,0.175,0.22899999999999998
RENAULT,TALISMAN,TALISMAN,GAZOLE,1997,1619,0.063,0.022000000000000002,0.028,0.05,41400,0.063,0.55,0.613
MINI,MINI,MINI,ESSENCE,1998,1265,0.252,0.016,0.013,,33771,0.252,0.4,0.652
B.M.W.,SERIE_X,X4,ELEC+GAZOLE_HR,2993,1935,0.131,0.017,0.043,0.06,68850,0.131,0.42500000000000004,0.556
B.M.W.,X3_M,X3,ESSENCE,2993,2010,0.152,0.009,0.013,,108850,0.152,0.22499999999999998,0.377
VOLKSWAGEN,TIGUAN,TIGUAN,ESSENCE,1498,1429,0.233,0.033,0.025,,39135,0.233,0.8250000000000001,1.058
MINI,MINI,CLUBMAN,ESSENCE,1499,1330,0.089,0.018,0.009,,30325,0.089,0.44999999999999996,0.5389999999999999
MINI,MINI,MINI,ESSENCE,1998,1225,0.188,0.016,0.009,,36800,0.188,0.4,0.5880000000000001
FORD,FIESTA,FIESTA,ESS+ELEC_HNR,999,1136,0.309,0.034,0.014,,24190,0.309,0.8500000000000001,1.159
SUZUKI,SX4,SX4,ESS+ELEC_HNR,1373,1240,0.313,0.034,0.017,,29790,0.313,0.8500000000000001,1.163
DACIA,JOGGER,JOGGER,ESS+G.P.L.,999,1252,0.438,0.049,0.021,,20100,0.438,1.225,1.663
DACIA,JOGGER,JOGGER,ESS+G.P.L.,999,1252,0.417,0.027,0.025,,20100,0.417,0.675,1.092
MERCEDES,CLASSE_E,E_200,GAZOLE,1950,1795,0.021,0.006000000000000002,0.029,0.035,70950,0.021,0.15000000000000005,0.17100000000000004
RENAULT,SCENIC,SCENIC,ESSENCE,1332,1528,0.261,0.011,0.018,,38700,0.261,0.27499999999999997,0.536
B.M.W.,SERIE_4,440,ELEC+GAZOLE_HR,2993,1830,0.113,0.015,0.032,0.047,71750,0.113,0.375,0.488
TOYOTA,COROLLA,COROLLA,ESS+ELEC_HNR,1798,1370,0.101,0.015,0.002,,32283,0.101,0.375,0.476
MERCEDES,CLASSE_C,C_220,ELEC+GAZOLE_HR,1993,1655,0.063,0.007,0.007,0.014,58383,0.063,0.17500000000000002,0.23800000000000002
OPEL,CROSSLAND,CROSSLAND_X,ESSENCE,1199,1188,0.4,0.021,0.023,,29100,0.4,0.525,0.925
RENAULT,TRAFIC,TRAFIC,GAZOLE,1997,2060,0.017,0.006999999999999999,0.033,0.04,44750,0.017,0.175,0.192
B.M.W.,SERIE_X,X1,GAZOLE,1995,1575,0.03,0.006000000000000002,0.028,0.034,44763,0.03,0.15000000000000005,0.18000000000000005
MERCEDES,CLASSE_V,V_300,GAZOLE,1950,2145,0.211,0.018,0.027,0.045,81025,0.211,0.44999999999999996,0.6609999999999999
CITROEN,C4_X,C4_X,GAZOLE,1499,1320,0.057,0.0050000000000000044,0.063,0.068,24000,0.057,0.1250000000000001,0.1820000000000001
B.M.W.,SERIE_2,218,GAZOLE,1995,1470,0.178,0.053000000000000005,0.013,0.066,43563,0.178,1.3250000000000002,1.5030000000000001
CITROEN,C4_X,C4_X,ESSENCE,1199,1289,0.317,0.022,0.037,,24000,0.317,0.5499999999999999,0.867
B.M.W.,SERIE_X,X3,ELEC+GAZOLE_HR,1995,1810,0.159,0.038,0.023,0.061,55100,0.159,0.95,1.109
RENAULT,MEGANE,MEGANE,ESSENCE,1332,1306,0.27,0.013,0.016,,32750,0.27,0.325,0.595
PEUGEOT,5008,5008,GAZOLE,1499,1515,0.052,0.003999999999999997,0.041,0.045,40770,0.052,0.09999999999999992,0.1519999999999999
LEXUS,NX350H,NX,ESS+ELEC_HNR,2487,1790,0.16,0.014,0.001,,58690,0.16,0.35000000000000003,0.51
B.M.W.,SERIE_5,520,ESS+ELEC_HNR,1998,1715,0.111,0.012,0.022,,60063,0.111,0.3,0.411
OPEL,CORSA,CORSA,ESSENCE,1199,980,0.475,0.034,0.012,,19800,0.475,0.8500000000000001,1.3250000000000002
VOLVO,XC40,XC40,ESSENCE,1477,1505,0.28,0.031,0.018,,38450,0.28,0.775,1.0550000000000002
MAZDA,MAZDA_CX_5,CX_5,GAZOLE,2191,1628,0.056,0.011999999999999997,0.035,0.047,40000,0.056,0.29999999999999993,0.3559999999999999
MINI,MINI,MINI,ESSENCE,1499,1200,0.288,0.018,0.012,,29757,0.288,0.44999999999999996,0.738
RENAULT,ARKANA_E_TECH,ARKANA,ESS+ELEC_HNR,1598,1435,0.38,0.018,0.006,,35656,0.38,0.44999999999999996,0.83
FORD,TOURNEO_CUSTOM,TOURNEO_CUSTOM,GAZOLE,1995,2209,0.117,0.014,0.049,0.065,51095,0.117,0.35000000000000003,0.467
VOLKSWAGEN,KOMBI,KOMBI,GAZOLE,1968,1932,0.015,0.013999999999999999,0.033,0.047,60740,0.015,0.35,0.365
RENAULT,CLIO,CLIO,ESS+ELEC_HNR,1598,1243,0.445,0.022,0.002,,25133,0.445,0.5499999999999999,0.9949999999999999
JAGUAR,F_PACE,F_PACE,ELEC+GAZOLE_HR,1998,1916,0.102,0.018,0.024,0.042,72740,0.102,0.44999999999999996,0.5519999999999999
RENAULT,KADJAR,KADJAR,ESSENCE,1332,1372,0.156,0.012,0.021,,35500,0.156,0.3,0.45599999999999996
RENAULT,ESPACE,ESPACE,GAZOLE,1997,1848,0.016,0.006000000000000002,0.022,0.028,50900,0.016,0.15000000000000005,0.16600000000000004
SKODA,SCALA,SCALA,ESSENCE,1498,1184,0.183,0.024,0.015,,28923,0.183,0.6,0.7829999999999999
NISSAN,TOWNSTAR,TOWNSTAR,ESSENCE,1332,1475,0.291,0.012,0.011,,31180,0.291,0.3,0.591
B.M.W.,SERIE_X,X4,ESS+ELEC_HNR,1998,1815,0.183,0.013,0.014,,63850,0.183,0.325,0.508
B.M.W.,SERIE_4,420,ELEC+GAZOLE_HR,1995,1670,0.087,0.027999999999999997,0.017,0.045,58050,0.087,0.7,0.7869999999999999
MINI,MINI,CABRIO,ESSENCE,1998,1375,0.234,0.016,0.008,,44900,0.234,0.4,0.634
RENAULT,TALISMAN,TALISMAN,GAZOLE,1997,1658,0.063,0.022000000000000002,0.028,0.05,42700,0.063,0.55,0.613
VOLKSWAGEN,TIGUAN,TIGUAN,ESSENCE,1498,1466,0.234,0.024,0.024,,45809,0.234,0.6,0.834
DACIA,SANDERO,SANDERO,ESSENCE,999,1096,0.266,0.035,0.021,,15900,0.266,0.8750000000000001,1.141
B.M.W.,SERIE_1,120,ESSENCE,1998,1390,0.156,0.017,0.011,,41488,0.156,0.42500000000000004,0.5810000000000001
VOLKSWAGEN,CADDY,CADDY,GAZOLE,1968,1620,0.025,0.019000000000000003,0.047,0.066,36530,0.025,0.4750000000000001,0.5000000000000001
MERCEDES,CLASSE_GLE,GLE_300,ELEC+GAZOLE_HR,1993,2205,0.04,0.01,0.01,0.02,86350,0.04,0.25,0.29
RENAULT,TRAFIC,TRAFIC,GAZOLE,1997,2033,0.04,0.006999999999999999,0.038,0.045,42550,0.04,0.175,0.215
B.M.W.,SERIE_X,X2,GAZOLE,1995,1540,0.177,0.049,0.016,0.065,45667,0.177,1.225,1.4020000000000001
VOLVO,V60,V60,ELEC+GAZOLE_HR,1969,1728,0.243,0.026000000000000002,0.039,0.065,58933,0.243,0.65,0.893
MINI,MINI,COUNTRYMAN,GAZOLE,1995,1570,0.076,0.034,0.02,0.054,41733,0.076,0.8500000000000001,0.926
MERCEDES,CLASSE_S,S_580,ELEC+ESSENC_HR,2999,2325,0.247,0.013,0.004,,82525,0.247,0.325,0.5720000000000001
FORD,FIESTA,FIESTA,SUPERETHANOL,999,1114,0.393,0.037,0.011,,23090,0.393,0.9249999999999999,1.318
VOLVO,XC60,XC60,ELEC+GAZOLE_HR,1969,1837,0.246,0.027999999999999997,0.031,0.059,63730,0.246,0.7,0.946
SKODA,KAMIQ,KAMIQ,ESSENCE,999,1177,0.167,0.02,0.037,,28070,0.167,0.5,0.667
DACIA,DUSTER,DUSTER,GAZOLE,1461,1443,0.143,0.062000000000000006,0.023,0.085,22783,0.143,1.5500000000000003,1.6930000000000003
FORD,TRANSIT_CUSTOM,TRANSIT_CUSTOM,GAZOLE,1995,2012,0.117,0.014,0.049,0.065,51095,0.117,0.35000000000000003,0.467
JAGUAR,XE,XE,ELEC+GAZOLE_HR,1998,1679,0.071,0.015,0.017,0.031,57673,0.071,0.375,0.446
FIAT,500X,500X,ESSENCE,1332,1320,0.291,0.033,0.012,,31413,0.291,0.8250000000000001,1.116
LAND_ROVER,RANGE_ROVER,RANGE_ROVER,ELEC+ESSENC_HR,2996,2735,0.482,0.03,0.032,,178075,0.482,0.75,1.232
ALFA_ROMEO,GIULIA,GIULIA,GAZOLE,2143,1465,0.048,0.0029999999999999957,0.041,0.044,45600,0.048,0.0749999999999999,0.1229999999999999
SKODA,KAROQ,KAROQ,ESSENCE,1498,1336,0.211,0.028,0.023,,33965,0.211,0.7000000000000001,0.911
HYUNDAI,TUCSON,TUCSON,ELEC+GAZOLE_HR,1598,1590,0.151,0.048,0.046,0.094,42200,0.151,1.2,1.351
MINI,MINI,MINI,ESSENCE,1499,1200,0.288,0.018,0.012,,29757,0.288,0.44999999999999996,0.738
RENAULT,CLIO,CLIO,ESSENCE,999,1115,0.258,0.032,0.028,,22850,0.258,0.8,1.058
PORSCHE,CAYENNE_E_HYBRID,CAYENNE,ELEC+ESSENC_HR,2995,2360,0.389,0.021,0.021,,105929,0.389,0.525,0.914
MINI,MINI,COUNTRYMAN,GAZOLE,1496,1440,0.097,0.025999999999999995,0.017,0.043,35880,0.097,0.6499999999999999,0.7469999999999999
MERCEDES,CLASSE_C,C_200,ELEC+GAZOLE_HR,1993,1705,0.064,0.007,0.007,0.014,55683,0.064,0.17500000000000002,0.23900000000000002
B.M.W.,SERIE_5,530,ELEC+ESSENC_HR,1998,1835,0.319,0.015,0.011,,65588,0.319,0.375,0.694
MERCEDES,CLASSE_CLS,CLS_220,GAZOLE,1950,1725,0.022,0.006000000000000002,0.029,0.035,77500,0.022,0.15000000000000005,0.17200000000000004
RENAULT,ARKANA_E_TECH,ARKANA,ESS+ELEC_HNR,1598,1435,0.383,0.02,0.003,,35656,0.383,0.5,0.883
NISSAN,QASHQAI,QASHQAI,ESS+ELEC_HNR,1497,1610,0.187,0.013,0.004,,41320,0.187,0.325,0.512
B.M.W.,SERIE_2,218,GAZOLE,1995,1470,0.178,0.053000000000000005,0.013,0.066,43563,0.178,1.3250000000000002,1.5030000000000001
B.M.W.,SERIE_X,X3,ELEC+GAZOLE_HR,1995,1810,0.159,0.038,0.023,0.061,55100,0.159,0.95,1.109
B.M.W.,SERIE_X,X5,ELEC+GAZOLE_HR,2993,2190,0.141,0.018000000000000002,0.045,0.063,79017,0.141,0.45000000000000007,0.5910000000000001
KIA,SPORTAGE,SPORTAGE,ESS+ELEC_HNR,1598,1574,0.129,0.011,0.028,,42390,0.129,0.27499999999999997,0.40399999999999997
OPEL,COMBO_LIFE,COMBO,GAZOLE,1499,1430,0.052,0.0030000000000000027,0.051,0.054,25850,0.052,0.07500000000000007,0.12700000000000006
MERCEDES,AMG_GT,AMG_GT_63_S_E_PERFORMANCE,ELEC+ESSENC_HR,3982,2305,0.617,0.019,0.008,,174150,0.617,0.475,1.092
SKODA,KAMIQ,KAMIQ,ESSENCE,1498,1195,0.183,0.024,0.015,,27790,0.183,0.6,0.7829999999999999
MERCEDES,CLASSE_A,A_35_AMG,ESSENCE,1991,1505,0.287,0.018,0.016,,61550,0.287,0.44999999999999996,0.7369999999999999
MINI,MINI,MINI,ESSENCE,1998,1205,0.252,0.016,0.013,,32871,0.252,0.4,0.652
B.M.W.,SERIE_1,116,ESSENCE,1499,1320,0.179,0.019,0.011,,33960,0.179,0.475,0.6539999999999999
DACIA,JOGGER,JOGGER,ESSENCE,999,1205,0.234,0.024,0.023,,20150,0.234,0.6,0.834
B.M.W.,SERIE_5,518,ELEC+GAZOLE_HR,1995,1755,0.095,0.029,0.021,0.05,57613,0.095,0.7250000000000001,0.8200000000000001
KIA,STONIC,STONIC,ESS+ELEC_HNR,998,1185,0.112,0.022,0.025,,26470,0.112,0.5499999999999999,0.6619999999999999
VOLKSWAGEN,TIGUAN,TIGUAN,ESSENCE,1498,1461,0.234,0.024,0.024,,45809,0.234,0.6,0.834
B.M.W.,SERIE_4,420,ESSENCE,1998,1620,0.255,0.022,0.014,,53833,0.255,0.5499999999999999,0.8049999999999999
B.M.W.,SERIE_X,X3,ELEC+GAZOLE_HR,1995,1810,0.159,0.038,0.023,0.061,55100,0.159,0.95,1.109
KIA,XCEED,XCEED,ELEC+ESSENC_HR,1580,1534,0.077,0.017,0.009,,39290,0.077,0.42500000000000004,0.502
B.M.W.,SERIE_X,X6,ELEC+GAZOLE_HR,2993,2185,0.145,0.018000000000000002,0.045,0.063,84025,0.145,0.45000000000000007,0.5950000000000001
B.M.W.,SERIE_1,116,GAZOLE,1496,1385,0.037,0.02,0.019,0.039,38560,0.037,0.5,0.537
PEUGEOT,208,208,ESSENCE,1199,1158,0.209,0.02,0.026,,29353,0.209,0.5,0.709
B.M.W.,SERIE_2,218,GAZOLE,1995,1470,0.178,0.053000000000000005,0.013,0.066,43563,0.178,1.3250000000000002,1.5030000000000001
B.M.W.,SERIE_1,116,GAZOLE,1496,1375,0.059,0.017000000000000005,0.018,0.035,36260,0.059,0.4250000000000001,0.4840000000000001
JEEP,COMPASS,COMPASS,ESS+ELEC_HNR,1469,1500,0.28,0.041,0.013,,40533,0.28,1.0250000000000001,1.3050000000000002
RENAULT,KOLEOS,KOLEOS,ESSENCE,1332,1515,0.272,0.013,0.019,,45650,0.272,0.325,0.597
MERCEDES,CLASSE_C,C_220,ELEC+GAZOLE_HR,1993,1800,0.056,0.005999999999999999,0.007,0.013,62283,0.056,0.15,0.206
VOLKSWAGEN,KOMBI,KOMBI,GAZOLE,1968,1919,0.015,0.013999999999999999,0.033,0.047,60740,0.015,0.35,0.365
B.M.W.,SERIE_1,120,GAZOLE,1995,1515,0.071,0.037000000000000005,0.021,0.058,46988,0.071,0.9250000000000002,0.9960000000000001
PORSCHE,718_BOXSTER_GTS,BOXSTER,ESSENCE,3995,1405,0.148,0.02,0.018,,88955,0.148,0.5,0.648
VOLKSWAGEN,CADDY,CADDY,GAZOLE,1968,1568,0.023,0.020999999999999998,0.038,0.059,38773,0.023,0.5249999999999999,0.5479999999999999
B.M.W.,SERIE_2,220,GAZOLE,1995,1565,0.071,0.037000000000000005,0.021,0.058,49633,0.071,0.9250000000000002,0.9960000000000001
DACIA,SANDERO,SANDERO,ESS+G.P.L.,999,1107,0.39,0.038,0.02,,12940,0.39,0.95,1.3399999999999999
DACIA,SANDERO,SANDERO,ESS+G.P.L.,999,1107,0.569,0.041,0.038,,12940,0.569,1.0250000000000001,1.594
B.M.W.,SERIE_X,X3,ELEC+GAZOLE_HR,2993,1935,0.131,0.017,0.043,0.06,65800,0.131,0.42500000000000004,0.556
B.M.W.,SERIE_X,X3,ELEC+GAZOLE_HR,1995,1840,0.165,0.044000000000000004,0.025,0.069,59100,0.165,1.1,1.2650000000000001
PORSCHE,718_CAYMAN,CAYMAN,ESSENCE,1988,1365,0.145,0.018,0.027,,63796,0.145,0.44999999999999996,0.595
MERCEDES,CLASSE_GLE,GLE_300,ELEC+GAZOLE_HR,1993,2205,0.049,0.007999999999999998,0.01,0.018,86350,0.049,0.19999999999999996,0.24899999999999994
FIAT,500X,500X,ESSENCE,1332,1320,0.291,0.033,0.012,,31413,0.291,0.8250000000000001,1.116
MERCEDES,CLASSE_GLE,GLE_350,ELEC+GAZOLE_HR,1950,2580,0.031,0.0049999999999999975,0.038,0.043,95650,0.031,0.12499999999999994,0.15599999999999994
B.M.W.,SERIE_4,420,ELEC+GAZOLE_HR,1995,1705,0.112,0.027999999999999997,0.017,0.045,56383,0.112,0.7,0.8119999999999999
FORD,KUGA,KUGA,ELEC+ESSENC_HR,2488,1769,0.465,0.02,0.008,,46290,0.465,0.5,0.9650000000000001
HYUNDAI,KONA,KONA,ESS+ELEC_HNR,1580,1376,0.094,0.014,0.003,,29780,0.094,0.35000000000000003,0.44400000000000006
CUPRA,FORMENTOR,FORMENTOR,ESSENCE,1498,1383,0.381,0.031,0.014,,38453,0.381,0.775,1.1560000000000001
VOLVO,V60,V60,ELEC+ESSENC_HR,1969,1989,0.283,0.007,0.007,,76800,0.283,0.17500000000000002,0.45799999999999996
B.M.W.,SERIE_5,530,ELEC+ESSENC_HR,1998,1960,0.311,0.01,0.011,,70838,0.311,0.25,0.5609999999999999
SKODA,OCTAVIA,OCTAVIA,GAZOLE,1968,1412,0.026,0.008999999999999998,0.028,0.037,36598,0.026,0.22499999999999995,0.25099999999999995
CITROEN,BERLINGO,BERLINGO,ESSENCE,1199,1482,0.588,0.024,0.035,,28175,0.588,0.6,1.188
FORD,PUMA,PUMA,ESS+ELEC_HNR,999,1259,0.362,0.047,0.021,,33917,0.362,1.175,1.537
LAND_ROVER,RANGE_ROVER,RANGE_ROVER,ELEC+GAZOLE_HR,2997,2429,0.136,0.022000000000000002,0.027,0.049,169550,0.136,0.55,0.686
SKODA,KODIAQ,KODIAQ,GAZOLE,1968,1754,0.023,0.007999999999999997,0.029,0.037,33820,0.023,0.19999999999999993,0.22299999999999992
RENAULT,KANGOO,KANGOO,ESSENCE,1332,1475,0.28,0.011,0.012,,25900,0.28,0.27499999999999997,0.5549999999999999
MERCEDES,CLASSE_C,C_200,ELEC+GAZOLE_HR,1993,1705,0.064,0.007,0.007,0.014,55683,0.064,0.17500000000000002,0.23900000000000002
B.M.W.,SERIE_X,X5,ELEC+GAZOLE_HR,2993,2190,0.145,0.018000000000000002,0.045,0.063,77717,0.145,0.45000000000000007,0.5950000000000001
OPEL,INSIGNIA_SPORTS_TOURER,INSIGNIA,GAZOLE,1995,1540,0.049,0.013,0.014,0.027,44925,0.049,0.325,0.374
KIA,RIO,RIO,ESSENCE,1197,1045,0.327,0.038,0.014,,17473,0.327,0.95,1.277
B.M.W.,SERIE_4,420,ELEC+GAZOLE_HR,1995,1605,0.086,0.018000000000000002,0.017,0.035,55650,0.086,0.45000000000000007,0.536
MERCEDES,CLASSE_C,C_220,ELEC+GAZOLE_HR,1993,1765,0.055,0.008,0.006,0.014,62283,0.055,0.2,0.255
DS,DS_3_CROSSBACK,3_CROSSBACK,ESSENCE,1199,1205,0.332,0.022,0.022,,35234,0.332,0.5499999999999999,0.8819999999999999
FORD,KUGA,KUGA,ESS+ELEC_HNR,2488,1626,0.205,0.011,0.01,,43590,0.205,0.27499999999999997,0.48
B.M.W.,SERIE_5,530,ELEC+GAZOLE_HR,2993,1820,0.113,0.023,0.052,0.075,69988,0.113,0.575,0.688
VOLKSWAGEN,ARTEON,ARTEON,GAZOLE,1968,1584,0.025,0.008,0.032,0.04,56970,0.025,0.2,0.225
RENAULT,CLIO,CLIO,ESS+ELEC_HNR,1598,1266,0.416,0.023,0.005,,25133,0.416,0.575,0.9909999999999999
MINI,MINI,CLUBMAN,GAZOLE,1995,1470,0.17,0.046,0.014,0.06,41000,0.17,1.15,1.3199999999999998
AUDI,Q3,Q3,ESSENCE,1498,1450,0.127,0.015,0.021,,40300,0.127,0.375,0.502
PORSCHE,911_GT3,911,ESSENCE,3996,1418,0.319,0.021,0.035,,182167,0.319,0.525,0.8440000000000001
FERRARI,PORTOFINO_M,PORTOFINO,ESSENCE,3855,1675,0.187,0.027,0.021,,203399,0.187,0.675,0.8620000000000001
SKODA,SUPERB,SUPERB,GAZOLE,1968,1579,0.024,0.008,0.032,0.04,48245,0.024,0.2,0.224
CITROEN,C3_AIRCROSS,C3_AIRCROSS,GAZOLE,1499,1260,0.055,0.002999999999999999,0.025,0.028,29340,0.055,0.07499999999999998,0.12999999999999998
MERCEDES,CLASSE_GLE,GLE_350,ELEC+GAZOLE_HR,1950,2580,0.031,0.0040000000000000036,0.046,0.05,95650,0.031,0.10000000000000009,0.1310000000000001
NISSAN,MICRA,MICRA,ESSENCE,999,1068,0.138,0.027,0.034,,22761,0.138,0.675,0.8130000000000001
MINI,MINI,MINI,ESSENCE,1998,1245,0.224,0.016,0.011,,40400,0.224,0.4,0.624
FORD,PUMA,PUMA,ESS+ELEC_HNR,999,1259,0.377,0.042,0.023,,30570,0.377,1.05,1.427
B.M.W.,SERIE_4,420,ELEC+GAZOLE_HR,1995,1705,0.112,0.027999999999999997,0.017,0.045,56383,0.112,0.7,0.8119999999999999
VOLVO,XC40,XC40,ELEC+ESSENC_HR,1477,1737,0.11,0.006,0.008,,56400,0.11,0.15,0.26
B.M.W.,SERIE_X,X3,ESS+ELEC_HNR,1998,1800,0.157,0.013,0.017,,54800,0.157,0.325,0.482
CITROEN,JUMPY_SPACE_TOURER,SPACE_TOURER,GAZOLE,1499,1659,0.072,0.0049999999999999975,0.05,0.055,33350,0.072,0.12499999999999994,0.19699999999999995
PEUGEOT,508,508,ESSENCE,1199,1420,0.341,0.02,0.038,,43375,0.341,0.5,0.841
DACIA,DUSTER,DUSTER,GAZOLE,1461,1326,0.146,0.049,0.019,0.068,21013,0.146,1.225,1.371
RENAULT,MEGANE,MEGANE,ESSENCE,999,1197,0.303,0.021,0.022,,25767,0.303,0.525,0.8280000000000001
B.M.W.,SERIE_4,440,ESS+ELEC_HNR,2998,1740,0.087,0.013,0.009,,70650,0.087,0.325,0.41200000000000003
MINI,MINI,CLUBMAN,GAZOLE,1995,1540,0.074,0.039999999999999994,0.019,0.059,44029,0.074,0.9999999999999999,1.0739999999999998
FERRARI,812,812,ESSENCE,6496,1790,0.336,0.026,0.026,,295948,0.336,0.65,0.986
OPEL,GRANDLAND,GRANDLAND,ELEC+ESSENC_HR,1598,1801,0.588,0.018,0.024,,55400,0.588,0.44999999999999996,1.0379999999999998
SUZUKI,SWACE,SWACE,ESS+ELEC_HNR,1798,1400,0.101,0.015,0.002,,30500,0.101,0.375,0.476
B.M.W.,SERIE_2,220,ESSENCE,1998,1490,0.226,0.024,0.013,,45650,0.226,0.6,0.826
MERCEDES,CLASSE_E,E_400,GAZOLE,2925,1845,0.033,0.018999999999999996,0.033,0.052,82425,0.033,0.4749999999999999,0.5079999999999999
RENAULT,MEGANE,MEGANE,GAZOLE,1461,1347,0.151,0.046,0.026,0.072,33775,0.151,1.15,1.301
B.M.W.,SERIE_X,X3,ELEC+GAZOLE_HR,2993,1935,0.131,0.017,0.043,0.06,65800,0.131,0.42500000000000004,0.556
HYUNDAI,TUCSON,TUCSON,ESS+ELEC_HNR,1598,1491,0.418,0.043,0.032,,40300,0.418,1.075,1.4929999999999999
MAZDA,MAZDA2_HYBRID,2,ESS+ELEC_HNR,1490,1125,0.149,0.025,0.01,,20125,0.149,0.625,0.774
RENAULT,TRAFIC,TRAFIC,GAZOLE,1997,1963,0.04,0.006999999999999999,0.038,0.045,42550,0.04,0.175,0.215
PEUGEOT,208,208,ESSENCE,1199,1090,0.383,0.027,0.028,,26013,0.383,0.675,1.058
B.M.W.,SERIE_1,128,ESSENCE,1998,1445,0.102,0.009,0.016,,47600,0.102,0.22499999999999998,0.32699999999999996
KIA,XCEED,XCEED,ELEC+GAZOLE_HR,1598,1397,0.243,0.041,0.023,0.064,35070,0.243,1.0250000000000001,1.2680000000000002
VOLVO,S60,S60,ELEC+ESSENC_HR,1969,1985,0.677,0.006,0.008,,77600,0.677,0.15,0.8270000000000001
B.M.W.,SERIE_1,120,ESSENCE,1998,1390,0.156,0.017,0.011,,41488,0.156,0.42500000000000004,0.5810000000000001
MINI,MINI,MINI,ESSENCE,1998,1265,0.252,0.016,0.013,,33771,0.252,0.4,0.652
JEEP,COMPASS,COMPASS,ESS+ELEC_HNR,1469,1500,0.28,0.041,0.013,,40533,0.28,1.0250000000000001,1.3050000000000002
B.M.W.,SERIE_5,530,ELEC+ESSENC_HR,1998,1900,0.352,0.012,0.011,,68188,0.352,0.3,0.6519999999999999
CITROEN,C4_X,C4_X,ESSENCE,1199,1289,0.325,0.02,0.033,,24000,0.325,0.5,0.825
MINI,MINI,CABRIO,ESSENCE,1998,1375,0.234,0.016,0.008,,44900,0.234,0.4,0.634
B.M.W.,SERIE_2,218,GAZOLE,1995,1545,0.05,0.005999999999999998,0.041,0.047,38888,0.05,0.14999999999999997,0.19999999999999996
MERCEDES,CLASSE_E,E_200,GAZOLE,1950,1725,0.022,0.006000000000000002,0.029,0.035,72300,0.022,0.15000000000000005,0.17200000000000004
KIA,PICANTO,PICANTO,ESSENCE,998,903,0.324,0.025,0.012,,14810,0.324,0.625,0.9490000000000001
B.M.W.,SERIE_4,420,ESSENCE,1998,1690,0.237,0.022,0.018,,60100,0.237,0.5499999999999999,0.7869999999999999
MERCEDES,CLASSE_C,C_220,GAZOLE,1950,1710,0.059,0.009000000000000001,0.02,0.029,58850,0.059,0.22500000000000003,0.28400000000000003
B.M.W.,SERIE_2,220,ESSENCE,1998,1430,0.156,0.017,0.011,,44133,0.156,0.42500000000000004,0.5810000000000001
VOLVO,V60_CROSS_COUNTRY,V60,ELEC+GAZOLE_HR,1969,1849,0.247,0.027999999999999997,0.033,0.061,61250,0.247,0.7,0.947
B.M.W.,SERIE_X,X4,ESS+ELEC_HNR,2998,1920,0.109,0.015,0.013,,80750,0.109,0.375,0.484
B.M.W.,SERIE_1,120,ESSENCE,1998,1390,0.156,0.017,0.011,,41488,0.156,0.42500000000000004,0.5810000000000001
B.M.W.,SERIE_X,X3,ELEC+GAZOLE_HR,2993,2005,0.122,0.013999999999999999,0.038,0.052,78000,0.122,0.35,0.472
CITROEN,C5_X,C5_X,ESSENCE,1598,1467,0.519,0.021,0.034,,44000,0.519,0.525,1.044
NISSAN,QASHQAI,QASHQAI,ESS+ELEC_HNR,1332,1329,0.314,0.012,0.017,,34540,0.314,0.3,0.614
B.M.W.,SERIE_2,220,GAZOLE,1995,1565,0.071,0.037000000000000005,0.021,0.058,49633,0.071,0.9250000000000002,0.9960000000000001
RENAULT,TRAFIC,TRAFIC,GAZOLE,1997,2001,0.04,0.006999999999999999,0.038,0.045,42550,0.04,0.175,0.215
RENAULT,KANGOO,KANGOO,ESSENCE,1332,1475,0.291,0.012,0.011,,28900,0.291,0.3,0.591
MERCEDES,CLASSE_C,C_220,ELEC+GAZOLE_HR,1993,1715,0.063,0.007,0.007,0.014,59883,0.063,0.17500000000000002,0.23800000000000002
VOLKSWAGEN,TIGUAN,TIGUAN,GAZOLE,1968,1679,0.026,0.009000000000000001,0.03,0.039,52000,0.026,0.22500000000000003,0.25100000000000006
VOLKSWAGEN,ARTEON,ARTEON,GAZOLE,1968,1584,0.025,0.008,0.032,0.04,56970,0.025,0.2,0.225
RENAULT,AUSTRAL,AUSTRAL,ESS+ELEC_HNR,1332,1464,0.278,0.024,0.019,,38800,0.278,0.6,0.878
SEAT,LEON,LEON,ESS+ELEC_HNR,999,1260,0.103,0.019,0.035,,29158,0.103,0.475,0.578
B.M.W.,SERIE_4,420,ELEC+GAZOLE_HR,1995,1705,0.112,0.027999999999999997,0.017,0.045,56383,0.112,0.7,0.8119999999999999
B.M.W.,SERIE_5,530,ELEC+ESSENC_HR,1998,1960,0.311,0.01,0.011,,70838,0.311,0.25,0.5609999999999999
KIA,RIO,RIO,ESSENCE,1197,1045,0.327,0.038,0.014,,17473,0.327,0.95,1.277
SKODA,KAMIQ,KAMIQ,ESSENCE,999,1185,0.153,0.023,0.043,,29620,0.153,0.575,0.728
DACIA,LODGY,LODGY,ESSENCE,1332,1259,0.257,0.016,0.012,,17400,0.257,0.4,0.657
B.M.W.,SERIE_2,240,ESSENCE,2998,1690,0.143,0.022,0.009,,61550,0.143,0.5499999999999999,0.693
HONDA,JAZZ,JAZZ,ESS+ELEC_HNR,1498,1225,0.052,0.007,0.006,,25920,0.052,0.17500000000000002,0.227
FIAT,500L,500L,GAZOLE,1248,1400,0.135,0.036,0.055,0.091,23290,0.135,0.8999999999999999,1.035
B.M.W.,SERIE_X,X4,ELEC+GAZOLE_HR,1995,1840,0.165,0.044000000000000004,0.025,0.069,62150,0.165,1.1,1.2650000000000001
DS,DS_4,4,ESSENCE,1598,1419,0.433,0.026,0.037,,46700,0.433,0.65,1.083
JEEP,COMPASS,COMPASS,GAZOLE,1598,1540,0.067,0.024000000000000007,0.044,0.068,38650,0.067,0.6000000000000002,0.6670000000000003
MINI,MINI,COUNTRYMAN,ESSENCE,1499,1420,0.085,0.013,0.007,,35080,0.085,0.325,0.41000000000000003
B.M.W.,SERIE_1,116,ESSENCE,1499,1320,0.179,0.019,0.011,,33960,0.179,0.475,0.6539999999999999
B.M.W.,SERIE_X,X2,GAZOLE,1995,1510,0.192,0.061000000000000006,0.024,0.085,43167,0.192,1.5250000000000001,1.717
B.M.W.,SERIE_1,118,GAZOLE,1995,1405,0.185,0.052,0.023,0.075,38110,0.185,1.3,1.485
ALFA_ROMEO,GIULIA,GIULIA,GAZOLE,2143,1465,0.048,0.0029999999999999957,0.041,0.044,46350,0.048,0.0749999999999999,0.1229999999999999
MINI,MINI,COUNTRYMAN,ESSENCE,1998,1605,0.314,0.012,0.012,,51800,0.314,0.3,0.614
VOLKSWAGEN,T_ROC,T_ROC,ESSENCE,999,1421,0.158,0.018,0.031,,37205,0.158,0.44999999999999996,0.608
B.M.W.,SERIE_X,X3,ESS+ELEC_HNR,2998,1910,0.109,0.015,0.013,,77900,0.109,0.375,0.484
FORD,TRANSIT_CUSTOM,TRANSIT_CUSTOM,ELEC+GAZOLE_HR,1995,1991,0.096,0.009,0.047,0.057,45030,0.096,0.22499999999999998,0.32099999999999995
FIAT,500X,500X,ESSENCE,1332,1320,0.291,0.033,0.012,,31413,0.291,0.8250000000000001,1.116
RENAULT,MEGANE,MEGANE,GAZOLE,1461,1373,0.171,0.061,0.021,0.082,32775,0.171,1.525,1.696
ALFA_ROMEO,GIULIA,GIULIA,GAZOLE,2143,1465,0.048,0.0029999999999999957,0.041,0.044,50883,0.048,0.0749999999999999,0.1229999999999999
RENAULT,CLIO,CLIO,ESSENCE,1332,1115,0.247,0.01,0.012,,25075,0.247,0.25,0.497
DS,DS_9,9,ESSENCE,1598,1540,0.378,0.019,0.024,,52700,0.378,0.475,0.853
MERCEDES,CLASSE_GLC,GLC_220,ELEC+GAZOLE_HR,1993,1925,0.034,0.005000000000000001,0.012,0.017,62633,0.034,0.12500000000000003,0.15900000000000003
OPEL,COMBO_LIFE,COMBO,ESSENCE,1199,1410,0.588,0.024,0.035,,26935,0.588,0.6,1.188
B.M.W.,SERIE_2,218,ESSENCE,1499,1375,0.273,0.023,0.015,,40663,0.273,0.575,0.848
VOLVO,XC40,XC40,ELEC+ESSENC_HR,1477,1737,0.11,0.006,0.008,,56400,0.11,0.15,0.26
NISSAN,QASHQAI,QASHQAI,ESS+ELEC_HNR,1332,1375,0.292,0.017,0.02,,39315,0.292,0.42500000000000004,0.7170000000000001
MINI,MINI,MINI,ESSENCE,1499,1200,0.288,0.018,0.012,,29757,0.288,0.44999999999999996,0.738
DS,DS_3_CROSSBACK,3_CROSSBACK,GAZOLE,1499,1205,0.058,0.005999999999999998,0.046,0.052,30550,0.058,0.14999999999999997,0.20799999999999996
MINI,MINI,MINI,ESSENCE,1998,1265,0.252,0.016,0.013,,33771,0.252,0.4,0.652
VOLKSWAGEN,PASSAT,PASSAT,GAZOLE,1968,1480,0.029,0.023,0.042,0.065,43500,0.029,0.575,0.604
VOLKSWAGEN,TIGUAN,TIGUAN,GAZOLE,1968,1679,0.026,0.009999999999999998,0.029,0.039,52000,0.026,0.24999999999999997,0.27599999999999997
B.M.W.,SERIE_X,X3,ELEC+GAZOLE_HR,1995,1840,0.165,0.044000000000000004,0.025,0.069,59100,0.165,1.1,1.2650000000000001
LAND_ROVER,DISCOVERY_SPORT,DISCOVERY_SPORT,ELEC+GAZOLE_HR,1998,1951,0.121,0.016999999999999994,0.035,0.052,62049,0.121,0.4249999999999999,0.5459999999999998
RENAULT,KANGOO,KANGOO,GAZOLE,1461,1586,0.164,0.045,0.035,0.078,28050,0.164,1.125,1.289
B.M.W.,SERIE_5,520,ELEC+GAZOLE_HR,1995,1780,0.096,0.026,0.02,0.046,61063,0.096,0.65,0.746
SKODA,OCTAVIA,OCTAVIA,GAZOLE,1968,1412,0.026,0.008999999999999998,0.028,0.037,36598,0.026,0.22499999999999995,0.25099999999999995
SKODA,KAROQ,KAROQ,ESSENCE,1498,1342,0.126,0.014,0.01,,37898,0.126,0.35000000000000003,0.47600000000000003
B.M.W.,SERIE_3,330,ELEC+ESSENC_HR,1998,1825,0.323,0.016,0.011,,60333,0.323,0.4,0.7230000000000001
RENAULT,MEGANE,MEGANE,ESSENCE,1332,1315,0.183,0.013,0.01,,30775,0.183,0.325,0.508
SKODA,SCALA,SCALA,ESSENCE,1498,1184,0.183,0.024,0.015,,28923,0.183,0.6,0.7829999999999999
SKODA,OCTAVIA,OCTAVIA,GAZOLE,1968,1412,0.026,0.008999999999999998,0.028,0.037,36598,0.026,0.22499999999999995,0.25099999999999995
ALFA_ROMEO,STELVIO,STELVIO,GAZOLE,2143,1745,0.04,0.0040000000000000036,0.044,0.048,56350,0.04,0.10000000000000009,0.1400000000000001
DACIA,DUSTER,DUSTER,ESSENCE,1332,1328,0.286,0.013,0.015,,21033,0.286,0.325,0.611
B.M.W.,SERIE_4,430,ELEC+GAZOLE_HR,2993,1845,0.124,0.012999999999999998,0.042,0.055,62950,0.124,0.32499999999999996,0.44899999999999995
FORD,FOCUS,FOCUS,ESS+ELEC_HNR,999,1376,0.337,0.043,0.018,,34950,0.337,1.075,1.412
B.M.W.,SERIE_2,220,ESS+ELEC_HNR,1499,1520,0.181,0.009,0.015,,38638,0.181,0.22499999999999998,0.40599999999999997
VOLVO,XC40,XC40,ELEC+ESSENC_HR,1477,1737,0.11,0.006,0.008,,51525,0.11,0.15,0.26
VOLVO,XC90,XC90,ELEC+GAZOLE_HR,1969,2095,0.254,0.027999999999999997,0.043,0.071,91530,0.254,0.7,0.954
MERCEDES,CLASSE_C,C_220,ELEC+GAZOLE_HR,1993,1715,0.063,0.007,0.007,0.014,59883,0.063,0.17500000000000002,0.23800000000000002
SKODA,KAMIQ,KAMIQ,ESSENCE,1498,1214,0.144,0.022,0.022,,31270,0.144,0.5499999999999999,0.694
VOLKSWAGEN,T_ROC,T_ROC,GAZOLE,1968,1485,0.022,0.007999999999999997,0.029,0.037,44513,0.022,0.19999999999999993,0.22199999999999992
B.M.W.,SERIE_X,X4,ELEC+GAZOLE_HR,1995,1840,0.165,0.044000000000000004,0.025,0.069,62150,0.165,1.1,1.2650000000000001
B.M.W.,SERIE_X,X3,ELEC+GAZOLE_HR,1995,1840,0.165,0.044000000000000004,0.025,0.069,59100,0.165,1.1,1.2650000000000001
PEUGEOT,2008,2008,GAZOLE,1499,1270,0.067,0.0059999999999999915,0.07,0.076,33203,0.067,0.1499999999999998,0.2169999999999998
MINI,MINI,CLUBMAN,ESSENCE,1499,1335,0.217,0.021,0.015,,34014,0.217,0.525,0.742
MINI,MINI,COUNTRYMAN,ESSENCE,1998,1480,0.135,0.018,0.014,,42588,0.135,0.44999999999999996,0.585
OPEL,COMBO_LIFE,COMBO,GAZOLE,1499,1540,0.052,0.0030000000000000027,0.051,0.054,27560,0.052,0.07500000000000007,0.12700000000000006
FIAT,500X,500X,GAZOLE,1598,1430,0.037,0.013999999999999999,0.077,0.091,33404,0.037,0.35,0.38699999999999996
FIAT,500X,500X,ESSENCE,999,1320,0.423,0.023,0.016,,24990,0.423,0.575,0.998
HYUNDAI,BAYON,BAYON,ESS+ELEC_HNR,998,1120,0.222,0.024,0.02,,22688,0.222,0.6,0.822
SKODA,SUPERB,SUPERB,GAZOLE,1968,1566,0.027,0.010999999999999996,0.032,0.043,52465,0.027,0.2749999999999999,0.30199999999999994
SKODA,FABIA,FABIA,ESSENCE,999,1076,0.193,0.021,0.042,,22347,0.193,0.525,0.718
B.M.W.,SERIE_2,218,GAZOLE,1995,1545,0.05,0.005999999999999998,0.041,0.047,38888,0.05,0.14999999999999997,0.19999999999999996
B.M.W.,SERIE_1,120,GAZOLE,1995,1515,0.071,0.037000000000000005,0.021,0.058,46988,0.071,0.9250000000000002,0.9960000000000001
LEXUS,RX450H,RX,ESS+ELEC_HNR,3456,2100,0.109,0.013,0.007,,79890,0.109,0.325,0.434
MERCEDES,CLASSE_A,A_160,ESSENCE,1332,1275,0.108,0.022,0.023,,34225,0.108,0.5499999999999999,0.6579999999999999
VOLKSWAGEN,TIGUAN,TIGUAN,GAZOLE,1968,1556,0.026,0.009000000000000001,0.03,0.039,46752,0.026,0.22500000000000003,0.25100000000000006
OPEL,MOKKA,MOKKA,GAZOLE,1499,1220,0.058,0.005999999999999998,0.046,0.052,29417,0.058,0.14999999999999997,0.20799999999999996
B.M.W.,SERIE_X,X1,ESSENCE,1499,1500,0.075,0.009,0.008,,42463,0.075,0.22499999999999998,0.3
B.M.W.,SERIE_X,X4,ELEC+GAZOLE_HR,2993,2020,0.122,0.013999999999999999,0.038,0.052,79750,0.122,0.35,0.472
B.M.W.,SERIE_X,X3,ELEC+GAZOLE_HR,1995,1840,0.165,0.044000000000000004,0.025,0.069,59100,0.165,1.1,1.2650000000000001
B.M.W.,SERIE_4,430,ELEC+GAZOLE_HR,2993,1845,0.124,0.012999999999999998,0.042,0.055,62950,0.124,0.32499999999999996,0.44899999999999995
MINI,MINI,MINI,ESSENCE,1998,1205,0.252,0.016,0.013,,32871,0.252,0.4,0.652
DS,DS_7_CROSSBACK,7_CROSSBACK,ESSENCE,1598,1428,0.59,0.023,0.031,,49207,0.59,0.575,1.165
B.M.W.,SERIE_2,220,GAZOLE,1995,1565,0.071,0.037000000000000005,0.021,0.058,49633,0.071,0.9250000000000002,0.9960000000000001
B.M.W.,SERIE_1,118,ESSENCE,1499,1320,0.273,0.023,0.015,,37510,0.273,0.575,0.848
FORD,FIESTA,FIESTA,SUPERETHANOL,999,1114,0.393,0.036,0.01,,23090,0.393,0.8999999999999999,1.293
B.M.W.,SERIE_X,X3,ESS+ELEC_HNR,1998,1800,0.157,0.013,0.017,,54800,0.157,0.325,0.482
MINI,MINI,COUNTRYMAN,ESSENCE,1499,1390,0.136,0.016,0.008,,32880,0.136,0.4,0.536
VOLKSWAGEN,CADDY,CADDY,ESSENCE,1498,1467,0.245,0.029,0.031,,29190,0.245,0.7250000000000001,0.9700000000000001
NISSAN,JUKE,JUKE,ESSENCE,999,1211,0.236,0.018,0.023,,28890,0.236,0.44999999999999996,0.6859999999999999
PORSCHE,911_CARRERA,911,ESSENCE,2981,1575,0.094,0.016,0.012,,127788,0.094,0.4,0.494
SUZUKI,SWACE,SWACE,ESS+ELEC_HNR,1798,1400,0.101,0.015,0.002,,30500,0.101,0.375,0.476
NISSAN,QASHQAI,QASHQAI,ESS+ELEC_HNR,1332,1375,0.292,0.017,0.02,,39315,0.292,0.42500000000000004,0.7170000000000001
B.M.W.,SERIE_2,218,ESSENCE,1499,1470,0.235,0.009,0.009,,36688,0.235,0.22499999999999998,0.45999999999999996
NISSAN,JUKE,JUKE,ESSENCE,999,1187,0.276,0.021,0.021,,26354,0.276,0.525,0.801
MINI,MINI,COUNTRYMAN,GAZOLE,1995,1475,0.161,0.044,0.016,0.06,39238,0.161,1.0999999999999999,1.261
PEUGEOT,RIFTER,RIFTER,ESSENCE,1199,1505,0.588,0.024,0.035,,28850,0.588,0.6,1.188
CUPRA,FORMENTOR,FORMENTOR,GAZOLE,1968,1552,0.025,0.005,0.029,0.032,44453,0.025,0.125,0.15
B.M.W.,SERIE_1,120,ESSENCE,1998,1390,0.156,0.017,0.011,,41488,0.156,0.42500000000000004,0.5810000000000001
FIAT,500C,500,ESS+ELEC_HNR,999,1011,0.3,0.028,0.022,,19150,0.3,0.7000000000000001,1.0
VOLKSWAGEN,POLO,POLO,ESSENCE,999,1124,0.18,0.023,0.039,,25223,0.18,0.575,0.7549999999999999
RENAULT,CLIO,CLIO,ESS+ELEC_HNR,1598,1243,0.416,0.023,0.005,,25133,0.416,0.575,0.9909999999999999
PEUGEOT,5008,5008,GAZOLE,1997,1607,0.101,0.011000000000000003,0.03,0.041,47840,0.101,0.2750000000000001,0.3760000000000001
B.M.W.,SERIE_3,320,ELEC+GAZOLE_HR,1995,1725,0.049,0.024999999999999998,0.018,0.043,56088,0.049,0.625,0.674
MINI,MINI,CABRIO,ESSENCE,1499,1285,0.2,0.019,0.01,,36900,0.2,0.475,0.675
VOLVO,XC60,XC60,ELEC+GAZOLE_HR,1969,1892,0.241,0.026000000000000002,0.042,0.068,76530,0.241,0.65,0.891
B.M.W.,SERIE_2,218,GAZOLE,1995,1470,0.178,0.053000000000000005,0.013,0.066,43563,0.178,1.3250000000000002,1.5030000000000001
RENAULT,MEGANE,MEGANE,ESSENCE,1332,1353,0.243,0.013,0.019,,36050,0.243,0.325,0.5680000000000001
FORD,FIESTA,FIESTA,SUPERETHANOL,999,1114,0.393,0.037,0.011,,23090,0.393,0.9249999999999999,1.318
B.M.W.,SERIE_4,420,ESSENCE,1998,1690,0.237,0.022,0.018,,60100,0.237,0.5499999999999999,0.7869999999999999
MERCEDES,CLASSE_V,V_220,GAZOLE,1950,2042,0.019,0.006999999999999999,0.019,0.026,68701,0.019,0.175,0.19399999999999998
OPEL,INSIGNIA_GRAND_SPORT,INSIGNIA,GAZOLE,1496,1524,0.051,0.016999999999999998,0.02,0.037,43113,0.051,0.42499999999999993,0.4759999999999999
B.M.W.,SERIE_1,116,ESSENCE,1499,1340,0.072,0.014,0.008,,36260,0.072,0.35000000000000003,0.42200000000000004
SKODA,OCTAVIA,OCTAVIA,ESSENCE,1498,1290,0.21,0.023,0.016,,30465,0.21,0.575,0.7849999999999999
DACIA,SANDERO,SANDERO,ESS+G.P.L.,999,1072,0.241,0.036,0.029,,13790,0.241,0.8999999999999999,1.141
PEUGEOT,508,508,ELEC+ESSENC_HR,1598,1875,0.2,0.012,0.01,,69850,0.2,0.3,0.5
OPEL,INSIGNIA_SPORTS_TOURER,INSIGNIA,GAZOLE,1995,1540,0.049,0.013,0.014,0.027,44925,0.049,0.325,0.374
FORD,FIESTA,FIESTA,SUPERETHANOL,999,1114,0.393,0.037,0.011,,23090,0.393,0.9249999999999999,1.318
VOLKSWAGEN,TIGUAN,TIGUAN,ESSENCE,1498,1461,0.234,0.024,0.024,,45809,0.234,0.6,0.834
PORSCHE,PANAMERA_TURBO_S_E_HYBRID,PANAMERA,ELEC+ESSENC_HR,3996,2365,0.177,0.017,0.005,,205297,0.177,0.42500000000000004,0.6020000000000001
VOLVO,XC40,XC40,ESSENCE,1477,1499,0.274,0.027,0.016,,31650,0.274,0.675,0.9490000000000001
B.M.W.,M5,M5,ESSENCE,4395,1895,0.214,0.013,0.011,,138500,0.214,0.325,0.539
JEEP,RENEGADE,RENEGADE,ESS+ELEC_HNR,1469,1420,0.381,0.063,0.018,,33438,0.381,1.575,1.956
OPEL,CROSSLAND,CROSSLAND_X,ESSENCE,1199,1179,0.32,0.026,0.03,,26933,0.32,0.65,0.97
B.M.W.,SERIE_4,420,ESSENCE,1998,1525,0.355,0.027,0.014,,53100,0.355,0.675,1.03
SKODA,KAMIQ,KAMIQ,ESSENCE,1498,1214,0.144,0.022,0.022,,31270,0.144,0.5499999999999999,0.694
B.M.W.,SERIE_1,116,GAZOLE,1496,1385,0.037,0.02,0.019,0.039,37240,0.037,0.5,0.537
MERCEDES,CLASSE_A,A_250,ELEC+ESSENC_HR,1332,1600,0.078,0.016,0.012,,47875,0.078,0.4,0.47800000000000004
VOLKSWAGEN,TOURAN,TOURAN,ESSENCE,1498,1488,0.129,0.016,0.023,,37750,0.129,0.4,0.529
RENAULT,TALISMAN,TALISMAN,GAZOLE,1997,1658,0.089,0.023,0.038,0.061,52900,0.089,0.575,0.6639999999999999
B.M.W.,SERIE_4,440,ESS+ELEC_HNR,2998,1740,0.087,0.013,0.009,,70650,0.087,0.325,0.41200000000000003
KIA,RIO,RIO,ESS+ELEC_HNR,998,1155,0.112,0.022,0.025,,24973,0.112,0.5499999999999999,0.6619999999999999
MERCEDES,CLASSE_V,V_250,GAZOLE,1950,2092,0.116,0.015,0.022,0.037,74793,0.116,0.375,0.491
B.M.W.,SERIE_1,118,ESSENCE,1499,1320,0.273,0.023,0.015,,37510,0.273,0.575,0.848
MERCEDES,CLASSE_B,B_250,ELEC+ESSENC_HR,1332,1645,0.078,0.016,0.012,,49933,0.078,0.4,0.47800000000000004
B.M.W.,SERIE_X,X5,ELEC+ESSENC_HR,2998,2435,0.148,0.016,0.009,,91300,0.148,0.4,0.548
JAGUAR,F_PACE,F_PACE,ELEC+ESSENC_HR,1997,2147,0.601,0.025,0.02,,67870,0.601,0.625,1.226
MINI,MINI,COUNTRYMAN,GAZOLE,1995,1600,0.07,0.036000000000000004,0.019,0.055,48633,0.07,0.9000000000000001,0.9700000000000002
B.M.W.,SERIE_1,118,GAZOLE,1995,1430,0.171,0.049,0.013,0.062,40410,0.171,1.225,1.3960000000000001
KIA,STONIC,STONIC,ESS+ELEC_HNR,998,1150,0.079,0.016,0.025,,25270,0.079,0.4,0.47900000000000004
RENAULT,CAPTUR,CAPTUR,ESS+ELEC_HNR,1332,1245,0.202,0.012,0.021,,28967,0.202,0.3,0.502
NISSAN,QASHQAI,QASHQAI,ESS+ELEC_HNR,1332,1375,0.292,0.017,0.02,,39315,0.292,0.42500000000000004,0.7170000000000001
FORD,TOURNEO_CUSTOM,TOURNEO_CUSTOM,GAZOLE,1995,2255,0.117,0.014,0.049,0.065,48288,0.117,0.35000000000000003,0.467
B.M.W.,SERIE_4,440,ESS+ELEC_HNR,2998,1825,0.099,0.016,0.01,,71000,0.099,0.4,0.499
CITROEN,JUMPY_SPACE_TOURER,SPACE_TOURER,GAZOLE,1997,1718,0.028,0.004,0.023,0.027,34750,0.028,0.1,0.128
B.M.W.,SERIE_4,430,ELEC+GAZOLE_HR,2993,1845,0.124,0.012999999999999998,0.042,0.055,62950,0.124,0.32499999999999996,0.44899999999999995
B.M.W.,SERIE_4,440,ELEC+GAZOLE_HR,2993,1980,0.114,0.013999999999999999,0.033,0.047,78250,0.114,0.35,0.46399999999999997
FIAT,500,500,ESS+ELEC_HNR,999,989,0.281,0.031,0.048,,18500,0.281,0.775,1.056
RENAULT,KANGOO,KANGOO,GAZOLE,1461,1558,0.17,0.048,0.039,0.086,29800,0.17,1.2,1.3699999999999999
FORD,FIESTA,FIESTA,SUPERETHANOL,999,1114,0.393,0.037,0.011,,23090,0.393,0.9249999999999999,1.318
FIAT,500X,500X,ESSENCE,1332,1320,0.291,0.033,0.012,,31413,0.291,0.8250000000000001,1.116
B.M.W.,SERIE_X,X4,ESS+ELEC_HNR,1998,1815,0.183,0.013,0.014,,63850,0.183,0.325,0.508
MINI,MINI,CLUBMAN,ESSENCE,1499,1360,0.089,0.014,0.009,,32475,0.089,0.35000000000000003,0.43900000000000006
B.M.W.,SERIE_2,218,ESSENCE,1499,1470,0.235,0.009,0.009,,36688,0.235,0.22499999999999998,0.45999999999999996
MERCEDES,CLASSE_B,B_250,ESSENCE,1991,1480,0.212,0.01,0.011,,49850,0.212,0.25,0.46199999999999997
SKODA,FABIA,FABIA,ESSENCE,999,1076,0.193,0.021,0.042,,22347,0.193,0.525,0.718
FERRARI,SF90_SPIDER,SF90,ELEC+ESSENC_HR,3990,1850,0.367,0.029,0.014,,475000,0.367,0.7250000000000001,1.092
MINI,MINI,CLUBMAN,ESSENCE,1998,1555,0.182,0.012,0.019,,51350,0.182,0.3,0.482
B.M.W.,X3_M,X3,ESSENCE,2993,2010,0.152,0.009,0.013,,108850,0.152,0.22499999999999998,0.377
B.M.W.,SERIE_4,420,ELEC+GAZOLE_HR,1995,1605,0.086,0.018000000000000002,0.017,0.035,55650,0.086,0.45000000000000007,0.536
PEUGEOT,308,308,ESSENCE,1199,1289,0.302,0.022,0.041,,33280,0.302,0.5499999999999999,0.8519999999999999
KIA,SPORTAGE,SPORTAGE,ELEC+GAZOLE_HR,1598,1527,0.13,0.031,0.014,0.045,40423,0.13,0.775,0.905
TOYOTA,C_HR,C_HR,ESS+ELEC_HNR,1987,1485,0.191,0.02,0.005,,36894,0.191,0.5,0.6910000000000001
B.M.W.,SERIE_4,420,ELEC+GAZOLE_HR,1995,1705,0.112,0.027999999999999997,0.017,0.045,56383,0.112,0.7,0.8119999999999999
B.M.W.,SERIE_1,118,GAZOLE,1995,1430,0.171,0.049,0.013,0.062,40410,0.171,1.225,1.3960000000000001
MERCEDES,CLASSE_A,A_180,ESSENCE,1332,1305,0.101,0.027,0.031,,42233,0.101,0.675,0.776
KIA,RIO,RIO,ESSENCE,998,1125,0.145,0.024,0.027,,20765,0.145,0.6,0.745
OPEL,CROSSLAND,CROSSLAND_X,ESSENCE,1199,1188,0.4,0.021,0.023,,29100,0.4,0.525,0.925
B.M.W.,SERIE_4,440,ELEC+GAZOLE_HR,2993,1980,0.114,0.013999999999999999,0.033,0.047,78250,0.114,0.35,0.46399999999999997
B.M.W.,SERIE_X,X3,ELEC+GAZOLE_HR,1995,1840,0.165,0.044000000000000004,0.025,0.069,59100,0.165,1.1,1.2650000000000001
VOLKSWAGEN,KOMBI,KOMBI,GAZOLE,1968,1919,0.015,0.013999999999999999,0.033,0.047,60740,0.015,0.35,0.365
VOLKSWAGEN,TIGUAN,TIGUAN,GAZOLE,1968,1556,0.026,0.009000000000000001,0.03,0.039,48739,0.026,0.22500000000000003,0.25100000000000006
VOLKSWAGEN,POLO,POLO,ESSENCE,999,1093,0.226,0.032,0.041,,23613,0.226,0.8,1.026
TOYOTA,AYGO,AYGO,ESSENCE,998,840,0.155,0.026,0.022,,15450,0.155,0.65,0.805
B.M.W.,SERIE_2,220,ESSENCE,1998,1430,0.156,0.017,0.011,,44133,0.156,0.42500000000000004,0.5810000000000001
SUZUKI,IGNIS,IGNIS,ESS+ELEC_HNR,1197,860,0.32,0.045,0.01,,15590,0.32,1.125,1.445
VOLKSWAGEN,TIGUAN,TIGUAN,GAZOLE,1968,1551,0.026,0.009000000000000001,0.03,0.039,48739,0.026,0.22500000000000003,0.25100000000000006
B.M.W.,SERIE_X,X2,ESSENCE,1998,1470,0.159,0.021,0.013,,46817,0.159,0.525,0.684
MINI,MINI,COUNTRYMAN,ESSENCE,1499,1420,0.085,0.013,0.007,,35080,0.085,0.325,0.41000000000000003
CITROEN,C3,C3,ESSENCE,1199,1090,0.327,0.023,0.023,,24625,0.327,0.575,0.9019999999999999
RENAULT,ARKANA,ARKANA,ESS+ELEC_HNR,1332,1347,0.263,0.012,0.02,,36125,0.263,0.3,0.563
B.M.W.,SERIE_1,118,ESSENCE,1499,1320,0.273,0.023,0.015,,37510,0.273,0.575,0.848
FORD,FIESTA,FIESTA,SUPERETHANOL,999,1114,0.393,0.036,0.01,,23090,0.393,0.8999999999999999,1.293
MERCEDES,CLASSE_V,V_300,GAZOLE,1950,2077,0.116,0.015,0.022,0.037,76411,0.116,0.375,0.491
SKODA,OCTAVIA,OCTAVIA,GAZOLE,1968,1403,0.026,0.008999999999999998,0.028,0.037,37710,0.026,0.22499999999999995,0.25099999999999995
DS,DS_3_CROSSBACK,3_CROSSBACK,GAZOLE,1499,1205,0.058,0.005999999999999998,0.046,0.052,30550,0.058,0.14999999999999997,0.20799999999999996
B.M.W.,SERIE_X,X2,ESSENCE,1998,1615,0.12,0.009,0.019,,58700,0.12,0.22499999999999998,0.345
VOLKSWAGEN,POLO,POLO,ESSENCE,999,1124,0.174,0.021,0.038,,25223,0.174,0.525,0.6990000000000001
MERCEDES,CLASSE_B,B_250,ELEC+ESSENC_HR,1332,1645,0.096,0.016,0.013,,49933,0.096,0.4,0.496
MINI,MINI,MINI,ESSENCE,1499,1155,0.094,0.011,0.006,,24950,0.094,0.27499999999999997,0.369
MINI,MINI,CLUBMAN,ESSENCE,1998,1555,0.182,0.012,0.019,,51350,0.182,0.3,0.482
SKODA,KAROQ,KAROQ,ESSENCE,1498,1342,0.172,0.022,0.025,,37898,0.172,0.5499999999999999,0.722
MINI,MINI,MINI,ESSENCE,1499,1230,0.2,0.019,0.01,,33325,0.2,0.475,0.675
PORSCHE,PANAMERA_4S_E_HYBRID,PANAMERA,ELEC+ESSENC_HR,2894,2230,0.349,0.016,0.011,,134996,0.349,0.4,0.749
CITROEN,C4,C4,ESSENCE,1199,1278,0.325,0.02,0.033,,31380,0.325,0.5,0.825
OPEL,CORSA,CORSA,ESSENCE,1199,980,0.475,0.034,0.012,,19800,0.475,0.8500000000000001,1.3250000000000002
B.M.W.,SERIE_1,118,GAZOLE,1995,1430,0.171,0.049,0.013,0.062,40410,0.171,1.225,1.3960000000000001
RENAULT,TRAFIC,TRAFIC,GAZOLE,1997,1980,0.04,0.006999999999999999,0.038,0.045,42550,0.04,0.175,0.215
B.M.W.,SERIE_X,X5,ELEC+GAZOLE_HR,2993,2200,0.096,0.012999999999999998,0.025,0.038,84217,0.096,0.32499999999999996,0.42099999999999993
FORD,FOCUS,FOCUS,ESS+ELEC_HNR,999,1338,0.253,0.04,0.014,,32600,0.253,1.0,1.2530000000000001
B.M.W.,SERIE_4,420,ELEC+GAZOLE_HR,1995,1760,0.087,0.026,0.019,0.045,58783,0.087,0.65,0.737
MERCEDES,CLASSE_V,V_220,GAZOLE,1950,2092,0.019,0.006999999999999999,0.019,0.026,67675,0.019,0.175,0.19399999999999998
B.M.W.,SERIE_3,330,ELEC+ESSENC_HR,1998,1880,0.331,0.013,0.012,,62783,0.331,0.325,0.656
MERCEDES,CLASSE_S,S_400,GAZOLE,2925,1985,0.036,0.023,0.034,0.057,114725,0.036,0.575,0.611
CITROEN,BERLINGO,BERLINGO,GAZOLE,1499,1540,0.053,0.003999999999999997,0.049,0.053,30250,0.053,0.09999999999999992,0.1529999999999999
MINI,MINI,CLUBMAN,ESSENCE,1998,1415,0.187,0.02,0.009,,41400,0.187,0.5,0.687
VOLKSWAGEN,CADDY,CADDY,ESSENCE,1498,1467,0.245,0.029,0.031,,31090,0.245,0.7250000000000001,0.9700000000000001
VOLKSWAGEN,ARTEON,ARTEON,GAZOLE,1968,1576,0.027,0.010999999999999996,0.032,0.043,60040,0.027,0.2749999999999999,0.30199999999999994
B.M.W.,SERIE_X,X1,GAZOLE,1995,1575,0.03,0.006000000000000002,0.028,0.034,44763,0.03,0.15000000000000005,0.18000000000000005
B.M.W.,SERIE_4,440,ESS+ELEC_HNR,2998,1740,0.087,0.013,0.009,,70650,0.087,0.325,0.41200000000000003
B.M.W.,SERIE_1,118,ESSENCE,1499,1290,0.291,0.024,0.018,,35210,0.291,0.6,0.891
DS,DS_7_CROSSBACK,7_CROSSBACK,ELEC+ESSENC_HR,1598,1760,0.46,0.015,0.016,,57560,0.46,0.375,0.835
MERCEDES,CLASSE_A,A_180,ESSENCE,1332,1290,0.101,0.027,0.031,,37475,0.101,0.675,0.776
B.M.W.,SERIE_4,420,ELEC+GAZOLE_HR,1995,1605,0.086,0.018000000000000002,0.017,0.035,55650,0.086,0.45000000000000007,0.536
OPEL,CROSSLAND,CROSSLAND_X,ESSENCE,1199,1205,0.296,0.019,0.035,,29750,0.296,0.475,0.7709999999999999
B.M.W.,SERIE_1,116,ESSENCE,1499,1340,0.072,0.014,0.008,,36260,0.072,0.35000000000000003,0.42200000000000004
B.M.W.,SERIE_1,116,ESSENCE,1499,1340,0.072,0.014,0.008,,36260,0.072,0.35000000000000003,0.42200000000000004
SKODA,FABIA,FABIA,ESSENCE,999,1076,0.193,0.021,0.042,,22347,0.193,0.525,0.718
MERCEDES,CLASSE_E,E_400,GAZOLE,2925,1940,0.033,0.018999999999999996,0.033,0.052,79625,0.033,0.4749999999999999,0.5079999999999999
FORD,TOURNEO_CUSTOM,TOURNEO_CUSTOM,ELEC+GAZOLE_HR,1995,2236,0.096,0.009,0.047,0.057,45030,0.096,0.22499999999999998,0.32099999999999995
B.M.W.,SERIE_X,X2,ESSENCE,1499,1430,0.312,0.031,0.016,,42317,0.312,0.775,1.087
DACIA,DUSTER,DUSTER,GAZOLE,1461,1443,0.15,0.044,0.027,0.071,22783,0.15,1.0999999999999999,1.2499999999999998
HYUNDAI,I_30,I_30,ESS+ELEC_HNR,998,1271,0.214,0.027,0.049,,27900,0.214,0.675,0.889
VOLVO,XC40,XC40,ELEC+ESSENC_HR,1477,1737,0.11,0.006,0.008,,51525,0.11,0.15,0.26
VOLVO,V60,V60,ELEC+GAZOLE_HR,1969,1728,0.243,0.026000000000000002,0.039,0.065,58933,0.243,0.65,0.893
B.M.W.,SERIE_5,530,ELEC+ESSENC_HR,1998,1960,0.311,0.01,0.011,,70838,0.311,0.25,0.5609999999999999
B.M.W.,SERIE_1,120,ESSENCE,1998,1390,0.156,0.017,0.011,,41488,0.156,0.42500000000000004,0.5810000000000001
FORD,PUMA,PUMA,ESS+ELEC_HNR,999,1259,0.377,0.042,0.023,,30570,0.377,1.05,1.427
HYUNDAI,TUCSON,TUCSON,ELEC+GAZOLE_HR,1598,1531,0.12,0.041999999999999996,0.035,0.077,41825,0.12,1.0499999999999998,1.17
NISSAN,MICRA,MICRA,ESSENCE,999,1041,0.216,0.039,0.03,,21361,0.216,0.975,1.191
MERCEDES,CLASSE_V,V_220,GAZOLE,1950,2102,0.019,0.006999999999999999,0.019,0.026,67675,0.019,0.175,0.19399999999999998
VOLKSWAGEN,TIGUAN,TIGUAN,GAZOLE,1968,1565,0.026,0.009000000000000001,0.03,0.039,48739,0.026,0.22500000000000003,0.25100000000000006
VOLKSWAGEN,CADDY,CADDY,GAZOLE,1968,1620,0.025,0.019000000000000003,0.047,0.066,35660,0.025,0.4750000000000001,0.5000000000000001
MINI,MINI,CLUBMAN,ESSENCE,1499,1360,0.227,0.023,0.014,,38000,0.227,0.575,0.8019999999999999
B.M.W.,SERIE_1,120,ESSENCE,1998,1390,0.156,0.017,0.011,,41488,0.156,0.42500000000000004,0.5810000000000001
DS,DS_9,9,ESSENCE,1598,1540,0.378,0.019,0.024,,52700,0.378,0.475,0.853
B.M.W.,SERIE_2,218,GAZOLE,1995,1470,0.178,0.053000000000000005,0.013,0.066,43563,0.178,1.3250000000000002,1.5030000000000001
CITROEN,BERLINGO,BERLINGO,GAZOLE,1499,1517,0.053,0.003999999999999997,0.049,0.053,29840,0.053,0.09999999999999992,0.1529999999999999
LEXUS,NX450H+,NX,ELEC+ESSENC_HR,2487,1990,0.127,0.013,0.006,,67824,0.127,0.325,0.452
B.M.W.,SERIE_X,X2,ESSENCE,1998,1470,0.159,0.021,0.013,,46817,0.159,0.525,0.684
PEUGEOT,EXPERT_TRAVELLER,TRAVELLER,GAZOLE,1499,1659,0.072,0.0049999999999999975,0.05,0.055,34350,0.072,0.12499999999999994,0.19699999999999995
PEUGEOT,5008,5008,GAZOLE,1997,1607,0.101,0.011000000000000003,0.03,0.041,47840,0.101,0.2750000000000001,0.3760000000000001
FIAT,500,500,ESS+ELEC_HNR,999,968,0.3,0.028,0.022,,19150,0.3,0.7000000000000001,1.0
RENAULT,KANGOO,KANGOO,ESSENCE,1332,1475,0.291,0.012,0.011,,28900,0.291,0.3,0.591
SEAT,ATECA,ATECA,GAZOLE,1968,1456,0.036,0.012,0.027,0.037,39076,0.036,0.3,0.33599999999999997
FORD,FIESTA,FIESTA,SUPERETHANOL,999,1114,0.393,0.036,0.01,,23090,0.393,0.8999999999999999,1.293
HYUNDAI,TUCSON,TUCSON,ESS+ELEC_HNR,1598,1491,0.418,0.043,0.032,,40300,0.418,1.075,1.4929999999999999
DACIA,LODGY,LODGY,GAZOLE,1461,1330,0.153,0.047,0.02,0.067,19450,0.153,1.175,1.328
CUPRA,FORMENTOR,FORMENTOR,GAZOLE,1968,1552,0.025,0.005,0.029,0.032,44453,0.025,0.125,0.15
MERCEDES,CLASSE_V,V_250,GAZOLE,1950,2145,0.211,0.018,0.027,0.045,74793,0.211,0.44999999999999996,0.6609999999999999
B.M.W.,SERIE_X,X2,ESSENCE,1499,1430,0.312,0.031,0.016,,42517,0.312,0.775,1.087
PORSCHE,PANAMERA_TURBO_S_E_HYBRID,PANAMERA,ELEC+ESSENC_HR,3996,2365,0.177,0.017,0.005,,205297,0.177,0.42500000000000004,0.6020000000000001
VOLKSWAGEN,CADDY,CADDY,ESSENCE,1498,1497,0.212,0.028,0.029,,36573,0.212,0.7000000000000001,0.912
LAND_ROVER,RANGE_ROVER_EVOQUE,RANGE_ROVER_EVOQUE,ELEC+GAZOLE_HR,1998,1917,0.121,0.016999999999999994,0.035,0.052,39750,0.121,0.4249999999999999,0.5459999999999998
KIA,CEED,CEED,ELEC+GAZOLE_HR,1598,1370,0.108,0.038,0.009,0.047,33242,0.108,0.95,1.058
B.M.W.,SERIE_1,118,ESSENCE,1499,1290,0.291,0.024,0.018,,32798,0.291,0.6,0.891
B.M.W.,SERIE_X,X2,ESSENCE,1499,1430,0.312,0.031,0.016,,42517,0.312,0.775,1.087
PEUGEOT,208,208,ESSENCE,1199,1090,0.509,0.022,0.014,,24256,0.509,0.5499999999999999,1.059
VOLVO,XC40,XC40,ESS+ELEC_HNR,1969,1613,0.248,0.015,0.014,,45763,0.248,0.375,0.623
SKODA,KODIAQ,KODIAQ,GAZOLE,1968,1757,0.023,0.007999999999999997,0.029,0.037,33820,0.023,0.19999999999999993,0.22299999999999992
B.M.W.,SERIE_5,530,ELEC+ESSENC_HR,1998,1960,0.311,0.01,0.011,,70838,0.311,0.25,0.5609999999999999
NISSAN,QASHQAI,QASHQAI,ESS+ELEC_HNR,1332,1329,0.314,0.012,0.017,,34540,0.314,0.3,0.614
RENAULT,CLIO,CLIO,ESSENCE,999,1115,0.258,0.032,0.028,,22850,0.258,0.8,1.058
B.M.W.,SERIE_1,118,ESSENCE,1499,1320,0.273,0.023,0.015,,37510,0.273,0.575,0.848
B.M.W.,SERIE_X,X5,ELEC+GAZOLE_HR,2993,2190,0.141,0.018000000000000002,0.045,0.063,79017,0.141,0.45000000000000007,0.5910000000000001
CITROEN,C4,C4,ESSENCE,1199,1299,0.368,0.03,0.032,,32250,0.368,0.75,1.1179999999999999
B.M.W.,SERIE_3,340,ELEC+GAZOLE_HR,2993,1870,0.102,0.013999999999999999,0.041,0.055,73650,0.102,0.35,0.45199999999999996
VOLVO,XC40,XC40,ESS+ELEC_HNR,1969,1613,0.288,0.013,0.013,,51525,0.288,0.325,0.613
MERCEDES,CLASSE_E,E_200,GAZOLE,1950,1725,0.022,0.006000000000000002,0.029,0.035,72300,0.022,0.15000000000000005,0.17200000000000004
MINI,MINI,COUNTRYMAN,ESSENCE,1998,1480,0.135,0.018,0.014,,42588,0.135,0.44999999999999996,0.585
MERCEDES,CLASSE_C,C_220,ELEC+GAZOLE_HR,1993,1715,0.063,0.007,0.007,0.014,59883,0.063,0.17500000000000002,0.23800000000000002
DACIA,JOGGER,JOGGER,ESS+G.P.L.,999,1252,0.438,0.049,0.021,,20100,0.438,1.225,1.663
DACIA,JOGGER,JOGGER,ESS+G.P.L.,999,1252,0.417,0.027,0.025,,20100,0.417,0.675,1.092
SKODA,KODIAQ,KODIAQ,ESSENCE,1498,1537,0.206,0.028,0.027,,37620,0.206,0.7000000000000001,0.906
OPEL,CROSSLAND,CROSSLAND_X,GAZOLE,1499,1205,0.079,0.003999999999999997,0.048,0.052,28850,0.079,0.09999999999999992,0.17899999999999994
B.M.W.,SERIE_X,X2,ESSENCE,1998,1615,0.12,0.009,0.019,,58700,0.12,0.22499999999999998,0.345
KIA,PROCEED,PROCEED,ESSENCE,1482,1323,0.354,0.027,0.025,,32033,0.354,0.675,1.029
PEUGEOT,3008,3008,ELEC+ESSENC_HR,1598,1763,0.46,0.015,0.016,,46338,0.46,0.375,0.835
B.M.W.,SERIE_2,218,ESSENCE,1499,1375,0.273,0.023,0.015,,40663,0.273,0.575,0.848
B.M.W.,SERIE_5,530,ELEC+GAZOLE_HR,2993,1820,0.113,0.023,0.052,0.075,69988,0.113,0.575,0.688
B.M.W.,SERIE_3,320,ELEC+GAZOLE_HR,1995,1725,0.049,0.024999999999999998,0.018,0.043,56088,0.049,0.625,0.674
VOLKSWAGEN,TIGUAN,TIGUAN,GAZOLE,1968,1679,0.026,0.009000000000000001,0.03,0.039,52000,0.026,0.22500000000000003,0.25100000000000006
B.M.W.,SERIE_1,120,ESSENCE,1998,1390,0.156,0.017,0.011,,41488,0.156,0.42500000000000004,0.5810000000000001
SKODA,KAMIQ,KAMIQ,ESSENCE,1498,1214,0.144,0.022,0.022,,31270,0.144,0.5499999999999999,0.694
VOLKSWAGEN,TIGUAN,TIGUAN,GAZOLE,1968,1625,0.019,0.009000000000000001,0.033,0.042,57595,0.019,0.22500000000000003,0.24400000000000002
NISSAN,MICRA,MICRA,ESSENCE,999,1041,0.216,0.039,0.03,,21361,0.216,0.975,1.191
B.M.W.,SERIE_4,430,ELEC+GAZOLE_HR,2993,1880,0.125,0.013000000000000005,0.044,0.057,67400,0.125,0.3250000000000001,0.4500000000000001
MINI,MINI,MINI,ESSENCE,1499,1210,0.094,0.011,0.006,,25850,0.094,0.27499999999999997,0.369
FIAT,500X,500X,GAZOLE,1598,1430,0.037,0.013999999999999999,0.077,0.091,33404,0.037,0.35,0.38699999999999996
RENAULT,KADJAR,KADJAR,GAZOLE,1461,1466,0.116,0.042,0.037,0.075,32240,0.116,1.05,1.1660000000000001
MINI,MINI,COUNTRYMAN,ESSENCE,1998,1465,0.17,0.022,0.017,,40388,0.17,0.5499999999999999,0.72
OPEL,CORSA,CORSA,ESSENCE,1199,980,0.475,0.034,0.012,,19800,0.475,0.8500000000000001,1.3250000000000002
VOLKSWAGEN,GOLF,GOLF,GAZOLE,1968,1366,0.028,0.008999999999999998,0.028,0.037,35558,0.028,0.22499999999999995,0.25299999999999995
TOYOTA,YARIS_CROSS,YARIS_CROSS,ESS+ELEC_HNR,1490,1215,0.157,0.016,0.007,,29600,0.157,0.4,0.557
MERCEDES,CLASSE_GLC,GLC_220,GAZOLE,1950,1770,0.036,0.008,0.034,0.042,69575,0.036,0.2,0.23600000000000002
B.M.W.,SERIE_X,X6,ELEC+GAZOLE_HR,2993,2185,0.141,0.018000000000000002,0.045,0.063,84025,0.141,0.45000000000000007,0.5910000000000001
MERCEDES,CLASSE_B,B_250,ESSENCE,1991,1480,0.212,0.01,0.011,,49850,0.212,0.25,0.46199999999999997
FORD,PUMA,PUMA,ESS+ELEC_HNR,999,1259,0.243,0.038,0.017,,30570,0.243,0.95,1.193
B.M.W.,SERIE_5,520,ELEC+GAZOLE_HR,1995,1735,0.12,0.03,0.016,0.046,61113,0.12,0.75,0.87
VOLKSWAGEN,TIGUAN,TIGUAN,GAZOLE,1968,1556,0.026,0.009000000000000001,0.03,0.039,48739,0.026,0.22500000000000003,0.25100000000000006
B.M.W.,SERIE_X,X2,GAZOLE,1496,1475,0.124,0.029,0.02,0.049,40617,0.124,0.7250000000000001,0.8490000000000001
FORD,TOURNEO,TOURNEO_CONNECT,GAZOLE,1499,1690,0.045,0.005,0.03,0.034,29293,0.045,0.125,0.16999999999999998
B.M.W.,SERIE_1,120,GAZOLE,1995,1515,0.071,0.037000000000000005,0.021,0.058,46988,0.071,0.9250000000000002,0.9960000000000001
MERCEDES,CLASSE_C,C_200,ELEC+GAZOLE_HR,1993,1705,0.066,0.005999999999999999,0.007,0.013,55683,0.066,0.15,0.216
MINI,MINI,CLUBMAN,ESSENCE,1499,1330,0.089,0.018,0.009,,30325,0.089,0.44999999999999996,0.5389999999999999
JAGUAR,F_PACE,F_PACE,ELEC+GAZOLE_HR,2997,2040,0.224,0.021,0.024,0.037,73600,0.224,0.525,0.749
VOLKSWAGEN,ARTEON,ARTEON,GAZOLE,1968,1584,0.024,0.008,0.032,0.04,56970,0.024,0.2,0.224
VOLKSWAGEN,KOMBI,KOMBI,GAZOLE,1968,1966,0.021,0.012999999999999998,0.033,0.046,60740,0.021,0.32499999999999996,0.346
CITROEN,C3,C3,ESSENCE,1199,980,0.541,0.033,0.014,,19013,0.541,0.8250000000000001,1.366
SKODA,KAMIQ,KAMIQ,ESSENCE,999,1177,0.167,0.02,0.037,,28070,0.167,0.5,0.667
DS,DS_7_CROSSBACK,7_CROSSBACK,ELEC+ESSENC_HR,1598,1760,0.46,0.015,0.016,,57560,0.46,0.375,0.835
B.M.W.,SERIE_5,545,ELEC+ESSENC_HR,2998,1945,0.09,0.013,0.017,,77888,0.09,0.325,0.41500000000000004
ALFA_ROMEO,GIULIA,GIULIA,ESSENCE,1995,1429,0.241,0.045,0.023,,51625,0.241,1.125,1.366
SKODA,OCTAVIA,OCTAVIA,ESS+ELEC_HNR,1498,1329,0.135,0.021,0.019,,35663,0.135,0.525,0.66
B.M.W.,SERIE_2,220,ESSENCE,1998,1430,0.156,0.017,0.011,,44133,0.156,0.42500000000000004,0.5810000000000001
SKODA,FABIA,FABIA,ESSENCE,999,1099,0.177,0.023,0.045,,21630,0.177,0.575,0.752
DACIA,SANDERO,SANDERO,ESSENCE,999,1096,0.266,0.035,0.021,,15900,0.266,0.8750000000000001,1.141
FIAT,500,500,ESSENCE,1368,1065,0.791,0.054,0.02,,24523,0.791,1.35,2.141
RENAULT,TRAFIC,TRAFIC,GAZOLE,1997,2001,0.04,0.006999999999999999,0.038,0.045,42550,0.04,0.175,0.215
B.M.W.,SERIE_5,530,ELEC+GAZOLE_HR,2993,1925,0.112,0.020999999999999998,0.052,0.073,72588,0.112,0.5249999999999999,0.6369999999999999
MINI,MINI,COUNTRYMAN,ESSENCE,1998,1605,0.314,0.012,0.012,,51800,0.314,0.3,0.614
VOLKSWAGEN,GOLF,GOLF,GAZOLE,1968,1378,0.03,0.009000000000000001,0.041,0.05,36070,0.03,0.22500000000000003,0.255
VOLKSWAGEN,TIGUAN,TIGUAN,ESSENCE,1498,1461,0.234,0.024,0.024,,45809,0.234,0.6,0.834
VOLKSWAGEN,PASSAT,PASSAT,GAZOLE,1968,1634,0.021,0.011000000000000003,0.038,0.049,58617,0.021,0.2750000000000001,0.2960000000000001
MERCEDES,CLASSE_A,A_200,ESSENCE,1332,1300,0.12,0.024,0.025,,39475,0.12,0.6,0.72
KIA,STONIC,STONIC,ESSENCE,998,1155,0.145,0.024,0.027,,25170,0.145,0.6,0.745
VOLKSWAGEN,CADDY,CADDY,GAZOLE,1968,1646,0.023,0.020999999999999998,0.038,0.059,41913,0.023,0.5249999999999999,0.5479999999999999
KIA,XCEED,XCEED,ESSENCE,998,1272,0.387,0.026,0.024,,30050,0.387,0.65,1.037
B.M.W.,SERIE_X,X2,GAZOLE,1995,1540,0.177,0.049,0.016,0.065,45667,0.177,1.225,1.4020000000000001
PEUGEOT,308,308,ESSENCE,1199,1310,0.334,0.026,0.022,,30653,0.334,0.65,0.984
PEUGEOT,508,508,ESSENCE,1199,1420,0.341,0.02,0.038,,43375,0.341,0.5,0.841
PORSCHE,CAYENNE_E_HYBRID,CAYENNE,ELEC+ESSENC_HR,2995,2360,0.42,0.021,0.021,,105929,0.42,0.525,0.9450000000000001
B.M.W.,SERIE_1,120,GAZOLE,1995,1515,0.071,0.037000000000000005,0.021,0.058,46988,0.071,0.9250000000000002,0.9960000000000001
PORSCHE,MACAN,MACAN,ESSENCE,1984,1845,0.341,0.014,0.012,,67640,0.341,0.35000000000000003,0.6910000000000001
SKODA,KAROQ,KAROQ,ESSENCE,1498,1342,0.172,0.022,0.025,,37898,0.172,0.5499999999999999,0.722
MINI,MINI,MINI,ESSENCE,1499,1235,0.084,0.012,0.006,,28050,0.084,0.3,0.384
MAZDA,MAZDA_CX_5,CX_5,GAZOLE,2191,1714,0.065,0.017,0.068,0.085,47017,0.065,0.42500000000000004,0.49000000000000005
SKODA,SUPERB,SUPERB,GAZOLE,1968,1558,0.024,0.008,0.032,0.04,47108,0.024,0.2,0.224
OPEL,COMBO_LIFE,COMBO,GAZOLE,1499,1521,0.052,0.0030000000000000027,0.051,0.054,27560,0.052,0.07500000000000007,0.12700000000000006
HYUNDAI,TUCSON,TUCSON,ELEC+ESSENC_HR,1598,1818,0.18,0.012,0.005,,47925,0.18,0.3,0.48
FIAT,500,500,ESSENCE,1368,1055,0.493,0.026,0.018,,30583,0.493,0.65,1.143
VOLKSWAGEN,TIGUAN,TIGUAN,GAZOLE,1968,1556,0.026,0.009000000000000001,0.03,0.039,48739,0.026,0.22500000000000003,0.25100000000000006
FORD,TOURNEO,TOURNEO_CONNECT,GAZOLE,1499,1653,0.04,0.005,0.022,0.027,29233,0.04,0.125,0.165
B.M.W.,SERIE_4,440,ESS+ELEC_HNR,2998,1825,0.099,0.016,0.01,,71000,0.099,0.4,0.499
JEEP,RENEGADE,RENEGADE,ESS+ELEC_HNR,1469,1420,0.381,0.063,0.018,,33438,0.381,1.575,1.956
SKODA,OCTAVIA,OCTAVIA,ESS+ELEC_HNR,1498,1337,0.135,0.021,0.019,,36790,0.135,0.525,0.66
B.M.W.,SERIE_2,220,ESS+ELEC_HNR,1499,1520,0.199,0.008,0.011,,38638,0.199,0.2,0.399
MERCEDES,VITO_TOURER,VITO,GAZOLE,1950,2025,0.211,0.018,0.027,0.045,50523,0.211,0.44999999999999996,0.6609999999999999
DS,DS_3_CROSSBACK,3_CROSSBACK,ESSENCE,1199,1205,0.503,0.027,0.034,,40033,0.503,0.675,1.178
SKODA,KAROQ,KAROQ,GAZOLE,1968,1417,0.025,0.023,0.036,0.059,39098,0.025,0.575,0.6
OPEL,CROSSLAND,CROSSLAND_X,GAZOLE,1499,1205,0.079,0.003999999999999997,0.048,0.052,28850,0.079,0.09999999999999992,0.17899999999999994
MINI,MINI,CABRIO,ESSENCE,1998,1305,0.252,0.016,0.013,,37567,0.252,0.4,0.652
FORD,FIESTA,FIESTA,SUPERETHANOL,999,1114,0.393,0.036,0.01,,23090,0.393,0.8999999999999999,1.293
B.M.W.,SERIE_X,X2,ESSENCE,1499,1430,0.312,0.031,0.016,,42517,0.312,0.775,1.087
B.M.W.,SERIE_3,340,ELEC+GAZOLE_HR,2993,1870,0.102,0.013999999999999999,0.041,0.055,73650,0.102,0.35,0.45199999999999996
ALFA_ROMEO,STELVIO,STELVIO,GAZOLE,2143,1680,0.044,0.0049999999999999975,0.035,0.04,52783,0.044,0.12499999999999994,0.16899999999999993
FIAT,PANDA,PANDA,ESS+ELEC_HNR,999,993,0.281,0.031,0.048,,13823,0.281,0.775,1.056
PEUGEOT,RIFTER,RIFTER,GAZOLE,1499,1430,0.053,0.003999999999999997,0.049,0.053,30575,0.053,0.09999999999999992,0.1529999999999999
KIA,PICANTO,PICANTO,ESSENCE,1197,908,0.283,0.024,0.017,,17173,0.283,0.6,0.883
SEAT,ATECA,ATECA,ESSENCE,999,1284,0.216,0.022,0.027,,30622,0.216,0.5499999999999999,0.7659999999999999
B.M.W.,SERIE_1,118,GAZOLE,1995,1405,0.185,0.052,0.023,0.075,38110,0.185,1.3,1.485
VOLKSWAGEN,TIGUAN,TIGUAN,GAZOLE,1968,1679,0.026,0.009999999999999998,0.029,0.039,52000,0.026,0.24999999999999997,0.27599999999999997
VOLKSWAGEN,GOLF,GOLF,GAZOLE,1968,1366,0.028,0.008999999999999998,0.028,0.037,35558,0.028,0.22499999999999995,0.25299999999999995
B.M.W.,SERIE_X,X3,ELEC+GAZOLE_HR,1995,1840,0.165,0.044000000000000004,0.025,0.069,59100,0.165,1.1,1.2650000000000001
KIA,XCEED,XCEED,ELEC+ESSENC_HR,1580,1519,0.064,0.015,0.008,,36853,0.064,0.375,0.439
MINI,MINI,COUNTRYMAN,GAZOLE,1995,1535,0.167,0.046,0.015,0.061,43000,0.167,1.15,1.317
KIA,PICANTO,PICANTO,ESSENCE,1197,908,0.286,0.028,0.014,,17173,0.286,0.7000000000000001,0.986
B.M.W.,SERIE_1,118,ESSENCE,1499,1290,0.291,0.024,0.018,,35210,0.291,0.6,0.891
MERCEDES,CLASSE_A,A_250,ELEC+ESSENC_HR,1332,1600,0.078,0.016,0.012,,47875,0.078,0.4,0.47800000000000004
B.M.W.,SERIE_4,420,ELEC+GAZOLE_HR,1995,1760,0.087,0.026,0.019,0.045,58783,0.087,0.65,0.737
B.M.W.,SERIE_1,116,GAZOLE,1496,1375,0.059,0.017000000000000005,0.018,0.035,36260,0.059,0.4250000000000001,0.4840000000000001
MERCEDES,CLASSE_C,C_220,GAZOLE,1950,1575,0.059,0.009000000000000001,0.02,0.029,58600,0.059,0.22500000000000003,0.28400000000000003
B.M.W.,SERIE_X,X1,GAZOLE,1995,1575,0.03,0.006000000000000002,0.026,0.032,44763,0.03,0.15000000000000005,0.18000000000000005
FORD,FIESTA,FIESTA,SUPERETHANOL,999,1114,0.393,0.037,0.011,,23090,0.393,0.9249999999999999,1.318
RENAULT,MEGANE,MEGANE,ESSENCE,1332,1242,0.246,0.012,0.02,,32750,0.246,0.3,0.546
VOLKSWAGEN,TIGUAN,TIGUAN,GAZOLE,1968,1556,0.026,0.009000000000000001,0.03,0.039,48739,0.026,0.22500000000000003,0.25100000000000006
B.M.W.,SERIE_1,116,ESSENCE,1499,1340,0.072,0.014,0.008,,36260,0.072,0.35000000000000003,0.42200000000000004
DS,DS_9,9,ESSENCE,1598,1540,0.378,0.019,0.024,,52700,0.378,0.475,0.853
FORD,FIESTA,FIESTA,ESS+ELEC_HNR,999,1136,0.309,0.034,0.014,,24190,0.309,0.8500000000000001,1.159
ALPINE,A110,A110,ESSENCE,1798,1099,0.229,0.011,0.011,,60500,0.229,0.27499999999999997,0.504
B.M.W.,SERIE_X,X5,ELEC+GAZOLE_HR,2993,2190,0.145,0.018000000000000002,0.045,0.063,77717,0.145,0.45000000000000007,0.5950000000000001
B.M.W.,SERIE_X,X4,ELEC+GAZOLE_HR,2993,1935,0.131,0.017,0.043,0.06,68850,0.131,0.42500000000000004,0.556
PEUGEOT,508,508,ESSENCE,1199,1420,0.341,0.02,0.038,,43375,0.341,0.5,0.841
JEEP,RENEGADE,RENEGADE,ESSENCE,999,1320,0.465,0.026,0.016,,28600,0.465,0.65,1.115
TOYOTA,YARIS,YARIS,ESSENCE,1490,1040,0.243,0.018,0.008,,20933,0.243,0.44999999999999996,0.693
VOLKSWAGEN,CADDY,CADDY,GAZOLE,1968,1722,0.024,0.012000000000000004,0.051,0.063,43733,0.024,0.3000000000000001,0.3240000000000001
KIA,CEED,CEED,ELEC+GAZOLE_HR,1598,1370,0.237,0.041999999999999996,0.021,0.063,33242,0.237,1.0499999999999998,1.287
B.M.W.,SERIE_2,220,ESS+ELEC_HNR,1499,1520,0.199,0.008,0.011,,38638,0.199,0.2,0.399
CUPRA,FORMENTOR,FORMENTOR,ESSENCE,1498,1383,0.381,0.031,0.014,,38453,0.381,0.775,1.1560000000000001
B.M.W.,SERIE_4,420,ELEC+GAZOLE_HR,1995,1605,0.086,0.018000000000000002,0.017,0.035,55650,0.086,0.45000000000000007,0.536
JEEP,COMPASS,COMPASS,ELEC+ESSENC_HR,1332,1860,0.303,0.03,0.014,,47075,0.303,0.75,1.053
B.M.W.,SERIE_X,X3,ELEC+GAZOLE_HR,1995,1840,0.165,0.044000000000000004,0.025,0.069,59100,0.165,1.1,1.2650000000000001
B.M.W.,SERIE_1,116,GAZOLE,1496,1375,0.059,0.017000000000000005,0.018,0.035,36260,0.059,0.4250000000000001,0.4840000000000001
VOLKSWAGEN,CADDY,CADDY,GAZOLE,1968,1637,0.024,0.012000000000000004,0.051,0.063,40123,0.024,0.3000000000000001,0.3240000000000001
PEUGEOT,308,308,ESSENCE,1199,1345,0.302,0.022,0.041,,34280,0.302,0.5499999999999999,0.8519999999999999
SKODA,KAROQ,KAROQ,ESSENCE,1498,1342,0.124,0.013,0.008,,37898,0.124,0.325,0.449
B.M.W.,SERIE_3,330,ELEC+GAZOLE_HR,2993,1825,0.121,0.012999999999999998,0.042,0.055,62725,0.121,0.32499999999999996,0.44599999999999995
B.M.W.,SERIE_4,420,ELEC+GAZOLE_HR,1995,1670,0.087,0.027999999999999997,0.017,0.045,58050,0.087,0.7,0.7869999999999999
VOLKSWAGEN,TIGUAN,TIGUAN,ESSENCE,1498,1461,0.234,0.024,0.024,,45809,0.234,0.6,0.834
FORD,FIESTA,FIESTA,SUPERETHANOL,999,1114,0.393,0.036,0.01,,23090,0.393,0.8999999999999999,1.293
MINI,MINI,CLUBMAN,ESSENCE,1499,1335,0.217,0.021,0.015,,32533,0.217,0.525,0.742
OPEL,MOKKA,MOKKA,ESSENCE,1199,1220,0.332,0.022,0.022,,31388,0.332,0.5499999999999999,0.8819999999999999
KIA,PICANTO,PICANTO,ESSENCE,1197,908,0.283,0.024,0.017,,17173,0.283,0.6,0.883
DS,DS_9,9,ELEC+ESSENC_HR,1598,1864,0.224,0.013,0.009,,67950,0.224,0.325,0.549
B.M.W.,SERIE_1,118,ESSENCE,1499,1320,0.273,0.023,0.015,,37510,0.273,0.575,0.848
MINI,MINI,MINI,ESSENCE,1499,1210,0.094,0.011,0.006,,25850,0.094,0.27499999999999997,0.369
MINI,MINI,COUNTRYMAN,GAZOLE,1995,1570,0.076,0.034,0.02,0.054,41733,0.076,0.8500000000000001,0.926
B.M.W.,SERIE_4,420,ELEC+GAZOLE_HR,1995,1775,0.089,0.022000000000000002,0.018,0.04,62650,0.089,0.55,0.639
VOLKSWAGEN,TIGUAN,TIGUAN,GAZOLE,1968,1556,0.026,0.009000000000000001,0.03,0.039,48739,0.026,0.22500000000000003,0.25100000000000006
RENAULT,CLIO,CLIO,ESSENCE,999,1088,0.216,0.03,0.025,,21183,0.216,0.75,0.966
CITROEN,JUMPY_SPACE_TOURER,SPACE_TOURER,GAZOLE,1499,1659,0.072,0.0049999999999999975,0.05,0.055,34350,0.072,0.12499999999999994,0.19699999999999995
KIA,STONIC,STONIC,ESSENCE,998,1120,0.321,0.022,0.018,,23390,0.321,0.5499999999999999,0.871
FIAT,500X,500X,GAZOLE,1598,1430,0.037,0.013999999999999999,0.077,0.091,32913,0.037,0.35,0.38699999999999996
RENAULT,MEGANE,MEGANE,GAZOLE,1461,1347,0.151,0.046,0.026,0.072,33775,0.151,1.15,1.301
MERCEDES,CLASSE_E,E_200,ELEC+GAZOLE_HR,1993,1850,0.048,0.008,0.005,0.013,58600,0.048,0.2,0.248
MINI,MINI,MINI,ESSENCE,1499,1230,0.2,0.019,0.01,,34200,0.2,0.475,0.675
MINI,MINI,CLUBMAN,ESSENCE,1499,1360,0.227,0.023,0.014,,38000,0.227,0.575,0.8019999999999999
SKODA,KAROQ,KAROQ,ESSENCE,1498,1330,0.172,0.022,0.025,,37898,0.172,0.5499999999999999,0.722
KIA,PICANTO,PICANTO,ESSENCE,998,903,0.324,0.025,0.012,,14810,0.324,0.625,0.9490000000000001
TOYOTA,CAMRY,CAMRY,ESS+ELEC_HNR,2487,1595,0.182,0.014,0.002,,45365,0.182,0.35000000000000003,0.532
MINI,MINI,MINI,ESSENCE,1499,1155,0.14,0.013,0.007,,22550,0.14,0.325,0.465
B.M.W.,SERIE_1,118,GAZOLE,1995,1405,0.185,0.052,0.023,0.075,38110,0.185,1.3,1.485
SKODA,OCTAVIA,OCTAVIA,GAZOLE,1968,1403,0.026,0.008999999999999998,0.028,0.037,37710,0.026,0.22499999999999995,0.25099999999999995
RENAULT,ARKANA,ARKANA,ESS+ELEC_HNR,1332,1347,0.534,0.014,0.023,,36125,0.534,0.35000000000000003,0.8840000000000001
VOLKSWAGEN,GOLF,GOLF,GAZOLE,1968,1303,0.03,0.009000000000000001,0.041,0.05,32357,0.03,0.22500000000000003,0.255
MERCEDES,CLASSE_B,B_250,ESSENCE,1991,1480,0.212,0.01,0.011,,49850,0.212,0.25,0.46199999999999997
MERCEDES,CLASSE_GLE,GLE_300,ELEC+GAZOLE_HR,1993,2205,0.059,0.011999999999999999,0.01,0.022,79100,0.059,0.3,0.359
RENAULT,KANGOO,KANGOO,GAZOLE,1461,1556,0.164,0.045,0.035,0.078,28050,0.164,1.125,1.289
B.M.W.,SERIE_4,420,ESSENCE,1998,1525,0.355,0.027,0.014,,53100,0.355,0.675,1.03
PORSCHE,CAYENNE_E_HYBRID,CAYENNE,ELEC+ESSENC_HR,2995,2295,0.42,0.021,0.021,,103699,0.42,0.525,0.9450000000000001
MERCEDES,CLASSE_A,A_200,ESSENCE,1332,1300,0.12,0.024,0.025,,39475,0.12,0.6,0.72
B.M.W.,SERIE_1,120,ESSENCE,1998,1390,0.156,0.017,0.011,,41488,0.156,0.42500000000000004,0.5810000000000001
MERCEDES,CLASSE_GLC,GLC_220,GAZOLE,1950,1770,0.036,0.008,0.034,0.042,69575,0.036,0.2,0.23600000000000002
SKODA,KODIAQ,KODIAQ,ESSENCE,1498,1597,0.243,0.025,0.02,,33820,0.243,0.625,0.868
VOLVO,V60,V60,ELEC+ESSENC_HR,1969,1989,0.283,0.007,0.007,,69600,0.283,0.17500000000000002,0.45799999999999996
FORD,FOCUS,FOCUS,ESS+ELEC_HNR,999,1376,0.337,0.043,0.018,,36550,0.337,1.075,1.412
DS,DS_7_CROSSBACK,7_CROSSBACK,ELEC+ESSENC_HR,1598,1825,0.588,0.018,0.024,,64775,0.588,0.44999999999999996,1.0379999999999998
KIA,PICANTO,PICANTO,ESSENCE,998,903,0.324,0.025,0.012,,14810,0.324,0.625,0.9490000000000001
B.M.W.,SERIE_X,X3,ELEC+GAZOLE_HR,1995,1840,0.165,0.044000000000000004,0.025,0.069,59100,0.165,1.1,1.2650000000000001
MERCEDES,CLASSE_A,A_200,ESSENCE,1332,1315,0.12,0.024,0.025,,36500,0.12,0.6,0.72
B.M.W.,SERIE_4,420,ELEC+GAZOLE_HR,1995,1775,0.089,0.022000000000000002,0.018,0.04,62650,0.089,0.55,0.639
B.M.W.,SERIE_4,430,ELEC+GAZOLE_HR,2993,1780,0.123,0.013999999999999999,0.041,0.055,62850,0.123,0.35,0.473
MINI,MINI,COUNTRYMAN,ESSENCE,1499,1420,0.085,0.013,0.007,,35080,0.085,0.325,0.41000000000000003
SKODA,OCTAVIA,OCTAVIA,ESSENCE,1498,1281,0.21,0.023,0.016,,31545,0.21,0.575,0.7849999999999999
B.M.W.,SERIE_5,530,ELEC+ESSENC_HR,1998,1960,0.311,0.01,0.011,,70838,0.311,0.25,0.5609999999999999
RENAULT,KANGOO,KANGOO,ESSENCE,1332,1475,0.291,0.012,0.011,,28900,0.291,0.3,0.591
MERCEDES,CLASSE_B,B_250,ELEC+ESSENC_HR,1332,1645,0.078,0.016,0.013,,49933,0.078,0.4,0.47800000000000004
DACIA,SANDERO,SANDERO,ESS+G.P.L.,999,1052,0.241,0.036,0.029,,13790,0.241,0.8999999999999999,1.141
MERCEDES,CLASSE_E,E_200,ELEC+GAZOLE_HR,1993,1965,0.048,0.007,0.005,0.012,58600,0.048,0.17500000000000002,0.22300000000000003
B.M.W.,SERIE_4,420,ESSENCE,1998,1525,0.355,0.027,0.014,,53100,0.355,0.675,1.03
MINI,MINI,MINI,ESSENCE,1998,1275,0.227,0.016,0.01,,40700,0.227,0.4,0.627
B.M.W.,SERIE_3,330,ELEC+GAZOLE_HR,2993,1825,0.121,0.012999999999999998,0.042,0.055,62725,0.121,0.32499999999999996,0.44599999999999995
MINI,MINI,COUNTRYMAN,ESSENCE,1499,1420,0.085,0.013,0.007,,35080,0.085,0.325,0.41000000000000003
RENAULT,KADJAR,KADJAR,ESSENCE,1332,1372,0.156,0.012,0.021,,35500,0.156,0.3,0.45599999999999996
JAGUAR,F_PACE,F_PACE,ELEC+GAZOLE_HR,1998,1916,0.102,0.018,0.024,0.042,72740,0.102,0.44999999999999996,0.5519999999999999
PORSCHE,CAYENNE_TURBO_S_E_HYBRID,CAYENNE,ELEC+ESSENC_HR,3996,2490,0.275,0.019,0.006,,185950,0.275,0.475,0.75
MINI,MINI,MINI,ESSENCE,1499,1230,0.2,0.019,0.01,,33325,0.2,0.475,0.675
MINI,MINI,CLUBMAN,ESSENCE,1998,1415,0.187,0.02,0.009,,41400,0.187,0.5,0.687
RENAULT,SCENIC,SCENIC,ESSENCE,1332,1528,0.261,0.011,0.018,,38700,0.261,0.27499999999999997,0.536
B.M.W.,SERIE_2,220,GAZOLE,1995,1565,0.071,0.037000000000000005,0.021,0.058,49633,0.071,0.9250000000000002,0.9960000000000001
PORSCHE,911_GT3,911,ESSENCE,3996,1418,0.364,0.023,0.034,,178595,0.364,0.575,0.939
VOLVO,XC60,XC60,ELEC+GAZOLE_HR,1969,1837,0.246,0.027999999999999997,0.031,0.059,63730,0.246,0.7,0.946
VOLKSWAGEN,CADDY,CADDY,GAZOLE,1968,1535,0.025,0.019000000000000003,0.047,0.066,33860,0.025,0.4750000000000001,0.5000000000000001
DS,DS_9,9,ESSENCE,1598,1540,0.378,0.019,0.024,,51700,0.378,0.475,0.853
KIA,RIO,RIO,ESS+ELEC_HNR,998,1130,0.074,0.022,0.027,,23673,0.074,0.5499999999999999,0.6239999999999999
VOLKSWAGEN,T_ROC,T_ROC,GAZOLE,1968,1380,0.036,0.009999999999999998,0.027,0.037,40975,0.036,0.24999999999999997,0.286
MINI,MINI,COUNTRYMAN,ESSENCE,1499,1420,0.085,0.013,0.007,,35080,0.085,0.325,0.41000000000000003
FORD,FOCUS,FOCUS,ESS+ELEC_HNR,999,1274,0.253,0.04,0.014,,31400,0.253,1.0,1.2530000000000001
B.M.W.,SERIE_X,X3,ELEC+GAZOLE_HR,2993,1935,0.131,0.017,0.043,0.06,65800,0.131,0.42500000000000004,0.556
MINI,MINI,COUNTRYMAN,GAZOLE,1995,1510,0.177,0.045,0.015,0.06,42567,0.177,1.125,1.302
RENAULT,MEGANE,MEGANE,ESSENCE,1332,1242,0.246,0.012,0.02,,32750,0.246,0.3,0.546
RENAULT,TRAFIC,TRAFIC,GAZOLE,1997,2033,0.04,0.006999999999999999,0.038,0.045,42550,0.04,0.175,0.215
FIAT,TIPO,TIPO,GAZOLE,1598,1340,0.071,0.026999999999999996,0.05,0.077,26990,0.071,0.6749999999999999,0.7459999999999999
B.M.W.,SERIE_4,430,ELEC+GAZOLE_HR,2993,1780,0.123,0.013999999999999999,0.041,0.055,62850,0.123,0.35,0.473
B.M.W.,SERIE_X,X3,ELEC+GAZOLE_HR,1995,1810,0.159,0.038,0.023,0.061,55100,0.159,0.95,1.109
OPEL,COMBO_LIFE,COMBO,ESSENCE,1199,1482,0.588,0.024,0.035,,28015,0.588,0.6,1.188
DS,DS_3_CROSSBACK,3_CROSSBACK,ESSENCE,1199,1205,0.332,0.022,0.022,,35234,0.332,0.5499999999999999,0.8819999999999999
KIA,SPORTAGE,SPORTAGE,ELEC+GAZOLE_HR,1598,1527,0.13,0.031,0.014,0.045,40423,0.13,0.775,0.905
PORSCHE,CAYENNE_TURBO_S_E_HYBRID,CAYENNE,ELEC+ESSENC_HR,3996,2490,0.275,0.019,0.006,,185950,0.275,0.475,0.75
NISSAN,QASHQAI,QASHQAI,ESS+ELEC_HNR,1332,1375,0.292,0.017,0.02,,39315,0.292,0.42500000000000004,0.7170000000000001
B.M.W.,SERIE_1,116,GAZOLE,1496,1375,0.059,0.017000000000000005,0.018,0.035,36260,0.059,0.4250000000000001,0.4840000000000001
MINI,MINI,CLUBMAN,ESSENCE,1499,1335,0.217,0.021,0.015,,34014,0.217,0.525,0.742
SKODA,OCTAVIA,OCTAVIA,GAZOLE,1968,1371,0.026,0.009000000000000001,0.043,0.052,32695,0.026,0.22500000000000003,0.25100000000000006
VOLKSWAGEN,GOLF,GOLF,ESSENCE,1984,1383,0.182,0.021,0.02,,45880,0.182,0.525,0.7070000000000001
B.M.W.,SERIE_X,X5,ELEC+GAZOLE_HR,2993,2190,0.141,0.018000000000000002,0.045,0.063,79017,0.141,0.45000000000000007,0.5910000000000001
PORSCHE,CAYENNE_TURBO_S_E_HYBRID,CAYENNE,ELEC+ESSENC_HR,3996,2535,0.275,0.019,0.006,,189670,0.275,0.475,0.75
B.M.W.,SERIE_X,X2,GAZOLE,1995,1540,0.177,0.049,0.016,0.065,45667,0.177,1.225,1.4020000000000001
FIAT,500,500,ESS+ELEC_HNR,999,968,0.281,0.031,0.048,,18500,0.281,0.775,1.056
FORD,TOURNEO,TOURNEO_CONNECT,GAZOLE,1499,1589,0.045,0.005,0.03,0.034,26495,0.045,0.125,0.16999999999999998
MERCEDES,CLASSE_C,C_220,ELEC+GAZOLE_HR,1993,1800,0.056,0.005999999999999999,0.007,0.013,62283,0.056,0.15,0.206
MERCEDES,CLASSE_C,C_220,ELEC+GAZOLE_HR,1993,1800,0.056,0.005999999999999999,0.007,0.013,62283,0.056,0.15,0.206
VOLKSWAGEN,T_ROC,T_ROC,ESSENCE,1498,1471,0.126,0.014,0.01,,44278,0.126,0.35000000000000003,0.47600000000000003
OPEL,CORSA,CORSA,ESSENCE,1199,980,0.475,0.034,0.012,,19800,0.475,0.8500000000000001,1.3250000000000002
FIAT,500X,500X,ESSENCE,999,1320,0.423,0.023,0.016,,24990,0.423,0.575,0.998
MINI,MINI,CLUBMAN,ESSENCE,1998,1400,0.249,0.024,0.018,,37829,0.249,0.6,0.849
VOLKSWAGEN,TIGUAN,TIGUAN,GAZOLE,1968,1556,0.026,0.009999999999999998,0.029,0.039,48739,0.026,0.24999999999999997,0.27599999999999997
VOLKSWAGEN,TIGUAN,TIGUAN,ESSENCE,1498,1429,0.233,0.033,0.025,,39135,0.233,0.8250000000000001,1.058
PEUGEOT,2008,2008,ESSENCE,1199,1205,0.503,0.027,0.034,,35100,0.503,0.675,1.178
RENAULT,CLIO,CLIO,ESS+ELEC_HNR,1598,1243,0.416,0.023,0.005,,25133,0.416,0.575,0.9909999999999999
SKODA,KAMIQ,KAMIQ,ESSENCE,1498,1195,0.183,0.024,0.015,,27790,0.183,0.6,0.7829999999999999
MERCEDES,CLASSE_A,A_180,ESSENCE,1332,1290,0.101,0.027,0.031,,37475,0.101,0.675,0.776
HYUNDAI,TUCSON,TUCSON,ELEC+GAZOLE_HR,1598,1531,0.12,0.041999999999999996,0.035,0.077,41025,0.12,1.0499999999999998,1.17
B.M.W.,SERIE_4,420,ESSENCE,1998,1620,0.255,0.022,0.014,,53833,0.255,0.5499999999999999,0.8049999999999999
B.M.W.,SERIE_2,220,ESSENCE,1998,1430,0.156,0.017,0.011,,44133,0.156,0.42500000000000004,0.5810000000000001
MINI,MINI,CLUBMAN,ESSENCE,1998,1555,0.182,0.012,0.019,,51350,0.182,0.3,0.482
SKODA,KODIAQ,KODIAQ,GAZOLE,1968,1757,0.023,0.007999999999999997,0.029,0.037,33820,0.023,0.19999999999999993,0.22299999999999992
FIAT,500X,500X,ESSENCE,999,1320,0.423,0.023,0.016,,24990,0.423,0.575,0.998
B.M.W.,SERIE_1,116,ESSENCE,1499,1320,0.179,0.019,0.011,,33960,0.179,0.475,0.6539999999999999
KIA,CEED,CEED,ELEC+GAZOLE_HR,1598,1343,0.113,0.038,0.014,0.052,30950,0.113,0.95,1.063
B.M.W.,SERIE_1,120,ESSENCE,1998,1390,0.156,0.017,0.011,,41488,0.156,0.42500000000000004,0.5810000000000001
B.M.W.,SERIE_2,218,GAZOLE,1995,1470,0.178,0.053000000000000005,0.013,0.066,43563,0.178,1.3250000000000002,1.5030000000000001
FIAT,PANDA,PANDA,ESSENCE,875,1090,0.621,0.047,0.03,,14490,0.621,1.175,1.796
SKODA,OCTAVIA,OCTAVIA,GAZOLE,1968,1424,0.026,0.008999999999999998,0.028,0.037,37710,0.026,0.22499999999999995,0.25099999999999995
MINI,MINI,MINI,ESSENCE,1499,1155,0.094,0.011,0.006,,24950,0.094,0.27499999999999997,0.369
SKODA,KODIAQ,KODIAQ,ESSENCE,1984,1751,0.331,0.018,0.01,,53260,0.331,0.44999999999999996,0.7809999999999999
B.M.W.,SERIE_X,X5,ELEC+GAZOLE_HR,2993,2190,0.141,0.018000000000000002,0.045,0.063,77717,0.141,0.45000000000000007,0.5910000000000001
TOYOTA,YARIS_CROSS,YARIS_CROSS,ESS+ELEC_HNR,1490,1260,0.098,0.01,0.003,,29600,0.098,0.25,0.348
FORD,TRANSIT_CUSTOM,TRANSIT_CUSTOM,GAZOLE,1995,2012,0.117,0.014,0.049,0.065,51095,0.117,0.35000000000000003,0.467
B.M.W.,SERIE_2,218,ESSENCE,1499,1470,0.204,0.007,0.009,,36688,0.204,0.17500000000000002,0.379
RENAULT,KANGOO,KANGOO,GAZOLE,1461,1558,0.17,0.048,0.039,0.086,29800,0.17,1.2,1.3699999999999999
PEUGEOT,3008,3008,GAZOLE,1499,1429,0.052,0.003999999999999997,0.041,0.045,38190,0.052,0.09999999999999992,0.1519999999999999
RENAULT,KANGOO,KANGOO,GAZOLE,1461,1579,0.17,0.048,0.039,0.086,29800,0.17,1.2,1.3699999999999999
B.M.W.,SERIE_2,220,GAZOLE,1995,1505,0.19,0.053000000000000005,0.016,0.069,47413,0.19,1.3250000000000002,1.5150000000000001
CUPRA,FORMENTOR_E_HYBRID,FORMENTOR,ELEC+ESSENC_HR,1395,1605,0.265,0.014,0.01,,46683,0.265,0.35000000000000003,0.615
SKODA,KODIAQ,KODIAQ,ESSENCE,1498,1525,0.243,0.025,0.02,,33820,0.243,0.625,0.868
MERCEDES,CLASSE_S,S_580,ELEC+ESSENC_HR,2999,2305,0.247,0.013,0.004,,82525,0.247,0.325,0.5720000000000001
FERRARI,SF90_SPIDER,SF90,ELEC+ESSENC_HR,3990,1830,0.41,0.039,0.012,,475000,0.41,0.975,1.385
VOLVO,XC60,XC60,ELEC+ESSENC_HR,1969,2075,0.243,0.008,0.008,,85355,0.243,0.2,0.443
OPEL,CROSSLAND,CROSSLAND_X,ESSENCE,1199,1205,0.296,0.019,0.035,,29750,0.296,0.475,0.7709999999999999
KIA,NIRO,NIRO,ESS+ELEC_HNR,1580,1399,0.037,0.007,0.005,,34850,0.037,0.17500000000000002,0.21200000000000002
SKODA,OCTAVIA,OCTAVIA,ESSENCE,999,1235,0.19,0.025,0.042,,28345,0.19,0.625,0.815
RENAULT,CAPTUR,CAPTUR,ESS+ELEC_HNR,1332,1298,0.45,0.013,0.027,,30200,0.45,0.325,0.775
B.M.W.,SERIE_4,420,ESSENCE,1998,1620,0.255,0.022,0.014,,53833,0.255,0.5499999999999999,0.8049999999999999
SKODA,SUPERB,SUPERB,GAZOLE,1968,1573,0.024,0.008,0.032,0.04,47108,0.024,0.2,0.224
SKODA,KAMIQ,KAMIQ,ESSENCE,999,1185,0.153,0.023,0.043,,29620,0.153,0.575,0.728
B.M.W.,SERIE_1,116,ESSENCE,1499,1320,0.179,0.019,0.011,,30128,0.179,0.475,0.6539999999999999
MERCEDES,CLASSE_A,A_180,ESSENCE,1332,1290,0.101,0.027,0.031,,37475,0.101,0.675,0.776
FORD,TOURNEO,TOURNEO_CONNECT,GAZOLE,1499,1635,0.045,0.005,0.03,0.034,26495,0.045,0.125,0.16999999999999998
PORSCHE,PANAMERA_4S_E_HYBRID,PANAMERA,ELEC+ESSENC_HR,2894,2225,0.234,0.021,0.017,,137456,0.234,0.525,0.759
RENAULT,MEGANE,MEGANE,ESSENCE,1332,1242,0.246,0.012,0.02,,32750,0.246,0.3,0.546
RENAULT,ARKANA,ARKANA,ESS+ELEC_HNR,1332,1336,0.54,0.014,0.022,,33288,0.54,0.35000000000000003,0.8900000000000001
B.M.W.,M5,M5,ESSENCE,4395,1895,0.214,0.013,0.011,,138500,0.214,0.325,0.539
FIAT,500,500,ESS+ELEC_HNR,999,1010,0.281,0.031,0.048,,17876,0.281,0.775,1.056
B.M.W.,SERIE_X,X2,ESSENCE,1499,1410,0.267,0.025,0.014,,40217,0.267,0.625,0.892
MERCEDES,CLASSE_A,A_180,ESSENCE,1332,1290,0.111,0.023,0.027,,39983,0.111,0.575,0.6859999999999999
B.M.W.,SERIE_X,X3,ELEC+GAZOLE_HR,1995,1810,0.159,0.038,0.023,0.061,55100,0.159,0.95,1.109
VOLKSWAGEN,TIGUAN,TIGUAN,GAZOLE,1968,1556,0.026,0.009000000000000001,0.03,0.039,48739,0.026,0.22500000000000003,0.25100000000000006
RENAULT,MEGANE,MEGANE,GAZOLE,1461,1320,0.171,0.061,0.021,0.082,32275,0.171,1.525,1.696
SKODA,OCTAVIA_RS,OCTAVIA,ESSENCE,1984,1468,0.182,0.021,0.02,,42700,0.182,0.525,0.7070000000000001
VOLKSWAGEN,T_ROC,T_ROC,ESSENCE,1498,1270,0.115,0.013,0.018,,34790,0.115,0.325,0.44
RENAULT,KADJAR,KADJAR,GAZOLE,1461,1466,0.116,0.042,0.037,0.075,32240,0.116,1.05,1.1660000000000001
LEXUS,RX450H,RX,ESS+ELEC_HNR,3456,2100,0.109,0.013,0.007,,79890,0.109,0.325,0.434
DACIA,DUSTER,DUSTER,GAZOLE,1461,1328,0.157,0.053000000000000005,0.029,0.082,21013,0.157,1.3250000000000002,1.4820000000000002
RENAULT,CAPTUR,CAPTUR,ESS+G.P.L.,999,1280,0.266,0.038,0.027,,25250,0.266,0.95,1.216
RENAULT,CAPTUR,CAPTUR,ESS+G.P.L.,999,1280,0.239,0.045,0.029,,25250,0.239,1.125,1.3639999999999999
B.M.W.,SERIE_X,X5,ELEC+GAZOLE_HR,2993,2190,0.141,0.018000000000000002,0.045,0.063,79017,0.141,0.45000000000000007,0.5910000000000001
CITROEN,C4,C4,ESSENCE,1199,1278,0.325,0.02,0.033,,31380,0.325,0.5,0.825
KIA,CEED,CEED,ELEC+GAZOLE_HR,1598,1407,0.108,0.038,0.009,0.047,34316,0.108,0.95,1.058
RENAULT,MEGANE,MEGANE,ESSENCE,1332,1315,0.183,0.013,0.01,,30775,0.183,0.325,0.508
HYUNDAI,I_20,I_20,ESS+ELEC_HNR,998,1115,0.15,0.027,0.025,,23800,0.15,0.675,0.8250000000000001
DACIA,JOGGER,JOGGER,ESS+G.P.L.,999,1176,0.234,0.024,0.023,,19350,0.234,0.6,0.834
VOLVO,XC40,XC40,ESS+ELEC_HNR,1969,1660,0.348,0.014,0.012,,56350,0.348,0.35000000000000003,0.698
MINI,MINI,CLUBMAN,ESSENCE,1998,1415,0.187,0.02,0.009,,41400,0.187,0.5,0.687
B.M.W.,SERIE_X,X3,ELEC+GAZOLE_HR,1995,1810,0.159,0.038,0.023,0.061,55100,0.159,0.95,1.109
VOLKSWAGEN,TIGUAN,TIGUAN,GAZOLE,1968,1556,0.026,0.009000000000000001,0.03,0.039,48739,0.026,0.22500000000000003,0.25100000000000006
MERCEDES,VITO_TOURER,VITO,GAZOLE,1950,1982,0.019,0.006999999999999999,0.019,0.026,46907,0.019,0.175,0.19399999999999998
FORD,FIESTA,FIESTA,ESSENCE,1496,1192,0.575,0.019,0.007,,27390,0.575,0.475,1.0499999999999998
DS,DS_3_CROSSBACK,3_CROSSBACK,ESSENCE,1199,1205,0.261,0.02,0.026,,33911,0.261,0.5,0.761
MERCEDES,VITO_TOURER,VITO,GAZOLE,1950,2050,0.211,0.018,0.027,0.045,50343,0.211,0.44999999999999996,0.6609999999999999
SKODA,OCTAVIA,OCTAVIA,ESSENCE,999,1247,0.19,0.025,0.042,,29465,0.19,0.625,0.815
B.M.W.,SERIE_X,X3,ELEC+GAZOLE_HR,2993,1935,0.131,0.017,0.043,0.06,65800,0.131,0.42500000000000004,0.556
DS,DS_4,4,ESSENCE,1598,1419,0.433,0.026,0.037,,46700,0.433,0.65,1.083
MINI,MINI,CABRIO,ESSENCE,1998,1325,0.188,0.016,0.009,,41233,0.188,0.4,0.5880000000000001
B.M.W.,SERIE_5,530,ELEC+GAZOLE_HR,2993,1925,0.112,0.020999999999999998,0.052,0.073,72588,0.112,0.5249999999999999,0.6369999999999999
RENAULT,MEGANE,MEGANE,GAZOLE,1461,1406,0.067,0.009000000000000001,0.012,0.021,32775,0.067,0.22500000000000003,0.29200000000000004
B.M.W.,SERIE_X,X3,ESS+ELEC_HNR,1998,1800,0.157,0.013,0.017,,54800,0.157,0.325,0.482
PEUGEOT,EXPERT_TRAVELLER,TRAVELLER,GAZOLE,1499,1659,0.072,0.0049999999999999975,0.05,0.055,33350,0.072,0.12499999999999994,0.19699999999999995
MERCEDES,CLASSE_E,E_200,ELEC+GAZOLE_HR,1993,1965,0.048,0.007,0.005,0.012,58600,0.048,0.17500000000000002,0.22300000000000003
B.M.W.,SERIE_2,218,ESSENCE,1499,1375,0.273,0.023,0.015,,40663,0.273,0.575,0.848
PEUGEOT,2008,2008,GAZOLE,1499,1205,0.058,0.005999999999999998,0.046,0.052,28979,0.058,0.14999999999999997,0.20799999999999996
B.M.W.,SERIE_3,320,ELEC+GAZOLE_HR,1995,1725,0.049,0.024999999999999998,0.018,0.043,56088,0.049,0.625,0.674
PORSCHE,911_CARRERA,911,ESSENCE,2981,1505,0.094,0.016,0.012,,113388,0.094,0.4,0.494
SKODA,OCTAVIA_RS,OCTAVIA,ESSENCE,1984,1468,0.182,0.021,0.02,,43810,0.182,0.525,0.7070000000000001
B.M.W.,SERIE_X,X3,ESS+ELEC_HNR,1998,1800,0.157,0.013,0.017,,54800,0.157,0.325,0.482
B.M.W.,SERIE_1,118,GAZOLE,1995,1430,0.171,0.049,0.013,0.062,40410,0.171,1.225,1.3960000000000001
B.M.W.,SERIE_X,X3,ESS+ELEC_HNR,2998,1910,0.109,0.015,0.013,,79000,0.109,0.375,0.484
B.M.W.,SERIE_X,X3,ELEC+GAZOLE_HR,1995,1810,0.159,0.038,0.023,0.061,55100,0.159,0.95,1.109
RENAULT,MEGANE,MEGANE,ESSENCE,1332,1308,0.246,0.013,0.02,,33750,0.246,0.325,0.571
RENAULT,MEGANE,MEGANE,GAZOLE,1461,1400,0.151,0.046,0.026,0.072,34775,0.151,1.15,1.301
B.M.W.,SERIE_2,220,ESSENCE,1998,1430,0.156,0.017,0.011,,44133,0.156,0.42500000000000004,0.5810000000000001
RENAULT,MEGANE,MEGANE,ESSENCE,999,1249,0.218,0.019,0.022,0.027,26525,0.218,0.475,0.693
RENAULT,KANGOO,KANGOO,GAZOLE,1461,1586,0.164,0.045,0.035,0.078,28050,0.164,1.125,1.289
B.M.W.,SERIE_1,120,ESSENCE,1998,1390,0.156,0.017,0.011,,41488,0.156,0.42500000000000004,0.5810000000000001
PEUGEOT,RIFTER,RIFTER,GAZOLE,1499,1606,0.053,0.003999999999999997,0.049,0.053,31090,0.053,0.09999999999999992,0.1529999999999999
MINI,MINI,CLUBMAN,GAZOLE,1995,1470,0.17,0.046,0.014,0.06,41000,0.17,1.15,1.3199999999999998
MINI,MINI,CABRIO,ESSENCE,1998,1305,0.252,0.016,0.013,,37567,0.252,0.4,0.652
KIA,SORENTO,SORENTO,ESS+ELEC_HNR,1598,1783,0.118,0.012,0.008,,53103,0.118,0.3,0.418
LEXUS,NX450H+,NX,ELEC+ESSENC_HR,2487,1990,0.127,0.013,0.006,,67824,0.127,0.325,0.452
KIA,STONIC,STONIC,ESSENCE,998,1120,0.321,0.022,0.018,,23390,0.321,0.5499999999999999,0.871
MINI,MINI,CABRIO,ESSENCE,1499,1285,0.2,0.019,0.01,,36567,0.2,0.475,0.675
HYUNDAI,TUCSON,TUCSON,ELEC+GAZOLE_HR,1598,1531,0.12,0.041999999999999996,0.035,0.077,41825,0.12,1.0499999999999998,1.17
MERCEDES,CLASSE_C,C_220,ELEC+GAZOLE_HR,1993,1765,0.055,0.008,0.006,0.014,62283,0.055,0.2,0.255
TOYOTA,COROLLA,COROLLA,ESS+ELEC_HNR,1798,1345,0.101,0.015,0.002,,32308,0.101,0.375,0.476
VOLKSWAGEN,T_ROC,T_ROC,ESSENCE,1498,1283,0.124,0.013,0.008,,36985,0.124,0.325,0.449
SKODA,KAMIQ,KAMIQ,ESSENCE,1498,1214,0.144,0.022,0.022,,31270,0.144,0.5499999999999999,0.694
MERCEDES,CLASSE_V,V_220,GAZOLE,1950,2092,0.019,0.006999999999999999,0.019,0.026,67675,0.019,0.175,0.19399999999999998
FORD,TOURNEO,TOURNEO_CONNECT,GAZOLE,1499,1708,0.04,0.005,0.022,0.027,30993,0.04,0.125,0.165
MINI,MINI,MINI,ESSENCE,1998,1205,0.252,0.016,0.013,,32871,0.252,0.4,0.652
RENAULT,TRAFIC,TRAFIC,GAZOLE,1997,1981,0.04,0.006999999999999999,0.038,0.045,42550,0.04,0.175,0.215
DACIA,JOGGER,JOGGER,ESS+G.P.L.,999,1252,0.438,0.049,0.021,,20100,0.438,1.225,1.663
DACIA,JOGGER,JOGGER,ESS+G.P.L.,999,1252,0.417,0.027,0.025,,20100,0.417,0.675,1.092
B.M.W.,SERIE_4,420,ELEC+GAZOLE_HR,1995,1605,0.086,0.018000000000000002,0.017,0.035,55650,0.086,0.45000000000000007,0.536
PORSCHE,718_BOXSTER_GTS,BOXSTER,ESSENCE,3995,1435,0.138,0.019,0.01,,93491,0.138,0.475,0.613
B.M.W.,SERIE_X,X2,ESSENCE,1998,1615,0.12,0.009,0.019,,58700,0.12,0.22499999999999998,0.345
SUZUKI,IGNIS,IGNIS,ESS+ELEC_HNR,1197,910,0.427,0.049,0.01,,19285,0.427,1.225,1.6520000000000001
FORD,FOCUS,FOCUS,ESS+ELEC_HNR,999,1376,0.337,0.043,0.018,,36550,0.337,1.075,1.412
MERCEDES,CLASSE_CLS,CLS_53_AMG,ESS+ELEC_HNR,2999,1905,0.193,0.024,0.02,,102950,0.193,0.6,0.7929999999999999
JAGUAR,F_PACE,F_PACE,ELEC+GAZOLE_HR,1998,1916,0.102,0.018,0.024,0.042,72740,0.102,0.44999999999999996,0.5519999999999999
VOLKSWAGEN,CADDY,CADDY,ESSENCE,1498,1467,0.245,0.029,0.031,,30620,0.245,0.7250000000000001,0.9700000000000001
FORD,TOURNEO,TOURNEO_CONNECT,GAZOLE,1499,1686,0.045,0.005,0.03,0.034,29293,0.045,0.125,0.16999999999999998
B.M.W.,SERIE_2,240,ESSENCE,2998,1690,0.143,0.022,0.009,,61550,0.143,0.5499999999999999,0.693
JAGUAR,F_PACE,F_PACE,ELEC+ESSENC_HR,1997,2147,0.601,0.025,0.02,,67870,0.601,0.625,1.226
VOLKSWAGEN,POLO,POLO,ESSENCE,999,1124,0.174,0.021,0.038,,25223,0.174,0.525,0.6990000000000001
JEEP,COMPASS,COMPASS,GAZOLE,1598,1540,0.067,0.024000000000000007,0.044,0.068,38650,0.067,0.6000000000000002,0.6670000000000003
B.M.W.,SERIE_2,218,ESSENCE,1499,1350,0.291,0.024,0.018,,38363,0.291,0.6,0.891
FIAT,500,500,ESSENCE,1368,1090,0.791,0.054,0.02,,24523,0.791,1.35,2.141
ALFA_ROMEO,STELVIO,STELVIO,GAZOLE,2143,1745,0.04,0.0040000000000000036,0.044,0.048,56350,0.04,0.10000000000000009,0.1400000000000001
SKODA,SUPERB,SUPERB,GAZOLE,1968,1547,0.027,0.010999999999999996,0.032,0.043,52465,0.027,0.2749999999999999,0.30199999999999994
MERCEDES,CLASSE_V,V_220,GAZOLE,1950,2092,0.019,0.006999999999999999,0.019,0.026,67675,0.019,0.175,0.19399999999999998
CITROEN,JUMPY_SPACE_TOURER,SPACE_TOURER,GAZOLE,1499,1625,0.072,0.0049999999999999975,0.05,0.055,32350,0.072,0.12499999999999994,0.19699999999999995
PORSCHE,PANAMERA_TURBO_S_E_HYBRID,PANAMERA,ELEC+ESSENC_HR,3996,2365,0.177,0.017,0.005,,201474,0.177,0.42500000000000004,0.6020000000000001
B.M.W.,SERIE_1,120,ESSENCE,1998,1390,0.156,0.017,0.011,,41488,0.156,0.42500000000000004,0.5810000000000001
NISSAN,QASHQAI,QASHQAI,ESS+ELEC_HNR,1332,1329,0.314,0.012,0.017,,34540,0.314,0.3,0.614
OPEL,ASTRA,ASTRA,GAZOLE,1499,1363,0.054,0.004,0.027,0.031,35317,0.054,0.1,0.154
JEEP,COMPASS,COMPASS,ESSENCE,1332,1430,0.114,0.016,0.009,,37560,0.114,0.4,0.514
HYUNDAI,TUCSON,TUCSON,ELEC+GAZOLE_HR,1598,1510,0.128,0.039999999999999994,0.034,0.074,36000,0.128,0.9999999999999999,1.128
B.M.W.,SERIE_X,X3,ELEC+GAZOLE_HR,2993,1935,0.131,0.017,0.043,0.06,65800,0.131,0.42500000000000004,0.556
SKODA,OCTAVIA,OCTAVIA,GAZOLE,1968,1371,0.026,0.009000000000000001,0.043,0.052,32695,0.026,0.22500000000000003,0.25100000000000006
VOLKSWAGEN,GOLF,GOLF,GAZOLE,1968,1309,0.02,0.012000000000000004,0.043,0.055,32357,0.02,0.3000000000000001,0.3200000000000001
VOLVO,XC40,XC40,ELEC+ESSENC_HR,1477,1737,0.081,0.006,0.011,,45950,0.081,0.15,0.23099999999999998
CITROEN,C4_X,C4_X,ESSENCE,1199,1289,0.317,0.022,0.037,,24000,0.317,0.5499999999999999,0.867
MINI,MINI,CLUBMAN,GAZOLE,1995,1540,0.074,0.039999999999999994,0.019,0.059,44029,0.074,0.9999999999999999,1.0739999999999998
RENAULT,AUSTRAL,AUSTRAL,ESS+ELEC_HNR,1332,1422,0.287,0.026,0.019,,37000,0.287,0.65,0.937
B.M.W.,SERIE_4,420,ELEC+GAZOLE_HR,1995,1705,0.112,0.027999999999999997,0.017,0.045,56383,0.112,0.7,0.8119999999999999
DS,DS_7_CROSSBACK,7_CROSSBACK,ELEC+ESSENC_HR,1598,1760,0.46,0.015,0.016,,57560,0.46,0.375,0.835
B.M.W.,SERIE_1,116,GAZOLE,1496,1375,0.059,0.017000000000000005,0.018,0.035,36260,0.059,0.4250000000000001,0.4840000000000001
MERCEDES,CLASSE_E,E_400,GAZOLE,2925,1845,0.033,0.015999999999999993,0.035,0.051,77425,0.033,0.39999999999999986,0.43299999999999983
VOLVO,XC40,XC40,ELEC+ESSENC_HR,1477,1737,0.081,0.006,0.011,,51525,0.081,0.15,0.23099999999999998
MERCEDES,CLASSE_S,S_580,ELEC+ESSENC_HR,2999,2305,0.247,0.013,0.004,,82525,0.247,0.325,0.5720000000000001
B.M.W.,M3,M3,ESSENCE,2993,1730,0.206,0.013,0.017,,102000,0.206,0.325,0.531
FORD,PUMA,PUMA,SUPERETHANOL,999,1205,0.424,0.04,0.017,,29170,0.424,1.0,1.424
MINI,MINI,MINI,ESSENCE,1998,1225,0.188,0.016,0.009,,36800,0.188,0.4,0.5880000000000001
SKODA,KAROQ,KAROQ,ESSENCE,1498,1328,0.132,0.023,0.025,,36445,0.132,0.575,0.707
RENAULT,KOLEOS,KOLEOS,ESSENCE,1332,1515,0.272,0.013,0.019,,44950,0.272,0.325,0.597
FORD,FIESTA,FIESTA,ESSENCE,1084,1084,0.775,0.027,0.01,,20290,0.775,0.675,1.4500000000000002
LAND_ROVER,RANGE_ROVER,RANGE_ROVER,ESSENCE,4395,2551,0.19,0.013,0.038,,188150,0.19,0.325,0.515
SEAT,ATECA,ATECA,ESSENCE,1498,1361,0.126,0.014,0.01,,36991,0.126,0.35000000000000003,0.47600000000000003
NISSAN,JUKE,JUKE,ESSENCE,999,1187,0.276,0.021,0.022,,26354,0.276,0.525,0.801
RENAULT,MEGANE_E_TECH_PLUG_IN_HYBRID,MEGANE,ELEC+ESSENC_HR,1598,1530,0.261,0.016,0.003,,39725,0.261,0.4,0.661
CITROEN,C3,C3,ESSENCE,1199,980,0.669,0.034,0.018,,19273,0.669,0.8500000000000001,1.5190000000000001
DACIA,SANDERO,SANDERO,ESSENCE,999,1077,0.266,0.035,0.021,,14600,0.266,0.8750000000000001,1.141
SKODA,KAROQ,KAROQ,ESSENCE,999,1284,0.216,0.022,0.027,,30490,0.216,0.5499999999999999,0.7659999999999999
B.M.W.,SERIE_1,120,ESSENCE,1998,1390,0.156,0.017,0.011,,41488,0.156,0.42500000000000004,0.5810000000000001
VOLKSWAGEN,KOMBI,KOMBI,GAZOLE,1968,1824,0.026,0.017999999999999995,0.042,0.06,42000,0.026,0.4499999999999999,0.4759999999999999
FIAT,500X,500X,ESSENCE,1332,1320,0.291,0.033,0.012,,31413,0.291,0.8250000000000001,1.116
VOLVO,XC40,XC40,ELEC+ESSENC_HR,1477,1737,0.081,0.006,0.011,,56400,0.081,0.15,0.23099999999999998
MERCEDES,CLASSE_E,E_200,ELEC+GAZOLE_HR,1993,1755,0.054,0.006999999999999999,0.006,0.013,58383,0.054,0.175,0.22899999999999998
OPEL,GRANDLAND,GRANDLAND,ELEC+ESSENC_HR,1598,1801,0.588,0.018,0.024,,55400,0.588,0.44999999999999996,1.0379999999999998
B.M.W.,SERIE_X,X6,ELEC+GAZOLE_HR,2993,2185,0.141,0.018000000000000002,0.045,0.063,84025,0.141,0.45000000000000007,0.5910000000000001
B.M.W.,SERIE_3,320,ELEC+GAZOLE_HR,1995,1665,0.047,0.016999999999999998,0.02,0.037,54300,0.047,0.42499999999999993,0.4719999999999999
B.M.W.,SERIE_4,420,ELEC+GAZOLE_HR,1995,1760,0.087,0.026,0.019,0.045,58783,0.087,0.65,0.737
MERCEDES,CLASSE_CLA,CLA_45_AMG,ESSENCE,1991,1620,0.177,0.016,0.021,,65350,0.177,0.4,0.577
OPEL,ASTRA,ASTRA,ESSENCE,1199,1257,0.27,0.027,0.046,,24267,0.27,0.675,0.9450000000000001
RENAULT,TRAFIC,TRAFIC,GAZOLE,1997,1981,0.04,0.006999999999999999,0.038,0.045,42550,0.04,0.175,0.215
FIAT,500,500,ESS+ELEC_HNR,999,975,0.281,0.031,0.048,,18440,0.281,0.775,1.056
B.M.W.,SERIE_X,X2,ESSENCE,1998,1470,0.159,0.021,0.013,,46817,0.159,0.525,0.684
B.M.W.,SERIE_2,220,ESSENCE,1998,1430,0.156,0.017,0.011,,44133,0.156,0.42500000000000004,0.5810000000000001
RENAULT,MEGANE,MEGANE,GAZOLE,1461,1373,0.171,0.061,0.021,0.082,32775,0.171,1.525,1.696
VOLKSWAGEN,CADDY,CADDY,GAZOLE,1968,1580,0.023,0.020999999999999998,0.038,0.059,38773,0.023,0.5249999999999999,0.5479999999999999
MERCEDES,CLASSE_A,A_250,ELEC+ESSENC_HR,1332,1620,0.078,0.016,0.013,,42833,0.078,0.4,0.47800000000000004
KIA,RIO,RIO,ESSENCE,1197,1045,0.327,0.038,0.014,,17473,0.327,0.95,1.277
B.M.W.,SERIE_1,120,ESSENCE,1998,1390,0.156,0.017,0.011,,41488,0.156,0.42500000000000004,0.5810000000000001
JAGUAR,XF,XF,ELEC+GAZOLE_HR,1998,1833,0.082,0.017,0.023,0.04,65047,0.082,0.42500000000000004,0.507
VOLKSWAGEN,CADDY,CADDY,GAZOLE,1968,1637,0.024,0.012000000000000004,0.051,0.063,38693,0.024,0.3000000000000001,0.3240000000000001
VOLKSWAGEN,POLO,POLO,ESSENCE,999,1134,0.22,0.027,0.037,,26043,0.22,0.675,0.895
JEEP,RENEGADE,RENEGADE,ESS+ELEC_HNR,1469,1420,0.381,0.063,0.018,,33438,0.381,1.575,1.956
B.M.W.,SERIE_X,X2,ESSENCE,1499,1430,0.312,0.031,0.016,,42517,0.312,0.775,1.087
MINI,MINI,CABRIO,ESSENCE,1499,1250,0.288,0.018,0.012,,33533,0.288,0.44999999999999996,0.738
KIA,XCEED,XCEED,ELEC+ESSENC_HR,1580,1534,0.077,0.017,0.009,,38030,0.077,0.42500000000000004,0.502
SKODA,OCTAVIA,OCTAVIA,GAZOLE,1968,1424,0.026,0.008999999999999998,0.028,0.037,37710,0.026,0.22499999999999995,0.25099999999999995
RENAULT,MEGANE_E_TECH_PLUG_IN_HYBRID,MEGANE,ELEC+ESSENC_HR,1598,1530,0.261,0.016,0.003,,39725,0.261,0.4,0.661
MINI,MINI,CLUBMAN,GAZOLE,1995,1470,0.17,0.046,0.014,0.06,41000,0.17,1.15,1.3199999999999998
PEUGEOT,3008,3008,ELEC+ESSENC_HR,1598,1763,0.46,0.015,0.016,,46338,0.46,0.375,0.835
OPEL,GRANDLAND,GRANDLAND,GAZOLE,1499,1448,0.055,0.0020000000000000018,0.027,0.029,40625,0.055,0.050000000000000044,0.10500000000000004
VOLKSWAGEN,PASSAT,PASSAT,ELEC+ESSENC_HR,1395,1678,0.178,0.013,0.012,,54595,0.178,0.325,0.503
RENAULT,ARKANA,ARKANA,ESS+ELEC_HNR,1332,1347,0.263,0.012,0.02,,36125,0.263,0.3,0.563
HYUNDAI,TUCSON,TUCSON,ELEC+GAZOLE_HR,1598,1531,0.12,0.041999999999999996,0.035,0.077,41825,0.12,1.0499999999999998,1.17
B.M.W.,SERIE_3,330,ELEC+GAZOLE_HR,2993,1825,0.121,0.012999999999999998,0.042,0.055,62725,0.121,0.32499999999999996,0.44599999999999995
B.M.W.,SERIE_1,118,ESSENCE,1499,1320,0.273,0.023,0.015,,37510,0.273,0.575,0.848
SSANGYONG,TIVOLI,TIVOLI,GAZOLE,1597,1390,0.088,0.047,0.024,0.071,24990,0.088,1.175,1.2630000000000001
VOLVO,V60_CROSS_COUNTRY,V60,ELEC+GAZOLE_HR,1969,1849,0.247,0.027999999999999997,0.033,0.061,61250,0.247,0.7,0.947
MERCEDES,CLASSE_V,V_250,GAZOLE,1950,2067,0.116,0.015,0.022,0.037,74793,0.116,0.375,0.491
KIA,PROCEED,PROCEED,ESSENCE,1482,1350,0.187,0.025,0.042,,33733,0.187,0.625,0.812
MERCEDES,CLASSE_C,C_220,ELEC+GAZOLE_HR,1993,1705,0.055,0.008,0.006,0.014,60783,0.055,0.2,0.255
B.M.W.,SERIE_1,118,GAZOLE,1995,1430,0.171,0.049,0.013,0.062,40410,0.171,1.225,1.3960000000000001
MERCEDES,CLASSE_C,C_200,ELEC+GAZOLE_HR,1993,1650,0.064,0.007,0.007,0.014,50934,0.064,0.17500000000000002,0.23900000000000002
B.M.W.,SERIE_X,X2,GAZOLE,1995,1605,0.071,0.036000000000000004,0.02,0.056,50717,0.071,0.9000000000000001,0.9710000000000001
B.M.W.,SERIE_1,118,ESSENCE,1499,1320,0.273,0.023,0.015,,37510,0.273,0.575,0.848
B.M.W.,SERIE_4,420,ELEC+GAZOLE_HR,1995,1760,0.087,0.026,0.019,0.045,58783,0.087,0.65,0.737
VOLVO,XC60,XC60,ELEC+GAZOLE_HR,1969,1837,0.246,0.027999999999999997,0.031,0.059,63730,0.246,0.7,0.946
VOLKSWAGEN,CADDY,CADDY,ESSENCE,1498,1467,0.245,0.029,0.031,,31090,0.245,0.7250000000000001,0.9700000000000001
B.M.W.,SERIE_1,120,ESSENCE,1998,1390,0.156,0.017,0.011,,41488,0.156,0.42500000000000004,0.5810000000000001
RENAULT,CLIO,CLIO,ESSENCE,999,1099,0.216,0.03,0.025,,21183,0.216,0.75,0.966
FIAT,500X,500X,GAZOLE,1598,1430,0.037,0.013999999999999999,0.077,0.091,36190,0.037,0.35,0.38699999999999996
B.M.W.,SERIE_4,420,ESSENCE,1998,1620,0.255,0.022,0.014,,53833,0.255,0.5499999999999999,0.8049999999999999
SKODA,SCALA,SCALA,ESSENCE,999,1176,0.169,0.025,0.035,,29705,0.169,0.625,0.794
FIAT,TIPO,TIPO,ESS+ELEC_HNR,1469,1380,0.322,0.034,0.01,,30390,0.322,0.8500000000000001,1.1720000000000002
VOLKSWAGEN,CADDY,CADDY,ESSENCE,1498,1581,0.212,0.028,0.029,,37713,0.212,0.7000000000000001,0.912
MERCEDES,CLASSE_V,V_300,GAZOLE,1950,2170,0.211,0.018,0.027,0.045,81025,0.211,0.44999999999999996,0.6609999999999999
RENAULT,TALISMAN,TALISMAN,GAZOLE,1997,1658,0.089,0.023,0.038,0.061,52900,0.089,0.575,0.6639999999999999
MINI,MINI,COUNTRYMAN,ESSENCE,1499,1430,0.253,0.02,0.017,,40000,0.253,0.5,0.753
RENAULT,ESPACE,ESPACE,GAZOLE,1997,1848,0.014,0.008,0.021,0.029,57550,0.014,0.2,0.21400000000000002
RENAULT,SCENIC,SCENIC,ESSENCE,1332,1505,0.312,0.011,0.014,,36700,0.312,0.27499999999999997,0.587
RENAULT,MEGANE,MEGANE,GAZOLE,1461,1347,0.151,0.046,0.026,0.072,33775,0.151,1.15,1.301
CITROEN,C4,C4,ESSENCE,1199,1278,0.325,0.02,0.033,,31380,0.325,0.5,0.825
NISSAN,QASHQAI,QASHQAI,ESS+ELEC_HNR,1332,1375,0.292,0.017,0.02,,39315,0.292,0.42500000000000004,0.7170000000000001
AUDI,A3_40_TFSIE,A3,ELEC+ESSENC_HR,1395,1550,0.246,0.011,0.012,,44316,0.246,0.27499999999999997,0.5209999999999999
RENAULT,CLIO,CLIO,ESS+ELEC_HNR,1598,1266,0.416,0.023,0.005,,25133,0.416,0.575,0.9909999999999999
B.M.W.,SERIE_4,420,ELEC+GAZOLE_HR,1995,1760,0.087,0.026,0.019,0.045,58783,0.087,0.65,0.737
B.M.W.,SERIE_3,320,ELEC+GAZOLE_HR,1995,1725,0.049,0.024999999999999998,0.018,0.043,56088,0.049,0.625,0.674
KIA,CEED,CEED,ESSENCE,1482,1332,0.187,0.025,0.042,,32189,0.187,0.625,0.812
MINI,MINI,COUNTRYMAN,GAZOLE,1496,1440,0.097,0.025999999999999995,0.017,0.043,35880,0.097,0.6499999999999999,0.7469999999999999
MERCEDES,CLASSE_A,A_180,ESSENCE,1332,1305,0.101,0.027,0.031,,42233,0.101,0.675,0.776
SKODA,KAROQ,KAROQ,ESSENCE,1498,1330,0.132,0.023,0.025,,37898,0.132,0.575,0.707
B.M.W.,SERIE_1,128,ESSENCE,1998,1445,0.102,0.009,0.016,,47600,0.102,0.22499999999999998,0.32699999999999996
MINI,MINI,MINI,ESSENCE,1499,1180,0.084,0.012,0.006,,27150,0.084,0.3,0.384
B.M.W.,SERIE_X,X5,ELEC+GAZOLE_HR,2993,2190,0.141,0.018000000000000002,0.045,0.063,79017,0.141,0.45000000000000007,0.5910000000000001
JAGUAR,E_PACE,E_PACE,ELEC+ESSENC_HR,1498,2127,0.266,0.018,0.019,,53800,0.266,0.44999999999999996,0.716
B.M.W.,SERIE_1,116,ESSENCE,1499,1340,0.072,0.014,0.008,,36260,0.072,0.35000000000000003,0.42200000000000004
RENAULT,KADJAR,KADJAR,GAZOLE,1461,1466,0.116,0.042,0.037,0.075,32240,0.116,1.05,1.1660000000000001
SKODA,KAROQ,KAROQ,ESSENCE,1498,1324,0.192,0.027,0.022,,33965,0.192,0.675,0.867
ALFA_ROMEO,GIULIA,GIULIA,ESSENCE,2891,1620,0.279,0.024,0.036,,104450,0.279,0.6,0.879
B.M.W.,SERIE_2,220,GAZOLE,1995,1505,0.19,0.053000000000000005,0.016,0.069,47413,0.19,1.3250000000000002,1.5150000000000001
MERCEDES,CLASSE_GLC,GLC_300,GAZOLE,1950,1800,0.104,0.011000000000000003,0.031,0.042,72750,0.104,0.2750000000000001,0.37900000000000006
SKODA,KAMIQ,KAMIQ,ESSENCE,1498,1195,0.183,0.024,0.015,,27790,0.183,0.6,0.7829999999999999
JEEP,WRANGLER_UNLIMITED,WRANGLER,ELEC+ESSENC_HR,1995,2273,0.37,0.018,0.013,,78500,0.37,0.44999999999999996,0.82
MERCEDES,VITO_TOURER,VITO,GAZOLE,1950,2050,0.211,0.018,0.027,0.045,47096,0.211,0.44999999999999996,0.6609999999999999
MERCEDES,CLASSE_C,C_220,ELEC+GAZOLE_HR,1993,1800,0.056,0.005999999999999999,0.007,0.013,62283,0.056,0.15,0.206
SKODA,KODIAQ,KODIAQ,GAZOLE,1968,1748,0.026,0.009999999999999998,0.029,0.039,33820,0.026,0.24999999999999997,0.27599999999999997
MINI,MINI,COUNTRYMAN,GAZOLE,1496,1465,0.027,0.031000000000000003,0.018,0.049,38080,0.027,0.7750000000000001,0.8020000000000002
OPEL,INSIGNIA_SPORTS_TOURER,INSIGNIA,GAZOLE,1995,1540,0.049,0.013,0.014,0.027,44925,0.049,0.325,0.374
B.M.W.,SERIE_1,116,GAZOLE,1496,1375,0.059,0.017000000000000005,0.018,0.035,36260,0.059,0.4250000000000001,0.4840000000000001
B.M.W.,SERIE_X,X3,ESS+ELEC_HNR,1998,1800,0.157,0.013,0.017,,54800,0.157,0.325,0.482
KIA,XCEED,XCEED,ELEC+GAZOLE_HR,1598,1397,0.243,0.041,0.023,0.064,35070,0.243,1.0250000000000001,1.2680000000000002
RENAULT,ARKANA,ARKANA,ESS+ELEC_HNR,1332,1347,0.263,0.012,0.02,,36125,0.263,0.3,0.563
B.M.W.,SERIE_1,120,ESSENCE,1998,1390,0.156,0.017,0.011,,41488,0.156,0.42500000000000004,0.5810000000000001
RENAULT,TRAFIC,TRAFIC,GAZOLE,1997,2058,0.016,0.008,0.03,0.038,46500,0.016,0.2,0.21600000000000003
VOLKSWAGEN,GOLF,GOLF,ESS+ELEC_HNR,1498,1290,0.135,0.021,0.019,,32478,0.135,0.525,0.66
B.M.W.,SERIE_2,218,GAZOLE,1995,1425,0.185,0.052,0.025,0.077,41263,0.185,1.3,1.485
RENAULT,SCENIC,SCENIC,ESSENCE,1332,1505,0.312,0.011,0.014,,36700,0.312,0.27499999999999997,0.587
VOLKSWAGEN,TIGUAN,TIGUAN,GAZOLE,1968,1556,0.026,0.009000000000000001,0.03,0.039,48739,0.026,0.22500000000000003,0.25100000000000006
RENAULT,KANGOO,KANGOO,ESSENCE,1332,1519,0.234,0.012,0.022,,31000,0.234,0.3,0.534
B.M.W.,SERIE_3,330,ELEC+ESSENC_HR,1998,1880,0.331,0.013,0.012,,62783,0.331,0.325,0.656
B.M.W.,SERIE_X,X5,ELEC+GAZOLE_HR,2993,2190,0.145,0.018000000000000002,0.045,0.063,77717,0.145,0.45000000000000007,0.5950000000000001
RENAULT,CAPTUR,CAPTUR,ESS+ELEC_HNR,1598,1363,0.31,0.019,0.004,,31408,0.31,0.475,0.7849999999999999
MINI,MINI,MINI,ESSENCE,1998,1225,0.188,0.016,0.009,,36800,0.188,0.4,0.5880000000000001
MAZDA,MAZDA_3,3,ESS+ELEC_HNR,1998,1402,0.127,0.011,0.029,,35050,0.127,0.27499999999999997,0.40199999999999997
FORD,TOURNEO_CUSTOM,TOURNEO_CUSTOM,GAZOLE,1995,2255,0.117,0.014,0.049,0.065,48288,0.117,0.35000000000000003,0.467
MERCEDES,CLASSE_GLE,GLE_300,ELEC+GAZOLE_HR,1993,2205,0.049,0.007999999999999998,0.01,0.018,86350,0.049,0.19999999999999996,0.24899999999999994
MINI,MINI,CLUBMAN,GAZOLE,1995,1540,0.074,0.039999999999999994,0.019,0.059,44029,0.074,0.9999999999999999,1.0739999999999998
JAGUAR,E_PACE,E_PACE,ELEC+ESSENC_HR,1498,2127,0.266,0.018,0.019,,53800,0.266,0.44999999999999996,0.716
VOLKSWAGEN,T_ROC,T_ROC,ESSENCE,1498,1471,0.126,0.014,0.01,,44278,0.126,0.35000000000000003,0.47600000000000003
LAND_ROVER,RANGE_ROVER_VELAR,RANGE_ROVER_VELAR,ELEC+ESSENC_HR,1997,2199,0.601,0.025,0.02,,72850,0.601,0.625,1.226
MINI,MINI,COUNTRYMAN,ESSENCE,1499,1430,0.253,0.02,0.017,,40000,0.253,0.5,0.753
B.M.W.,SERIE_1,116,ESSENCE,1499,1340,0.072,0.014,0.008,,36260,0.072,0.35000000000000003,0.42200000000000004
MERCEDES,CLASSE_GLE,GLE_300,ELEC+GAZOLE_HR,1993,2205,0.059,0.011999999999999999,0.01,0.022,86350,0.059,0.3,0.359
MERCEDES,CLASSE_CLA,CLA_35_AMG,ESSENCE,1991,1540,0.287,0.018,0.016,,74875,0.287,0.44999999999999996,0.7369999999999999
PEUGEOT,2008,2008,GAZOLE,1499,1270,0.067,0.0059999999999999915,0.07,0.076,33203,0.067,0.1499999999999998,0.2169999999999998
B.M.W.,SERIE_X,X2,GAZOLE,1995,1605,0.071,0.035,0.021,0.056,47717,0.071,0.8750000000000001,0.9460000000000001
MINI,MINI,COUNTRYMAN,GAZOLE,1995,1600,0.07,0.036000000000000004,0.019,0.055,48633,0.07,0.9000000000000001,0.9700000000000002
B.M.W.,SERIE_1,116,GAZOLE,1496,1385,0.037,0.02,0.019,0.039,38560,0.037,0.5,0.537
B.M.W.,SERIE_X,X3,ELEC+GAZOLE_HR,2993,2005,0.122,0.013999999999999999,0.038,0.052,78000,0.122,0.35,0.472
VOLKSWAGEN,TIGUAN,TIGUAN,ESSENCE,1498,1461,0.234,0.024,0.024,,43962,0.234,0.6,0.834
RENAULT,SCENIC,SCENIC,ESSENCE,1332,1490,0.247,0.009,0.019,,38067,0.247,0.22499999999999998,0.472
MINI,MINI,MINI,ESSENCE,1499,1230,0.2,0.019,0.01,,34200,0.2,0.475,0.675
MERCEDES,CLASSE_GLE,GLE_300,ELEC+GAZOLE_HR,1993,2205,0.049,0.007999999999999998,0.01,0.018,86350,0.049,0.19999999999999996,0.24899999999999994
FIAT,500X,500X,GAZOLE,1598,1430,0.037,0.013999999999999999,0.077,0.091,34173,0.037,0.35,0.38699999999999996
SEAT,LEON_SP,LEON,GAZOLE,1968,1393,0.023,0.011,0.047,0.056,30558,0.023,0.27499999999999997,0.298
MINI,MINI,COUNTRYMAN,GAZOLE,1995,1570,0.076,0.034,0.02,0.054,41733,0.076,0.8500000000000001,0.926
VOLKSWAGEN,POLO,POLO,ESSENCE,999,1093,0.226,0.032,0.041,,23613,0.226,0.8,1.026
B.M.W.,SERIE_1,118,ESSENCE,1499,1320,0.273,0.023,0.015,,37510,0.273,0.575,0.848
B.M.W.,SERIE_1,116,ESSENCE,1499,1320,0.179,0.019,0.011,,33960,0.179,0.475,0.6539999999999999
KIA,PICANTO,PICANTO,ESSENCE,1197,908,0.283,0.024,0.017,,17173,0.283,0.6,0.883
B.M.W.,SERIE_X,X2,ESSENCE,1499,1430,0.312,0.031,0.016,,42517,0.312,0.775,1.087
VOLVO,XC60,XC60,ELEC+ESSENC_HR,1969,2075,0.243,0.008,0.008,,85355,0.243,0.2,0.443
FORD,ECOSPORT,ECOSPORT,ESSENCE,998,1284,0.271,0.02,0.016,,25900,0.271,0.5,0.771
PEUGEOT,208,208,ESSENCE,1199,1158,0.209,0.02,0.026,,29353,0.209,0.5,0.709
VOLVO,XC90,XC90,ELEC+ESSENC_HR,1969,2222,0.258,0.007,0.005,,99353,0.258,0.17500000000000002,0.43300000000000005
MAZDA,MAZDA_3,3,ESS+ELEC_HNR,1998,1394,0.16,0.014,0.021,,37050,0.16,0.35000000000000003,0.51
FIAT,500X,500X,ESSENCE,999,1320,0.423,0.023,0.016,,27832,0.423,0.575,0.998
MINI,MINI,MINI,ESSENCE,1499,1235,0.084,0.012,0.006,,28050,0.084,0.3,0.384
B.M.W.,SERIE_1,116,ESSENCE,1499,1340,0.072,0.014,0.008,,36260,0.072,0.35000000000000003,0.42200000000000004
SKODA,KODIAQ,KODIAQ,GAZOLE,1968,1763,0.021,0.009000000000000001,0.036,0.045,53727,0.021,0.22500000000000003,0.24600000000000002
B.M.W.,SERIE_2,218,ESSENCE,1499,1470,0.204,0.007,0.009,,36688,0.204,0.17500000000000002,0.379
VOLKSWAGEN,GOLF,GOLF,GAZOLE,1968,1388,0.025,0.023,0.036,0.059,38220,0.025,0.575,0.6
PORSCHE,911_CARRERA_GTS,911,ESSENCE,2981,1615,0.166,0.011,0.011,,163886,0.166,0.27499999999999997,0.44099999999999995
OPEL,CORSA,CORSA,ESSENCE,1199,1090,0.509,0.022,0.014,,21900,0.509,0.5499999999999999,1.059
PORSCHE,PANAMERA_4S_E_HYBRID,PANAMERA,ELEC+ESSENC_HR,2894,2225,0.234,0.021,0.017,,137456,0.234,0.525,0.759
SKODA,OCTAVIA_RS,OCTAVIA,ESSENCE,1984,1456,0.182,0.021,0.02,,42700,0.182,0.525,0.7070000000000001
FORD,TRANSIT_CUSTOM,TRANSIT_CUSTOM,GAZOLE,1995,1928,0.111,0.009,0.044,0.052,51095,0.111,0.22499999999999998,0.33599999999999997
FIAT,PANDA,PANDA,ESS+ELEC_HNR,999,1002,0.281,0.031,0.048,,15290,0.281,0.775,1.056
FORD,TOURNEO,TOURNEO_CONNECT,GAZOLE,1499,1722,0.045,0.005,0.03,0.034,29293,0.045,0.125,0.16999999999999998
RENAULT,TRAFIC,TRAFIC,GAZOLE,1997,2262,0.016,0.008,0.03,0.038,47700,0.016,0.2,0.21600000000000003
B.M.W.,SERIE_4,440,ESS+ELEC_HNR,2998,1825,0.099,0.016,0.01,,71000,0.099,0.4,0.499
PORSCHE,911_TARGA_4,911,ESSENCE,2981,1665,0.108,0.01,0.013,,137976,0.108,0.25,0.358
SKODA,KAMIQ,KAMIQ,ESSENCE,1498,1214,0.144,0.022,0.022,,31270,0.144,0.5499999999999999,0.694
MERCEDES,CLASSE_B,B_180,GAZOLE,1950,1430,0.03,0.0049999999999999975,0.025,0.03,38525,0.03,0.12499999999999994,0.15499999999999994
SKODA,OCTAVIA,OCTAVIA,ESS+ELEC_HNR,1498,1329,0.135,0.021,0.019,,35663,0.135,0.525,0.66
SKODA,SCALA,SCALA,ESSENCE,1498,1198,0.156,0.021,0.019,,31315,0.156,0.525,0.681
FORD,PUMA,PUMA,ESS+ELEC_HNR,999,1259,0.243,0.038,0.017,,30570,0.243,0.95,1.193
MERCEDES,VITO_TOURER,VITO,GAZOLE,1950,2025,0.211,0.018,0.027,0.045,47096,0.211,0.44999999999999996,0.6609999999999999
CITROEN,C3_AIRCROSS,C3_AIRCROSS,GAZOLE,1499,1260,0.055,0.002999999999999999,0.025,0.028,29340,0.055,0.07499999999999998,0.12999999999999998
VOLVO,XC40,XC40,ELEC+ESSENC_HR,1477,1737,0.11,0.006,0.008,,56400,0.11,0.15,0.26
RENAULT,CAPTUR,CAPTUR,ESS+ELEC_HNR,1332,1245,0.202,0.012,0.021,,28967,0.202,0.3,0.502
MINI,MINI,MINI,ESSENCE,1499,1230,0.2,0.019,0.01,,34200,0.2,0.475,0.675
FORD,PUMA,PUMA,SUPERETHANOL,999,1205,0.424,0.04,0.017,,27714,0.424,1.0,1.424
FORD,FIESTA,FIESTA,ESS+ELEC_HNR,999,1136,0.309,0.034,0.014,,24190,0.309,0.8500000000000001,1.159
B.M.W.,SERIE_X,X3,ESS+ELEC_HNR,1998,1800,0.157,0.013,0.017,,54800,0.157,0.325,0.482
FORD,FIESTA,FIESTA,SUPERETHANOL,999,1114,0.393,0.037,0.011,,23090,0.393,0.9249999999999999,1.318
PEUGEOT,5008,5008,GAZOLE,1997,1607,0.101,0.011000000000000003,0.03,0.041,47840,0.101,0.2750000000000001,0.3760000000000001
B.M.W.,SERIE_4,420,ESSENCE,1998,1690,0.237,0.022,0.018,,60100,0.237,0.5499999999999999,0.7869999999999999
VOLKSWAGEN,TIGUAN,TIGUAN,GAZOLE,1968,1679,0.026,0.009000000000000001,0.03,0.039,52000,0.026,0.22500000000000003,0.25100000000000006
MERCEDES,CLASSE_GLE,GLE_300,ELEC+GAZOLE_HR,1993,2205,0.059,0.011999999999999999,0.01,0.022,79100,0.059,0.3,0.359
B.M.W.,SERIE_4,440,ESS+ELEC_HNR,2998,1890,0.059,0.013,0.01,,77150,0.059,0.325,0.384
FORD,FIESTA,FIESTA,ESS+ELEC_HNR,999,1136,0.309,0.034,0.014,,24190,0.309,0.8500000000000001,1.159
PEUGEOT,208,208,ESSENCE,1199,1090,0.314,0.025,0.031,,26013,0.314,0.625,0.9390000000000001
MERCEDES,CLASSE_E,E_200,GAZOLE,1950,1795,0.021,0.006000000000000002,0.029,0.035,70950,0.021,0.15000000000000005,0.17100000000000004
CITROEN,C4,C4,ESSENCE,1199,1247,0.334,0.024,0.023,,28938,0.334,0.6,0.9339999999999999
DS,DS_4,4,ESSENCE,1598,1420,0.519,0.021,0.034,,42233,0.519,0.525,1.044
MERCEDES,CLASSE_V,V_250,GAZOLE,1950,2092,0.116,0.015,0.022,0.037,74793,0.116,0.375,0.491
LAND_ROVER,DISCOVERY_SPORT,DISCOVERY_SPORT,ELEC+GAZOLE_HR,1998,2019,0.121,0.016999999999999994,0.035,0.052,60241,0.121,0.4249999999999999,0.5459999999999998
FORD,PUMA,PUMA,ESSENCE,1496,1283,0.659,0.02,0.005,,36400,0.659,0.5,1.159
B.M.W.,SERIE_X,X3,ESS+ELEC_HNR,1998,1800,0.157,0.013,0.017,,54800,0.157,0.325,0.482
B.M.W.,SERIE_2,220,ESSENCE,1998,1430,0.156,0.017,0.011,,44133,0.156,0.42500000000000004,0.5810000000000001
B.M.W.,SERIE_X,X4,ELEC+GAZOLE_HR,2993,1935,0.131,0.017,0.043,0.06,68850,0.131,0.42500000000000004,0.556
VOLVO,XC40,XC40,ELEC+ESSENC_HR,1477,1737,0.11,0.006,0.008,,56400,0.11,0.15,0.26
VOLKSWAGEN,POLO,POLO,ESSENCE,999,1093,0.226,0.032,0.041,,23613,0.226,0.8,1.026
MINI,MINI,MINI,ESSENCE,1499,1230,0.2,0.019,0.01,,34200,0.2,0.475,0.675
JEEP,RENEGADE,RENEGADE,ESS+ELEC_HNR,1469,1420,0.381,0.063,0.018,,33438,0.381,1.575,1.956
VOLVO,XC60,XC60,ELEC+GAZOLE_HR,1969,1892,0.241,0.026000000000000002,0.042,0.068,76530,0.241,0.65,0.891
FIAT,TIPO,TIPO,ESS+ELEC_HNR,1469,1380,0.322,0.034,0.01,,30390,0.322,0.8500000000000001,1.1720000000000002
B.M.W.,SERIE_4,420,ELEC+GAZOLE_HR,1995,1760,0.087,0.026,0.019,0.045,58783,0.087,0.65,0.737
VOLKSWAGEN,CADDY,CADDY,GAZOLE,1968,1580,0.023,0.020999999999999998,0.038,0.059,39443,0.023,0.5249999999999999,0.5479999999999999
FIAT,500X,500X,GAZOLE,1598,1430,0.037,0.013999999999999999,0.077,0.091,36190,0.037,0.35,0.38699999999999996
SKODA,KAMIQ,KAMIQ,ESSENCE,999,1197,0.153,0.023,0.043,,29620,0.153,0.575,0.728
VOLKSWAGEN,KOMBI,KOMBI,GAZOLE,1968,2008,0.042,0.020000000000000004,0.047,0.067,60000,0.042,0.5000000000000001,0.5420000000000001
PEUGEOT,308,308,GAZOLE,1499,1382,0.078,0.0050000000000000044,0.051,0.056,33033,0.078,0.1250000000000001,0.20300000000000012
SKODA,FABIA,FABIA,ESSENCE,999,1097,0.193,0.021,0.042,,22347,0.193,0.525,0.718
RENAULT,TALISMAN,TALISMAN,ESSENCE,1332,1422,0.301,0.013,0.02,,42500,0.301,0.325,0.626
B.M.W.,SERIE_4,430,ELEC+GAZOLE_HR,2993,1880,0.125,0.013000000000000005,0.044,0.057,67400,0.125,0.3250000000000001,0.4500000000000001
VOLVO,XC40,XC40,ESS+ELEC_HNR,1969,1613,0.288,0.013,0.013,,51525,0.288,0.325,0.613
SKODA,KAMIQ,KAMIQ,ESSENCE,999,1185,0.153,0.023,0.043,,29620,0.153,0.575,0.728
PEUGEOT,208,208,ESSENCE,1199,1090,0.509,0.022,0.014,,24256,0.509,0.5499999999999999,1.059
RENAULT,MEGANE,MEGANE,GAZOLE,1461,1432,0.028,0.006000000000000002,0.011,0.017,34775,0.028,0.15000000000000005,0.17800000000000005
B.M.W.,SERIE_2,218,GAZOLE,1995,1545,0.05,0.005999999999999998,0.041,0.047,38888,0.05,0.14999999999999997,0.19999999999999996
NISSAN,QASHQAI,QASHQAI,ESS+ELEC_HNR,1332,1375,0.292,0.017,0.02,,39315,0.292,0.42500000000000004,0.7170000000000001
RENAULT,CAPTUR,CAPTUR,ESSENCE,999,1199,0.244,0.047,0.047,,24867,0.244,1.175,1.419
OPEL,GRANDLAND,GRANDLAND,GAZOLE,1499,1448,0.055,0.0020000000000000018,0.027,0.029,40625,0.055,0.050000000000000044,0.10500000000000004
OPEL,GRANDLAND,GRANDLAND,ESSENCE,1199,1386,0.435,0.024,0.03,,39700,0.435,0.6,1.035
VOLKSWAGEN,POLO,POLO,ESSENCE,999,1134,0.191,0.025,0.037,,26043,0.191,0.625,0.8160000000000001
RENAULT,CAPTUR,CAPTUR,ESSENCE,999,1221,0.294,0.039,0.034,,24867,0.294,0.975,1.269
SKODA,OCTAVIA_RS,OCTAVIA,ESSENCE,1984,1468,0.182,0.021,0.02,,42700,0.182,0.525,0.7070000000000001
MERCEDES,CLASSE_V,V_300,GAZOLE,1950,2092,0.116,0.015,0.022,0.037,81025,0.116,0.375,0.491
MINI,MINI,MINI,ESSENCE,1998,1280,0.188,0.016,0.009,,37750,0.188,0.4,0.5880000000000001
B.M.W.,SERIE_1,116,ESSENCE,1499,1340,0.072,0.014,0.008,,36260,0.072,0.35000000000000003,0.42200000000000004
PORSCHE,911_CARRERA_S,911,ESSENCE,2981,1515,0.146,0.01,0.014,,131256,0.146,0.25,0.396
SKODA,OCTAVIA,OCTAVIA,GAZOLE,1968,1352,0.026,0.009000000000000001,0.043,0.052,31595,0.026,0.22500000000000003,0.25100000000000006
DACIA,SANDERO,SANDERO,ESSENCE,999,1014,0.308,0.031,0.027,,12045,0.308,0.775,1.083
CITROEN,BERLINGO,BERLINGO,ESSENCE,1199,1525,0.588,0.024,0.035,,28175,0.588,0.6,1.188
B.M.W.,SERIE_3,318,ESSENCE,1998,1575,0.262,0.02,0.012,,48100,0.262,0.5,0.762
AUDI,Q3_SPORTBACK_E_TRON,Q3,ELEC+ESSENC_HR,1395,1740,0.123,0.014,0.01,,53195,0.123,0.35000000000000003,0.47300000000000003
MINI,MINI,CLUBMAN,ESSENCE,1998,1400,0.249,0.024,0.018,,37829,0.249,0.6,0.849
B.M.W.,SERIE_X,X3,ELEC+GAZOLE_HR,2993,2005,0.122,0.013999999999999999,0.038,0.052,78000,0.122,0.35,0.472
JEEP,RENEGADE,RENEGADE,ESS+ELEC_HNR,1469,1420,0.381,0.063,0.018,,33438,0.381,1.575,1.956
B.M.W.,SERIE_1,118,ESSENCE,1499,1320,0.273,0.023,0.015,,37510,0.273,0.575,0.848
MINI,MINI,MINI,ESSENCE,1499,1155,0.14,0.013,0.007,,22550,0.14,0.325,0.465
PORSCHE,CAYENNE_E_HYBRID,CAYENNE,ELEC+ESSENC_HR,2995,2360,0.42,0.021,0.021,,105929,0.42,0.525,0.9450000000000001
RENAULT,MEGANE,MEGANE,GAZOLE,1461,1320,0.171,0.061,0.021,0.082,32275,0.171,1.525,1.696
HYUNDAI,SANTA_FE,SANTA_FE,ESS+ELEC_HNR,1598,1780,0.125,0.013,0.01,,49683,0.125,0.325,0.45
MERCEDES,CLASSE_E,E_400,GAZOLE,2925,1890,0.033,0.018999999999999996,0.033,0.052,83000,0.033,0.4749999999999999,0.5079999999999999
BENTLEY,FLYING_SPUR_V8,FLYING_SPUR,ESSENCE,3996,2330,0.255,0.014,0.007,,196383,0.255,0.35000000000000003,0.605
MERCEDES,VITO_TOURER,VITO,GAZOLE,1950,2050,0.027,0.006999999999999999,0.017,0.024,46907,0.027,0.175,0.20199999999999999
OPEL,CORSA,CORSA,ESSENCE,1199,1090,0.314,0.025,0.031,,23050,0.314,0.625,0.9390000000000001
VOLVO,XC60,XC60,ELEC+GAZOLE_HR,1969,1837,0.246,0.027999999999999997,0.031,0.059,63730,0.246,0.7,0.946
MINI,MINI,COUNTRYMAN,ESSENCE,1499,1505,0.273,0.025,0.024,,38733,0.273,0.625,0.898
B.M.W.,SERIE_2,216,GAZOLE,1496,1430,0.037,0.02,0.019,0.039,41313,0.037,0.5,0.537
DS,DS_3_CROSSBACK,3_CROSSBACK,ESSENCE,1199,1205,0.261,0.02,0.026,,33911,0.261,0.5,0.761
B.M.W.,SERIE_2,220,ESSENCE,1998,1490,0.226,0.024,0.013,,45650,0.226,0.6,0.826
VOLKSWAGEN,TIGUAN,TIGUAN,ESSENCE,1498,1461,0.234,0.024,0.024,,45809,0.234,0.6,0.834
B.M.W.,SERIE_4,430,ELEC+GAZOLE_HR,2993,1845,0.124,0.012999999999999998,0.042,0.055,62950,0.124,0.32499999999999996,0.44899999999999995
JEEP,COMPASS,COMPASS,ESS+ELEC_HNR,1469,1500,0.28,0.041,0.013,,40533,0.28,1.0250000000000001,1.3050000000000002
RENAULT,TWINGO,TWINGO,ESSENCE,999,918,0.225,0.018,0.022,,16900,0.225,0.44999999999999996,0.6749999999999999
MERCEDES,CLASSE_GLC,GLC_43_AMG,ESSENCE,2996,1805,0.216,0.03,0.033,,80100,0.216,0.75,0.966
CITROEN,C3,C3,ESSENCE,1199,980,0.669,0.034,0.018,,19013,0.669,0.8500000000000001,1.5190000000000001
B.M.W.,SERIE_1,118,ESSENCE,1499,1290,0.291,0.024,0.018,,35210,0.291,0.6,0.891
MERCEDES,CLASSE_GLE,GLE_350,ELEC+ESSENC_HR,1991,2550,0.207,0.021,0.015,,100800,0.207,0.525,0.732
LAND_ROVER,RANGE_ROVER_VELAR,RANGE_ROVER_VELAR,ELEC+GAZOLE_HR,2997,2089,0.224,0.021,0.024,0.037,77998,0.224,0.525,0.749
RENAULT,MEGANE,MEGANE,ESSENCE,1332,1274,0.243,0.013,0.019,,35050,0.243,0.325,0.5680000000000001
MINI,MINI,CLUBMAN,ESSENCE,1499,1360,0.227,0.023,0.014,,38000,0.227,0.575,0.8019999999999999
VOLKSWAGEN,CADDY,CADDY,GAZOLE,1968,1637,0.024,0.012000000000000004,0.051,0.063,38693,0.024,0.3000000000000001,0.3240000000000001
MINI,MINI,COUNTRYMAN,GAZOLE,1995,1600,0.07,0.036000000000000004,0.019,0.055,48633,0.07,0.9000000000000001,0.9700000000000002
B.M.W.,SERIE_8,840,ESSENCE,2998,1875,0.101,0.025,0.009,,105900,0.101,0.625,0.726
B.M.W.,SERIE_5,530,ELEC+ESSENC_HR,1998,1960,0.311,0.01,0.011,,70838,0.311,0.25,0.5609999999999999
CITROEN,C5_X,C5_X,ESSENCE,1598,1467,0.519,0.021,0.034,,44000,0.519,0.525,1.044
CITROEN,C3_AIRCROSS,C3_AIRCROSS,GAZOLE,1499,1260,0.055,0.002999999999999999,0.025,0.028,29340,0.055,0.07499999999999998,0.12999999999999998
MINI,MINI,COUNTRYMAN,GAZOLE,1995,1510,0.177,0.045,0.015,0.06,42567,0.177,1.125,1.302
B.M.W.,SERIE_4,420,ELEC+GAZOLE_HR,1995,1760,0.087,0.026,0.019,0.045,58783,0.087,0.65,0.737
B.M.W.,SERIE_4,420,ESSENCE,1998,1690,0.237,0.022,0.018,,60100,0.237,0.5499999999999999,0.7869999999999999
B.M.W.,SERIE_X,X3,ESS+ELEC_HNR,1998,1800,0.157,0.013,0.017,,54800,0.157,0.325,0.482
PEUGEOT,308,308,GAZOLE,1499,1343,0.08,0.003999999999999997,0.056,0.06,32033,0.08,0.09999999999999992,0.17999999999999994
FORD,TRANSIT_CUSTOM,TRANSIT_CUSTOM,ELEC+GAZOLE_HR,1995,2119,0.061,0.008,0.025,0.033,48288,0.061,0.2,0.261
MINI,MINI,MINI,ESSENCE,1499,1230,0.2,0.019,0.01,,34200,0.2,0.475,0.675
PEUGEOT,308,308,ESSENCE,1199,1345,0.302,0.022,0.041,,34280,0.302,0.5499999999999999,0.8519999999999999
MERCEDES,CLASSE_GLC,GLC_300,ELEC+GAZOLE_HR,1950,2060,0.034,0.004,0.028,0.032,77775,0.034,0.1,0.134
FORD,FIESTA,FIESTA,SUPERETHANOL,999,1114,0.393,0.037,0.011,,23090,0.393,0.9249999999999999,1.318
FORD,PUMA,PUMA,SUPERETHANOL,999,1205,0.424,0.04,0.017,,26150,0.424,1.0,1.424
B.M.W.,SERIE_1,120,GAZOLE,1995,1515,0.071,0.037000000000000005,0.021,0.058,44270,0.071,0.9250000000000002,0.9960000000000001
VOLKSWAGEN,KOMBI,KOMBI,GAZOLE,1968,1932,0.015,0.013999999999999999,0.033,0.047,60740,0.015,0.35,0.365
RENAULT,KANGOO,KANGOO,ESSENCE,1332,1519,0.234,0.012,0.022,,31000,0.234,0.3,0.534
VOLKSWAGEN,T_ROC,T_ROC,ESSENCE,1498,1283,0.124,0.013,0.008,,36985,0.124,0.325,0.449
HYUNDAI,TUCSON,TUCSON,ELEC+GAZOLE_HR,1598,1531,0.12,0.041999999999999996,0.035,0.077,41825,0.12,1.0499999999999998,1.17
DACIA,DUSTER,DUSTER,GAZOLE,1461,1443,0.15,0.044,0.027,0.071,22783,0.15,1.0999999999999999,1.2499999999999998
RENAULT,MEGANE_E_TECH_PLUG_IN_HYBRID,MEGANE,ELEC+ESSENC_HR,1598,1603,0.397,0.019,0.003,,40725,0.397,0.475,0.872
B.M.W.,SERIE_X,X5,ELEC+ESSENC_HR,2998,2435,0.21,0.017,0.008,,91300,0.21,0.42500000000000004,0.635
B.M.W.,SERIE_X,X1,ESS+ELEC_HNR,1998,1655,0.135,0.013,0.01,,46050,0.135,0.325,0.46
FORD,KUGA,KUGA,ESS+ELEC_HNR,2488,1626,0.205,0.011,0.01,,41512,0.205,0.27499999999999997,0.48
FORD,FIESTA,FIESTA,ESSENCE,1496,1205,0.482,0.017,0.019,,27390,0.482,0.42500000000000004,0.907
VOLKSWAGEN,GOLF,GOLF,GAZOLE,1968,1384,0.025,0.008,0.034,0.042,35558,0.025,0.2,0.225
PEUGEOT,308,308,GAZOLE,1499,1343,0.08,0.003999999999999997,0.056,0.06,32033,0.08,0.09999999999999992,0.17999999999999994
RENAULT,KANGOO,KANGOO,GAZOLE,1461,1579,0.17,0.048,0.039,0.086,29800,0.17,1.2,1.3699999999999999
FIAT,500_ABARTH,500,ESSENCE,1368,1075,0.576,0.024,0.018,,23990,0.576,0.6,1.176
B.M.W.,SERIE_1,120,ESSENCE,1998,1390,0.156,0.017,0.011,,41488,0.156,0.42500000000000004,0.5810000000000001
PEUGEOT,508,508,ESSENCE,1199,1400,0.341,0.02,0.038,,42075,0.341,0.5,0.841
FIAT,TIPO,TIPO,GAZOLE,1598,1395,0.071,0.026999999999999996,0.05,0.077,28490,0.071,0.6749999999999999,0.7459999999999999
MINI,MINI,MINI,ESSENCE,1998,1245,0.224,0.016,0.011,,40400,0.224,0.4,0.624
VOLKSWAGEN,TIGUAN,TIGUAN,GAZOLE,1968,1556,0.026,0.009000000000000001,0.03,0.039,48739,0.026,0.22500000000000003,0.25100000000000006
MERCEDES,VITO_TOURER,VITO,GAZOLE,1950,1982,0.019,0.006999999999999999,0.019,0.026,49623,0.019,0.175,0.19399999999999998
FORD,TOURNEO_CUSTOM,TOURNEO_CUSTOM,GAZOLE,1995,2303,0.069,0.006,0.037,0.043,46352,0.069,0.15,0.219
MERCEDES,VITO_TOURER,VITO,GAZOLE,1950,1982,0.019,0.006999999999999999,0.019,0.026,49623,0.019,0.175,0.19399999999999998
MERCEDES,CLASSE_GLE,GLE_350,ELEC+ESSENC_HR,1991,2550,0.382,0.025,0.015,,106050,0.382,0.625,1.0070000000000001
B.M.W.,SERIE_X,X2,GAZOLE,1995,1540,0.177,0.049,0.016,0.065,45667,0.177,1.225,1.4020000000000001
OPEL,CROSSLAND,CROSSLAND_X,GAZOLE,1499,1205,0.079,0.003999999999999997,0.048,0.052,28850,0.079,0.09999999999999992,0.17899999999999994
SKODA,FABIA,FABIA,ESSENCE,999,1121,0.177,0.023,0.045,,21630,0.177,0.575,0.752
ALFA_ROMEO,GIULIA,GIULIA,ESSENCE,1995,1429,0.243,0.028,0.022,,68400,0.243,0.7000000000000001,0.9430000000000001
B.M.W.,SERIE_2,220,ESSENCE,1998,1490,0.226,0.024,0.013,,45650,0.226,0.6,0.826
VOLKSWAGEN,CADDY,CADDY,GAZOLE,1968,1580,0.023,0.020999999999999998,0.038,0.059,39443,0.023,0.5249999999999999,0.5479999999999999
ALFA_ROMEO,STELVIO,STELVIO,GAZOLE,2143,1745,0.04,0.0040000000000000036,0.044,0.048,64717,0.04,0.10000000000000009,0.1400000000000001
TOYOTA,AYGO_X,AYGO_X,ESSENCE,998,970,0.337,0.03,0.01,,21723,0.337,0.75,1.087
MERCEDES,CLASSE_GLC,GLC_63_AMG,ESSENCE,3982,1955,0.461,0.028,0.021,,113800,0.461,0.7000000000000001,1.161
B.M.W.,SERIE_X,X5,ELEC+GAZOLE_HR,2993,2190,0.145,0.018000000000000002,0.045,0.063,77717,0.145,0.45000000000000007,0.5950000000000001
DACIA,SANDERO,SANDERO,ESSENCE,999,1036,0.308,0.031,0.027,,13100,0.308,0.775,1.083
MERCEDES,CLASSE_V,V_250,GAZOLE,1950,2067,0.116,0.015,0.022,0.037,78399,0.116,0.375,0.491
OPEL,GRANDLAND,GRANDLAND,ESSENCE,1199,1386,0.435,0.024,0.03,,39700,0.435,0.6,1.035
SKODA,KODIAQ,KODIAQ,GAZOLE,1968,1734,0.021,0.010000000000000002,0.03,0.04,53727,0.021,0.25000000000000006,0.2710000000000001
VOLKSWAGEN,ARTEON,ARTEON,GAZOLE,1968,1658,0.021,0.011000000000000003,0.038,0.049,62440,0.021,0.2750000000000001,0.2960000000000001
RENAULT,CAPTUR,CAPTUR,ESSENCE,999,1199,0.244,0.047,0.047,,24867,0.244,1.175,1.419
B.M.W.,SERIE_1,118,ESSENCE,1499,1320,0.273,0.023,0.015,,37510,0.273,0.575,0.848
FORD,PUMA,PUMA,SUPERETHANOL,999,1205,0.424,0.04,0.017,,29170,0.424,1.0,1.424
B.M.W.,SERIE_4,420,ESSENCE,1998,1690,0.237,0.022,0.018,,60100,0.237,0.5499999999999999,0.7869999999999999
RENAULT,TRAFIC,TRAFIC,GAZOLE,1997,1981,0.04,0.006999999999999999,0.038,0.045,42550,0.04,0.175,0.215
RENAULT,ARKANA,ARKANA,ESS+ELEC_HNR,1332,1347,0.263,0.012,0.02,,36125,0.263,0.3,0.563
MERCEDES,CLASSE_GLE,GLE_350,ELEC+ESSENC_HR,1991,2530,0.207,0.021,0.015,,98800,0.207,0.525,0.732
VOLKSWAGEN,CADDY,CADDY,GAZOLE,1968,1568,0.023,0.020999999999999998,0.038,0.059,37343,0.023,0.5249999999999999,0.5479999999999999
FORD,TOURNEO,TOURNEO_CONNECT,GAZOLE,1499,1689,0.04,0.005,0.022,0.027,29793,0.04,0.125,0.165
OPEL,GRANDLAND,GRANDLAND,ESSENCE,1199,1386,0.435,0.024,0.03,,39700,0.435,0.6,1.035
MERCEDES,VITO_TOURER,VITO,GAZOLE,1950,1957,0.116,0.015,0.022,0.037,50343,0.116,0.375,0.491
HYUNDAI,TUCSON,TUCSON,ESS+ELEC_HNR,1598,1564,0.129,0.011,0.028,,40610,0.129,0.27499999999999997,0.40399999999999997
SKODA,KAMIQ,KAMIQ,ESSENCE,999,1140,0.23,0.026,0.034,,24607,0.23,0.65,0.88
SKODA,OCTAVIA,OCTAVIA,GAZOLE,1968,1391,0.026,0.008999999999999998,0.028,0.037,36598,0.026,0.22499999999999995,0.25099999999999995
PORSCHE,PANAMERA_4_E_HYBRID,PANAMERA,ELEC+ESSENC_HR,2894,2210,0.314,0.021,0.005,,125222,0.314,0.525,0.839
B.M.W.,SERIE_1,120,GAZOLE,1995,1515,0.071,0.037000000000000005,0.021,0.058,46988,0.071,0.9250000000000002,0.9960000000000001
B.M.W.,SERIE_1,118,ESSENCE,1499,1320,0.273,0.023,0.015,,37510,0.273,0.575,0.848
DACIA,SANDERO,SANDERO,ESSENCE,999,1036,0.308,0.031,0.027,,13100,0.308,0.775,1.083
MERCEDES,CLASSE_C,C_200,ELEC+GAZOLE_HR,1993,1705,0.064,0.007,0.007,0.014,55683,0.064,0.17500000000000002,0.23900000000000002
PEUGEOT,308,308,ESSENCE,1199,1345,0.302,0.022,0.041,,34280,0.302,0.5499999999999999,0.8519999999999999
FORD,PUMA,PUMA,ESSENCE,1496,1283,0.659,0.02,0.005,,36400,0.659,0.5,1.159
LAND_ROVER,RANGE_ROVER_EVOQUE,RANGE_ROVER_EVOQUE,ELEC+GAZOLE_HR,1998,1917,0.121,0.016999999999999994,0.035,0.052,39750,0.121,0.4249999999999999,0.5459999999999998
LAND_ROVER,RANGE_ROVER,RANGE_ROVER,ELEC+GAZOLE_HR,2997,2429,0.136,0.022000000000000002,0.027,0.049,169550,0.136,0.55,0.686
VOLKSWAGEN,KOMBI,KOMBI,GAZOLE,1968,1919,0.015,0.013999999999999999,0.033,0.047,60740,0.015,0.35,0.365
VOLKSWAGEN,TIGUAN,TIGUAN,GAZOLE,1968,1630,0.019,0.009000000000000001,0.033,0.042,57595,0.019,0.22500000000000003,0.24400000000000002
B.M.W.,SERIE_1,116,ESSENCE,1499,1320,0.179,0.019,0.011,,33960,0.179,0.475,0.6539999999999999
JEEP,COMPASS,COMPASS,ESSENCE,1332,1430,0.319,0.027,0.01,,35475,0.319,0.675,0.994
DS,DS_3_CROSSBACK,3_CROSSBACK,ESSENCE,1199,1205,0.333,0.022,0.026,,35234,0.333,0.5499999999999999,0.883
B.M.W.,SERIE_1,118,ESSENCE,1499,1320,0.273,0.023,0.015,,37510,0.273,0.575,0.848
VOLKSWAGEN,GOLF,GOLF,GAZOLE,1968,1383,0.025,0.008,0.034,0.042,35558,0.025,0.2,0.225
ALFA_ROMEO,GIULIA,GIULIA,GAZOLE,2143,1465,0.048,0.0029999999999999957,0.041,0.044,50883,0.048,0.0749999999999999,0.1229999999999999
RENAULT,KADJAR,KADJAR,ESSENCE,1332,1353,0.162,0.015,0.013,,33500,0.162,0.375,0.537
PEUGEOT,5008,5008,GAZOLE,1997,1607,0.101,0.011000000000000003,0.03,0.041,47840,0.101,0.2750000000000001,0.3760000000000001
B.M.W.,SERIE_4,440,ESS+ELEC_HNR,2998,1740,0.087,0.013,0.009,,70650,0.087,0.325,0.41200000000000003
VOLKSWAGEN,T_ROC,T_ROC,ESSENCE,1498,1270,0.115,0.013,0.018,,34790,0.115,0.325,0.44
B.M.W.,SERIE_3,318,ELEC+GAZOLE_HR,1995,1660,0.048,0.023,0.016,0.039,50450,0.048,0.575,0.623
HONDA,CIVIC,CIVIC,ESS+ELEC_HNR,1993,1458,0.14,0.017,0.008,,34400,0.14,0.42500000000000004,0.5650000000000001
B.M.W.,SERIE_3,320,ELEC+GAZOLE_HR,1995,1665,0.047,0.016999999999999998,0.02,0.037,54300,0.047,0.42499999999999993,0.4719999999999999
VOLKSWAGEN,TIGUAN,TIGUAN,GAZOLE,1968,1556,0.026,0.009000000000000001,0.03,0.039,46752,0.026,0.22500000000000003,0.25100000000000006
MINI,MINI,CLUBMAN,ESSENCE,1499,1360,0.089,0.014,0.009,,32475,0.089,0.35000000000000003,0.43900000000000006
MERCEDES,CLASSE_V,V_220,GAZOLE,1950,2092,0.019,0.006999999999999999,0.019,0.026,67675,0.019,0.175,0.19399999999999998
FORD,PUMA,PUMA,ESSENCE,1496,1283,0.659,0.02,0.005,,36400,0.659,0.5,1.159
DS,DS_9,9,ELEC+ESSENC_HR,1598,1931,0.2,0.011,0.018,,67950,0.2,0.27499999999999997,0.475
CITROEN,C3,C3,ESSENCE,1199,1090,0.454,0.029,0.012,,22600,0.454,0.7250000000000001,1.179
RENAULT,ARKANA,ARKANA,ESS+ELEC_HNR,1332,1336,0.307,0.011,0.021,,33288,0.307,0.27499999999999997,0.582
MINI,MINI,MINI,ESSENCE,1998,1205,0.252,0.016,0.013,,32871,0.252,0.4,0.652
FIAT,500,500,ESS+ELEC_HNR,999,1000,0.281,0.031,0.048,,18701,0.281,0.775,1.056
SKODA,KAMIQ,KAMIQ,ESSENCE,999,1185,0.153,0.023,0.043,,29620,0.153,0.575,0.728
DACIA,DUSTER,DUSTER,ESSENCE,1332,1267,0.234,0.013,0.019,,23275,0.234,0.325,0.559
PORSCHE,PANAMERA_4_E_HYBRID,PANAMERA,ELEC+ESSENC_HR,2894,2225,0.22,0.015,0.005,,126020,0.22,0.375,0.595
VOLKSWAGEN,TIGUAN,TIGUAN,ESSENCE,1498,1461,0.234,0.024,0.024,,43962,0.234,0.6,0.834
FORD,FIESTA,FIESTA,ESS+ELEC_HNR,999,1136,0.309,0.034,0.014,,24190,0.309,0.8500000000000001,1.159
OPEL,MOKKA,MOKKA,GAZOLE,1499,1220,0.058,0.005999999999999998,0.046,0.052,29417,0.058,0.14999999999999997,0.20799999999999996
VOLKSWAGEN,TOURAN,TOURAN,GAZOLE,1968,1600,0.028,0.009000000000000005,0.026,0.035,45630,0.028,0.22500000000000012,0.2530000000000001
B.M.W.,SERIE_1,118,GAZOLE,1995,1430,0.171,0.049,0.013,0.062,40410,0.171,1.225,1.3960000000000001
DACIA,JOGGER,JOGGER,ESSENCE,999,1176,0.234,0.024,0.023,,19350,0.234,0.6,0.834
OPEL,COMBO_LIFE,COMBO,GAZOLE,1499,1517,0.052,0.0030000000000000027,0.051,0.054,25850,0.052,0.07500000000000007,0.12700000000000006
MERCEDES,AMG_GT,AMG_GT_43,ESS+ELEC_HNR,2999,1965,0.239,0.019,0.02,,107800,0.239,0.475,0.714
SKODA,OCTAVIA,OCTAVIA,ESS+ELEC_HNR,1498,1308,0.135,0.021,0.019,,35430,0.135,0.525,0.66
VOLKSWAGEN,GOLF,GOLF,ESS+ELEC_HNR,1498,1290,0.135,0.021,0.019,,32478,0.135,0.525,0.66
VOLVO,V60,V60,ELEC+ESSENC_HR,1969,1989,0.283,0.007,0.007,,69600,0.283,0.17500000000000002,0.45799999999999996
VOLKSWAGEN,TIGUAN,TIGUAN,GAZOLE,1968,1556,0.026,0.009000000000000001,0.03,0.039,48739,0.026,0.22500000000000003,0.25100000000000006
B.M.W.,SERIE_1,116,GAZOLE,1496,1385,0.037,0.02,0.019,0.039,38560,0.037,0.5,0.537
FORD,FIESTA,FIESTA,SUPERETHANOL,999,1114,0.393,0.037,0.011,,23090,0.393,0.9249999999999999,1.318
B.M.W.,SERIE_4,420,ELEC+GAZOLE_HR,1995,1670,0.087,0.027999999999999997,0.017,0.045,58050,0.087,0.7,0.7869999999999999
SKODA,KODIAQ,KODIAQ,GAZOLE,1968,1754,0.023,0.007999999999999997,0.029,0.037,33820,0.023,0.19999999999999993,0.22299999999999992
SKODA,KAMIQ,KAMIQ,ESSENCE,1498,1214,0.159,0.027,0.022,,30315,0.159,0.675,0.8340000000000001
SKODA,SCALA,SCALA,ESSENCE,1498,1203,0.156,0.021,0.019,,31315,0.156,0.525,0.681
B.M.W.,SERIE_1,118,GAZOLE,1995,1430,0.171,0.049,0.013,0.062,40410,0.171,1.225,1.3960000000000001
FORD,ECOSPORT,ECOSPORT,ESSENCE,998,1284,0.271,0.02,0.016,,25900,0.271,0.5,0.771
VOLKSWAGEN,TIGUAN,TIGUAN,ESSENCE,1498,1461,0.234,0.024,0.024,,45809,0.234,0.6,0.834
SKODA,KAROQ,KAROQ,ESSENCE,1498,1342,0.172,0.022,0.025,,37898,0.172,0.5499999999999999,0.722
DS,DS_7_CROSSBACK,7_CROSSBACK,ELEC+ESSENC_HR,1598,1836,0.237,0.013,0.005,,60200,0.237,0.325,0.562
FORD,TOURNEO,TOURNEO_CONNECT,GAZOLE,1499,1689,0.04,0.005,0.022,0.027,29233,0.04,0.125,0.165
MINI,MINI,CABRIO,ESSENCE,1499,1285,0.2,0.019,0.01,,36567,0.2,0.475,0.675
MERCEDES,CLASSE_GLE,GLE_300,ELEC+GAZOLE_HR,1993,2205,0.059,0.011999999999999999,0.01,0.022,86350,0.059,0.3,0.359
PEUGEOT,408,408,ELEC+ESSENC_HR,1598,1706,0.169,0.01,0.004,,46250,0.169,0.25,0.41900000000000004
PORSCHE,PANAMERA_4_E_HYBRID,PANAMERA,ELEC+ESSENC_HR,2894,2210,0.314,0.021,0.005,,125222,0.314,0.525,0.839
VOLKSWAGEN,KOMBI,KOMBI,GAZOLE,1968,1966,0.021,0.012999999999999998,0.033,0.046,60740,0.021,0.32499999999999996,0.346
RENAULT,KOLEOS,KOLEOS,ESSENCE,1332,1515,0.272,0.013,0.019,,45850,0.272,0.325,0.597
RENAULT,CAPTUR,CAPTUR,ESS+ELEC_HNR,1598,1363,0.31,0.019,0.004,,31408,0.31,0.475,0.7849999999999999
JAGUAR,F_PACE,F_PACE,ELEC+ESSENC_HR,1997,2147,0.601,0.025,0.02,,67870,0.601,0.625,1.226
MERCEDES,CLASSE_C,C_220,ELEC+GAZOLE_HR,1993,1715,0.063,0.007,0.007,0.014,59883,0.063,0.17500000000000002,0.23800000000000002
FORD,TRANSIT_CUSTOM,TRANSIT_CUSTOM,GAZOLE,1995,2012,0.117,0.014,0.049,0.065,41784,0.117,0.35000000000000003,0.467
VOLKSWAGEN,T_ROC,T_ROC,GAZOLE,1968,1485,0.022,0.007999999999999997,0.029,0.037,44513,0.022,0.19999999999999993,0.22199999999999992
B.M.W.,SERIE_X,X1,GAZOLE,1995,1575,0.03,0.006000000000000002,0.028,0.034,44763,0.03,0.15000000000000005,0.18000000000000005
ALPINE,A110,A110,ESSENCE,1798,1109,0.204,0.011,0.012,,76250,0.204,0.27499999999999997,0.479
MERCEDES,CLASSE_GLE,GLE_350,ELEC+GAZOLE_HR,1950,2580,0.031,0.0049999999999999975,0.038,0.043,95650,0.031,0.12499999999999994,0.15599999999999994
ALFA_ROMEO,GIULIA,GIULIA,ESSENCE,1995,1429,0.243,0.028,0.022,,68400,0.243,0.7000000000000001,0.9430000000000001
DS,DS_4,4,ESSENCE,1598,1420,0.519,0.021,0.034,,42233,0.519,0.525,1.044
RENAULT,CLIO,CLIO,ESSENCE,999,1115,0.258,0.032,0.028,,22850,0.258,0.8,1.058
DS,DS_7_CROSSBACK,7_CROSSBACK,ELEC+ESSENC_HR,1598,1760,0.46,0.015,0.016,,57560,0.46,0.375,0.835
MERCEDES,CLASSE_E,E_400,GAZOLE,2925,1890,0.033,0.015999999999999993,0.035,0.051,83000,0.033,0.39999999999999986,0.43299999999999983
MINI,MINI,MINI,ESSENCE,1998,1225,0.188,0.016,0.009,,36800,0.188,0.4,0.5880000000000001
OPEL,CROSSLAND,CROSSLAND_X,ESSENCE,1199,1179,0.32,0.026,0.03,,26933,0.32,0.65,0.97
PORSCHE,PANAMERA_4_E_HYBRID,PANAMERA,ELEC+ESSENC_HR,2894,2220,0.314,0.021,0.005,,125222,0.314,0.525,0.839
B.M.W.,SERIE_X,X2,ESSENCE,1998,1470,0.159,0.021,0.013,,46817,0.159,0.525,0.684
MERCEDES,VITO_TOURER,VITO,GAZOLE,1950,1947,0.019,0.006999999999999999,0.019,0.026,48764,0.019,0.175,0.19399999999999998
FORD,PUMA,PUMA,ESS+ELEC_HNR,999,1259,0.362,0.047,0.021,,34100,0.362,1.175,1.537
VOLKSWAGEN,TIGUAN,TIGUAN,ESSENCE,1498,1461,0.234,0.024,0.024,,47189,0.234,0.6,0.834
FORD,FIESTA,FIESTA,SUPERETHANOL,999,1114,0.393,0.037,0.011,,23090,0.393,0.9249999999999999,1.318
CITROEN,JUMPY_SPACE_TOURER,SPACE_TOURER,GAZOLE,1997,1748,0.028,0.004,0.023,0.027,35750,0.028,0.1,0.128
B.M.W.,SERIE_X,X4,ELEC+GAZOLE_HR,1995,1840,0.165,0.044000000000000004,0.025,0.069,62150,0.165,1.1,1.2650000000000001
B.M.W.,SERIE_X,X3,ELEC+GAZOLE_HR,2993,1935,0.131,0.017,0.043,0.06,65800,0.131,0.42500000000000004,0.556
B.M.W.,SERIE_4,440,ESS+ELEC_HNR,2998,1890,0.059,0.013,0.01,,77150,0.059,0.325,0.384
VOLKSWAGEN,TOURAN,TOURAN,GAZOLE,1968,1600,0.028,0.009000000000000005,0.026,0.035,45630,0.028,0.22500000000000012,0.2530000000000001
B.M.W.,SERIE_1,116,GAZOLE,1496,1375,0.059,0.017000000000000005,0.018,0.035,36260,0.059,0.4250000000000001,0.4840000000000001
SEAT,IBIZA,IBIZA,ESSENCE,999,1046,0.33,0.028,0.012,,19375,0.33,0.7000000000000001,1.03
FORD,FIESTA,FIESTA,ESS+ELEC_HNR,999,1136,0.309,0.034,0.014,,24190,0.309,0.8500000000000001,1.159
RENAULT,KANGOO,KANGOO,GAZOLE,1461,1577,0.158,0.042,0.035,0.077,28050,0.158,1.05,1.208
B.M.W.,SERIE_1,128,ESSENCE,1998,1445,0.102,0.009,0.016,,47600,0.102,0.22499999999999998,0.32699999999999996
FORD,KUGA,KUGA,ESS+ELEC_HNR,2488,1626,0.205,0.011,0.01,,43590,0.205,0.27499999999999997,0.48
MINI,MINI,CABRIO,ESSENCE,1499,1265,0.094,0.011,0.006,,29100,0.094,0.27499999999999997,0.369
MINI,MINI,COUNTRYMAN,GAZOLE,1995,1510,0.177,0.045,0.015,0.06,42567,0.177,1.125,1.302
B.M.W.,SERIE_4,420,ELEC+GAZOLE_HR,1995,1670,0.087,0.027999999999999997,0.017,0.045,58050,0.087,0.7,0.7869999999999999
TOYOTA,AYGO_X,AYGO_X,ESSENCE,998,955,0.246,0.022,0.017,,19433,0.246,0.5499999999999999,0.7959999999999999
KIA,STONIC,STONIC,ESS+ELEC_HNR,998,1150,0.079,0.016,0.025,,25270,0.079,0.4,0.47900000000000004
MINI,MINI,CLUBMAN,ESSENCE,1499,1360,0.227,0.023,0.014,,38000,0.227,0.575,0.8019999999999999
B.M.W.,SERIE_X,X3,ELEC+GAZOLE_HR,1995,1840,0.165,0.044000000000000004,0.025,0.069,59100,0.165,1.1,1.2650000000000001
RENAULT,CLIO,CLIO,GAZOLE,1461,1173,0.134,0.038000000000000006,0.031,0.069,23000,0.134,0.9500000000000002,1.084
OPEL,ASTRA,ASTRA,GAZOLE,1499,1363,0.054,0.004,0.027,0.031,35317,0.054,0.1,0.154
B.M.W.,SERIE_1,116,GAZOLE,1496,1385,0.037,0.02,0.019,0.039,38560,0.037,0.5,0.537
FORD,TOURNEO,TOURNEO_CONNECT,GAZOLE,1499,1744,0.04,0.005,0.022,0.027,30993,0.04,0.125,0.165
FERRARI,SF90_STRADALE,SF90,ELEC+ESSENC_HR,3990,1775,0.237,0.033,0.019,,423514,0.237,0.8250000000000001,1.062
DACIA,SANDERO,SANDERO,ESSENCE,999,1015,0.308,0.031,0.027,,10990,0.308,0.775,1.083
B.M.W.,SERIE_1,116,ESSENCE,1499,1340,0.072,0.014,0.008,,36260,0.072,0.35000000000000003,0.42200000000000004
MINI,MINI,MINI,ESSENCE,1499,1200,0.288,0.018,0.012,,29757,0.288,0.44999999999999996,0.738
VOLKSWAGEN,KOMBI,KOMBI,GAZOLE,1968,2028,0.021,0.012999999999999998,0.033,0.046,60740,0.021,0.32499999999999996,0.346
HYUNDAI,TUCSON,TUCSON,ESS+ELEC_HNR,1598,1463,0.193,0.023,0.027,,32400,0.193,0.575,0.768
PEUGEOT,308,308,ESSENCE,1199,1258,0.334,0.026,0.022,,29653,0.334,0.65,0.984
VOLKSWAGEN,POLO,POLO,ESSENCE,999,1093,0.226,0.032,0.041,,23613,0.226,0.8,1.026
MERCEDES,CLASSE_E,E_400,GAZOLE,2925,1940,0.033,0.018999999999999996,0.033,0.052,79625,0.033,0.4749999999999999,0.5079999999999999
B.M.W.,SERIE_X,X3,ELEC+GAZOLE_HR,2993,2005,0.122,0.013999999999999999,0.038,0.052,78000,0.122,0.35,0.472
FORD,PUMA,PUMA,ESS+ELEC_HNR,999,1259,0.362,0.047,0.021,,33917,0.362,1.175,1.537
PORSCHE,MACAN,MACAN,ESSENCE,1984,1845,0.341,0.014,0.012,,67640,0.341,0.35000000000000003,0.6910000000000001
MERCEDES,CLASSE_E,E_200,ELEC+GAZOLE_HR,1993,1755,0.054,0.006999999999999999,0.006,0.013,58383,0.054,0.175,0.22899999999999998
B.M.W.,SERIE_2,220,GAZOLE,1995,1565,0.071,0.037000000000000005,0.021,0.058,49633,0.071,0.9250000000000002,0.9960000000000001
SKODA,KAROQ,KAROQ,ESSENCE,1498,1324,0.192,0.027,0.022,,33965,0.192,0.675,0.867
FERRARI,812,812,ESSENCE,6496,1665,0.194,0.027,0.017,,297974,0.194,0.675,0.869
RENAULT,KANGOO,KANGOO,GAZOLE,1461,1594,0.149,0.054,0.03,0.084,31900,0.149,1.35,1.499
RENAULT,CAPTUR,CAPTUR,ESS+ELEC_HNR,1332,1326,0.473,0.012,0.028,,27325,0.473,0.3,0.7729999999999999
MERCEDES,CLASSE_V,V_300,GAZOLE,1950,2170,0.211,0.018,0.027,0.045,81025,0.211,0.44999999999999996,0.6609999999999999
OPEL,COMBO_LIFE,COMBO,GAZOLE,1499,1430,0.053,0.003999999999999997,0.049,0.053,28450,0.053,0.09999999999999992,0.1529999999999999
OPEL,ASTRA,ASTRA,ESSENCE,1199,1296,0.302,0.022,0.041,,32917,0.302,0.5499999999999999,0.8519999999999999
SKODA,OCTAVIA,OCTAVIA,GAZOLE,1968,1403,0.026,0.008999999999999998,0.028,0.037,37710,0.026,0.22499999999999995,0.25099999999999995
B.M.W.,SERIE_X,X4,ESS+ELEC_HNR,1998,1815,0.183,0.013,0.014,,63850,0.183,0.325,0.508
MERCEDES,CLASSE_GLC,GLC_220,GAZOLE,1950,1770,0.036,0.008,0.034,0.042,69575,0.036,0.2,0.23600000000000002
B.M.W.,SERIE_4,420,ELEC+GAZOLE_HR,1995,1705,0.112,0.027999999999999997,0.017,0.045,56383,0.112,0.7,0.8119999999999999
KIA,SPORTAGE,SPORTAGE,ESS+ELEC_HNR,1598,1640,0.108,0.012,0.01,,44390,0.108,0.3,0.408
VOLKSWAGEN,KOMBI,KOMBI,GAZOLE,1968,1895,0.015,0.011999999999999997,0.041,0.053,61920,0.015,0.29999999999999993,0.31499999999999995
PEUGEOT,5008,5008,GAZOLE,1997,1607,0.101,0.011000000000000003,0.03,0.041,47840,0.101,0.2750000000000001,0.3760000000000001
ALPINE,A110,A110,ESSENCE,1798,1109,0.204,0.011,0.012,,76250,0.204,0.27499999999999997,0.479
TOYOTA,AYGO_X,AYGO_X,ESSENCE,998,975,0.337,0.03,0.01,,21723,0.337,0.75,1.087
MERCEDES,CLASSE_A,A_200,ESSENCE,1332,1300,0.12,0.024,0.025,,39475,0.12,0.6,0.72
B.M.W.,SERIE_X,X3,ELEC+GAZOLE_HR,1995,1840,0.165,0.044000000000000004,0.025,0.069,59100,0.165,1.1,1.2650000000000001
RENAULT,KADJAR,KADJAR,ESSENCE,1332,1372,0.156,0.012,0.021,,35500,0.156,0.3,0.45599999999999996
B.M.W.,SERIE_1,118,ESSENCE,1499,1320,0.273,0.023,0.015,,37510,0.273,0.575,0.848
B.M.W.,SERIE_4,420,ESSENCE,1998,1620,0.255,0.022,0.014,,53833,0.255,0.5499999999999999,0.8049999999999999
RENAULT,MEGANE,MEGANE,GAZOLE,1461,1320,0.171,0.061,0.021,0.082,32275,0.171,1.525,1.696
B.M.W.,SERIE_1,118,GAZOLE,1995,1430,0.171,0.049,0.013,0.062,40410,0.171,1.225,1.3960000000000001
SKODA,KAMIQ,KAMIQ,ESSENCE,1498,1202,0.144,0.022,0.022,,30194,0.144,0.5499999999999999,0.694
VOLKSWAGEN,POLO,POLO,ESSENCE,999,1124,0.174,0.021,0.038,,25223,0.174,0.525,0.6990000000000001
MERCEDES,CLASSE_V,V_300,GAZOLE,1950,2092,0.116,0.015,0.022,0.037,86338,0.116,0.375,0.491
MERCEDES,VITO_TOURER,VITO,GAZOLE,1950,1957,0.116,0.015,0.022,0.037,50343,0.116,0.375,0.491
VOLKSWAGEN,TIGUAN,TIGUAN,ESSENCE,1498,1568,0.234,0.024,0.024,,49030,0.234,0.6,0.834
B.M.W.,X4_M,X4,ESSENCE,2993,2010,0.152,0.009,0.013,,111350,0.152,0.22499999999999998,0.377
LAND_ROVER,RANGE_ROVER_VELAR,RANGE_ROVER_VELAR,ELEC+ESSENC_HR,1997,2199,0.601,0.025,0.02,,72850,0.601,0.625,1.226
B.M.W.,SERIE_X,X4,ELEC+GAZOLE_HR,2993,2020,0.122,0.013999999999999999,0.038,0.052,79750,0.122,0.35,0.472
PEUGEOT,308,308,ESSENCE,1199,1345,0.302,0.022,0.041,,34280,0.302,0.5499999999999999,0.8519999999999999
B.M.W.,SERIE_X,X5,ELEC+GAZOLE_HR,2993,2285,0.096,0.012999999999999998,0.025,0.038,84217,0.096,0.32499999999999996,0.42099999999999993
RENAULT,MEGANE,MEGANE,GAZOLE,1461,1373,0.171,0.061,0.021,0.082,32775,0.171,1.525,1.696
SKODA,FABIA,FABIA,ESSENCE,999,1121,0.177,0.023,0.045,,21630,0.177,0.575,0.752
B.M.W.,SERIE_X,X5,ELEC+GAZOLE_HR,2993,2190,0.141,0.018000000000000002,0.045,0.063,79017,0.141,0.45000000000000007,0.5910000000000001
FIAT,500_ABARTH,500,ESSENCE,1368,1090,0.561,0.035,0.018,,30783,0.561,0.8750000000000001,1.4360000000000002
PORSCHE,911_CARRERA,911,ESSENCE,2981,1575,0.094,0.016,0.012,,127788,0.094,0.4,0.494
MERCEDES,CLASSE_GLE,GLE_350,ELEC+ESSENC_HR,1991,2530,0.382,0.025,0.015,,106050,0.382,0.625,1.0070000000000001
B.M.W.,SERIE_4,420,ESSENCE,1998,1620,0.255,0.022,0.014,,53833,0.255,0.5499999999999999,0.8049999999999999
SKODA,SUPERB,SUPERB,ESSENCE,1498,1425,0.223,0.023,0.026,,42937,0.223,0.575,0.7979999999999999
MERCEDES,CLASSE_GLC,GLC_300,GAZOLE,1950,1800,0.104,0.011000000000000003,0.031,0.042,72750,0.104,0.2750000000000001,0.37900000000000006
DS,DS_7_CROSSBACK,7_CROSSBACK,ESSENCE,1598,1428,0.59,0.023,0.031,,49207,0.59,0.575,1.165
MINI,MINI,COUNTRYMAN,ESSENCE,1499,1430,0.253,0.02,0.017,,40000,0.253,0.5,0.753
DACIA,DUSTER,DUSTER,ESSENCE,1332,1246,0.252,0.015,0.013,,20975,0.252,0.375,0.627
FIAT,PANDA,PANDA,ESS+ELEC_HNR,999,999,0.281,0.031,0.048,,15301,0.281,0.775,1.056
RENAULT,TRAFIC,TRAFIC,GAZOLE,1997,2010,0.04,0.006999999999999999,0.038,0.045,42550,0.04,0.175,0.215
FIAT,TIPO,TIPO,GAZOLE,1598,1340,0.071,0.026999999999999996,0.05,0.077,26990,0.071,0.6749999999999999,0.7459999999999999
VOLKSWAGEN,TIGUAN,TIGUAN,GAZOLE,1968,1679,0.026,0.009000000000000001,0.03,0.039,52000,0.026,0.22500000000000003,0.25100000000000006
B.M.W.,SERIE_2,218,ESSENCE,1499,1375,0.273,0.023,0.015,,37850,0.273,0.575,0.848
MERCEDES,CLASSE_A,A_180,ESSENCE,1332,1275,0.111,0.023,0.027,,35225,0.111,0.575,0.6859999999999999
FORD,ECOSPORT,ECOSPORT,ESSENCE,998,1284,0.271,0.02,0.016,,25900,0.271,0.5,0.771
TOYOTA,YARIS_CROSS,YARIS_CROSS,ESS+ELEC_HNR,1490,1215,0.157,0.016,0.007,,29600,0.157,0.4,0.557
B.M.W.,SERIE_1,118,GAZOLE,1995,1430,0.171,0.049,0.013,0.062,40410,0.171,1.225,1.3960000000000001
FIAT,TIPO,TIPO,GAZOLE,1598,1360,0.071,0.026999999999999996,0.05,0.077,27365,0.071,0.6749999999999999,0.7459999999999999
RENAULT,TRAFIC,TRAFIC,GAZOLE,1997,2035,0.04,0.006999999999999999,0.038,0.045,42550,0.04,0.175,0.215
MINI,MINI,MINI,ESSENCE,1998,1280,0.188,0.016,0.009,,37750,0.188,0.4,0.5880000000000001
B.M.W.,SERIE_1,128,ESSENCE,1998,1445,0.102,0.009,0.016,,47600,0.102,0.22499999999999998,0.32699999999999996
VOLKSWAGEN,TIGUAN,TIGUAN,GAZOLE,1968,1556,0.026,0.009000000000000001,0.03,0.039,48739,0.026,0.22500000000000003,0.25100000000000006
B.M.W.,SERIE_2,220,ESSENCE,1998,1430,0.156,0.017,0.011,,44133,0.156,0.42500000000000004,0.5810000000000001
B.M.W.,SERIE_1,118,GAZOLE,1995,1405,0.185,0.052,0.023,0.075,36148,0.185,1.3,1.485
KIA,CEED,CEED,ELEC+GAZOLE_HR,1598,1370,0.237,0.041999999999999996,0.021,0.063,33242,0.237,1.0499999999999998,1.287
DACIA,LOGAN,LOGAN,ESSENCE,999,1088,0.317,0.04,0.027,,0,0.317,1.0,1.317
ALFA_ROMEO,TONALE,TONALE,ESS+ELEC_HNR,1469,1525,0.343,0.055,0.018,,42767,0.343,1.375,1.718
RENAULT,MEGANE,MEGANE,GAZOLE,1461,1400,0.151,0.046,0.026,0.072,34775,0.151,1.15,1.301
PEUGEOT,508,508,ELEC+ESSENC_HR,1598,1720,0.291,0.014,0.004,,50100,0.291,0.35000000000000003,0.641
VOLVO,XC40,XC40,ESSENCE,1477,1550,0.238,0.035,0.024,,33650,0.238,0.8750000000000001,1.113
MINI,MINI,COUNTRYMAN,ESSENCE,1499,1505,0.273,0.025,0.024,,38733,0.273,0.625,0.898
RENAULT,MEGANE,MEGANE,ESSENCE,1332,1308,0.246,0.012,0.02,,33750,0.246,0.3,0.546
CITROEN,C4,C4,ESSENCE,1199,1247,0.332,0.025,0.045,,28938,0.332,0.625,0.9570000000000001
B.M.W.,SERIE_X,X6,ELEC+GAZOLE_HR,2993,2185,0.141,0.018000000000000002,0.045,0.063,84025,0.141,0.45000000000000007,0.5910000000000001
MERCEDES,CLASSE_C,C_300,ELEC+ESSENC_HR,1999,2005,0.174,0.008,0.013,,60183,0.174,0.2,0.374
RENAULT,CAPTUR,CAPTUR,ESS+ELEC_HNR,1598,1361,0.345,0.017,0.006,,31408,0.345,0.42500000000000004,0.77
DACIA,SANDERO,SANDERO,ESSENCE,999,1122,0.26,0.023,0.032,,17500,0.26,0.575,0.835
DS,DS_9,9,ESSENCE,1598,1540,0.378,0.019,0.024,,51700,0.378,0.475,0.853
TOYOTA,COROLLA,COROLLA,ESS+ELEC_HNR,1798,1370,0.101,0.015,0.002,,33308,0.101,0.375,0.476
B.M.W.,SERIE_X,X4,ELEC+GAZOLE_HR,1995,1840,0.165,0.044000000000000004,0.025,0.069,62150,0.165,1.1,1.2650000000000001
SKODA,KODIAQ,KODIAQ,ESSENCE,1498,1554,0.243,0.025,0.02,,33820,0.243,0.625,0.868
B.M.W.,SERIE_1,116,GAZOLE,1496,1385,0.037,0.02,0.019,0.039,37240,0.037,0.5,0.537
MINI,MINI,COUNTRYMAN,ESSENCE,1499,1430,0.253,0.02,0.017,,40000,0.253,0.5,0.753
B.M.W.,SERIE_4,430,ELEC+GAZOLE_HR,2993,1880,0.125,0.013000000000000005,0.044,0.057,67400,0.125,0.3250000000000001,0.4500000000000001
VOLKSWAGEN,TIGUAN,TIGUAN,GAZOLE,1968,1556,0.026,0.009000000000000001,0.03,0.039,48739,0.026,0.22500000000000003,0.25100000000000006
SEAT,ATECA,ATECA,GAZOLE,1968,1550,0.019,0.007,0.035,0.042,46575,0.019,0.17500000000000002,0.194
MERCEDES,CLASSE_V,V_300,GAZOLE,1950,2067,0.116,0.015,0.022,0.037,81025,0.116,0.375,0.491
B.M.W.,SERIE_5,530,ELEC+ESSENC_HR,1998,1960,0.311,0.01,0.011,,70838,0.311,0.25,0.5609999999999999
ALFA_ROMEO,STELVIO,STELVIO,GAZOLE,2143,1745,0.04,0.0040000000000000036,0.044,0.048,56350,0.04,0.10000000000000009,0.1400000000000001
SUZUKI,SX4,SX4,ESS+ELEC_HNR,1373,1205,0.363,0.036,0.012,,29490,0.363,0.8999999999999999,1.263
FORD,KUGA,KUGA,ESS+ELEC_HNR,2488,1626,0.205,0.011,0.01,,43590,0.205,0.27499999999999997,0.48
FORD,TOURNEO,TOURNEO_CONNECT,ESSENCE,999,1565,0.632,0.047,0.016,,23870,0.632,1.175,1.807
PORSCHE,911_CARRERA_S,911,ESSENCE,2981,1515,0.146,0.01,0.014,,131256,0.146,0.25,0.396
MERCEDES,CLASSE_C,C_200,ESS+ELEC_HNR,1497,1635,0.181,0.014,0.018,,58950,0.181,0.35000000000000003,0.531
SKODA,FABIA,FABIA,ESSENCE,999,1119,0.191,0.025,0.037,,23997,0.191,0.625,0.8160000000000001
B.M.W.,SERIE_X,X2,ESSENCE,1998,1470,0.159,0.021,0.013,,46817,0.159,0.525,0.684
B.M.W.,SERIE_1,116,GAZOLE,1496,1375,0.059,0.017000000000000005,0.018,0.035,36260,0.059,0.4250000000000001,0.4840000000000001
ALFA_ROMEO,GIULIA,GIULIA,ESSENCE,2891,1660,0.322,0.024,0.012,,94700,0.322,0.6,0.9219999999999999
PORSCHE,911_CARRERA_S,911,ESSENCE,2981,1585,0.146,0.01,0.014,,140192,0.146,0.25,0.396
B.M.W.,SERIE_X,X2,ESSENCE,1499,1430,0.312,0.031,0.016,,42517,0.312,0.775,1.087
VOLKSWAGEN,CADDY,CADDY,GAZOLE,1968,1568,0.023,0.020999999999999998,0.038,0.059,38773,0.023,0.5249999999999999,0.5479999999999999
VOLKSWAGEN,TIGUAN,TIGUAN,ELEC+ESSENC_HR,1395,1744,0.213,0.013,0.011,,50806,0.213,0.325,0.538
MINI,MINI,MINI,ESSENCE,1998,1205,0.252,0.016,0.013,,32871,0.252,0.4,0.652
FORD,KUGA,KUGA,ESS+ELEC_HNR,2488,1626,0.205,0.011,0.01,,43590,0.205,0.27499999999999997,0.48
PEUGEOT,508,508,ELEC+ESSENC_HR,1598,1720,0.599,0.018,0.017,,50100,0.599,0.44999999999999996,1.049
DS,DS_3_CROSSBACK,3_CROSSBACK,ESSENCE,1199,1170,0.63,0.023,0.031,,29550,0.63,0.575,1.205
B.M.W.,SERIE_X,X4,ELEC+GAZOLE_HR,2993,2020,0.122,0.013999999999999999,0.038,0.052,79750,0.122,0.35,0.472
FIAT,500,500,ESS+ELEC_HNR,999,1001,0.281,0.031,0.048,,19150,0.281,0.775,1.056
B.M.W.,SERIE_X,X5,ELEC+ESSENC_HR,2998,2435,0.148,0.016,0.009,,91300,0.148,0.4,0.548
B.M.W.,SERIE_1,116,ESSENCE,1499,1320,0.179,0.019,0.011,,30128,0.179,0.475,0.6539999999999999
B.M.W.,SERIE_X,X2,ESSENCE,1499,1430,0.312,0.031,0.016,,42517,0.312,0.775,1.087
VOLKSWAGEN,T_ROC,T_ROC,ESSENCE,1498,1283,0.124,0.013,0.008,,36985,0.124,0.325,0.449
B.M.W.,SERIE_1,118,ESSENCE,1499,1290,0.291,0.024,0.018,,35210,0.291,0.6,0.891
B.M.W.,SERIE_2,220,GAZOLE,1995,1565,0.071,0.037000000000000005,0.021,0.058,49633,0.071,0.9250000000000002,0.9960000000000001
MERCEDES,VITO_TOURER,VITO,GAZOLE,1950,2050,0.027,0.006999999999999999,0.017,0.024,49623,0.027,0.175,0.20199999999999999
B.M.W.,SERIE_X,X2,GAZOLE,1995,1605,0.071,0.036000000000000004,0.02,0.056,50717,0.071,0.9000000000000001,0.9710000000000001
B.M.W.,SERIE_4,420,ELEC+GAZOLE_HR,1995,1605,0.086,0.018000000000000002,0.017,0.035,55650,0.086,0.45000000000000007,0.536
PORSCHE,MACAN_GTS,MACAN,ESSENCE,2894,1960,0.38,0.014,0.015,,93699,0.38,0.35000000000000003,0.73
SUZUKI,SX4,SX4,ESS+ELEC_HNR,1373,1205,0.363,0.036,0.012,,29490,0.363,0.8999999999999999,1.263
RENAULT,MEGANE,MEGANE,ESSENCE,1332,1242,0.246,0.013,0.02,,32750,0.246,0.325,0.571
B.M.W.,SERIE_5,530,ELEC+ESSENC_HR,1998,1960,0.311,0.01,0.011,,70838,0.311,0.25,0.5609999999999999
ALFA_ROMEO,STELVIO,STELVIO,GAZOLE,2143,1745,0.04,0.0040000000000000036,0.044,0.048,64717,0.04,0.10000000000000009,0.1400000000000001
SKODA,FABIA,FABIA,ESSENCE,999,1141,0.191,0.025,0.037,,23997,0.191,0.625,0.8160000000000001
VOLVO,V60,V60,ELEC+ESSENC_HR,1969,1989,0.283,0.007,0.007,,69600,0.283,0.17500000000000002,0.45799999999999996
MERCEDES,CLASSE_S,S_400,GAZOLE,2925,1985,0.036,0.023,0.034,0.057,114725,0.036,0.575,0.611
B.M.W.,SERIE_3,318,ELEC+GAZOLE_HR,1995,1660,0.048,0.023,0.016,0.039,50450,0.048,0.575,0.623
VOLKSWAGEN,CADDY,CADDY,GAZOLE,1968,1568,0.023,0.020999999999999998,0.038,0.059,37343,0.023,0.5249999999999999,0.5479999999999999
RENAULT,MEGANE,MEGANE,GAZOLE,1461,1373,0.171,0.061,0.021,0.082,32775,0.171,1.525,1.696
LAND_ROVER,RANGE_ROVER,RANGE_ROVER,ESSENCE,4395,2650,0.19,0.013,0.038,,169150,0.19,0.325,0.515
VOLKSWAGEN,POLO,POLO,ESSENCE,999,1124,0.174,0.021,0.038,,25223,0.174,0.525,0.6990000000000001
B.M.W.,SERIE_2,220,GAZOLE,1995,1565,0.071,0.037000000000000005,0.021,0.058,49633,0.071,0.9250000000000002,0.9960000000000001
RENAULT,TALISMAN,TALISMAN,ESSENCE,1332,1422,0.301,0.013,0.02,,42500,0.301,0.325,0.626
FORD,PUMA,PUMA,SUPERETHANOL,999,1205,0.424,0.04,0.017,,27714,0.424,1.0,1.424
MERCEDES,CLASSE_GLC,GLC_300,ELEC+GAZOLE_HR,1950,2060,0.031,0.0,0.04,0.04,77775,0.031,0.0,0.031
RENAULT,MEGANE,MEGANE,ESSENCE,1332,1308,0.246,0.012,0.02,,33750,0.246,0.3,0.546
MERCEDES,CLASSE_GLC,GLC_300,ELEC+ESSENC_HR,1991,1965,0.234,0.013,0.009,,75925,0.234,0.325,0.559
B.M.W.,SERIE_4,430,ELEC+GAZOLE_HR,2993,1880,0.125,0.013000000000000005,0.044,0.057,67400,0.125,0.3250000000000001,0.4500000000000001
JEEP,RENEGADE,RENEGADE,ESS+ELEC_HNR,1469,1420,0.381,0.063,0.018,,33438,0.381,1.575,1.956
B.M.W.,SERIE_1,118,ESSENCE,1499,1320,0.273,0.023,0.015,,37510,0.273,0.575,0.848
PEUGEOT,308,308,ESSENCE,1199,1289,0.302,0.022,0.041,,33280,0.302,0.5499999999999999,0.8519999999999999
VOLKSWAGEN,KOMBI,KOMBI,GAZOLE,1968,1895,0.015,0.011999999999999997,0.041,0.053,61920,0.015,0.29999999999999993,0.31499999999999995
CITROEN,BERLINGO,BERLINGO,GAZOLE,1499,1430,0.053,0.003999999999999997,0.049,0.053,27250,0.053,0.09999999999999992,0.1529999999999999
FORD,FIESTA,FIESTA,ESS+ELEC_HNR,999,1136,0.309,0.034,0.014,,24190,0.309,0.8500000000000001,1.159
RENAULT,ARKANA,ARKANA,ESS+ELEC_HNR,1332,1336,0.54,0.014,0.022,,33288,0.54,0.35000000000000003,0.8900000000000001
PEUGEOT,RIFTER,RIFTER,ESSENCE,1199,1502,0.588,0.024,0.035,,31425,0.588,0.6,1.188
MERCEDES,VITO_TOURER,VITO,GAZOLE,1950,1957,0.019,0.006999999999999999,0.019,0.026,49623,0.019,0.175,0.19399999999999998
NISSAN,QASHQAI,QASHQAI,ESS+ELEC_HNR,1332,1375,0.292,0.017,0.02,,39315,0.292,0.42500000000000004,0.7170000000000001
B.M.W.,SERIE_X,X2,GAZOLE,1995,1510,0.192,0.061000000000000006,0.024,0.085,43367,0.192,1.5250000000000001,1.717
VOLKSWAGEN,CADDY,CADDY,ESSENCE,1498,1497,0.212,0.028,0.029,,36003,0.212,0.7000000000000001,0.912
ALFA_ROMEO,STELVIO,STELVIO,GAZOLE,2143,1680,0.044,0.0049999999999999975,0.035,0.04,52783,0.044,0.12499999999999994,0.16899999999999993
MINI,MINI,COUNTRYMAN,ESSENCE,1499,1505,0.273,0.025,0.024,,38733,0.273,0.625,0.898
VOLKSWAGEN,TIGUAN,TIGUAN,ESSENCE,1498,1429,0.233,0.033,0.025,,39135,0.233,0.8250000000000001,1.058
KIA,STONIC,STONIC,ESSENCE,998,1155,0.3,0.031,0.024,,25170,0.3,0.775,1.075
SUZUKI,IGNIS,IGNIS,ESS+ELEC_HNR,1197,860,0.307,0.039,0.012,,15590,0.307,0.975,1.282
FIAT,TIPO,TIPO,ESSENCE,999,1240,0.749,0.034,0.019,,21690,0.749,0.8500000000000001,1.5990000000000002
B.M.W.,SERIE_4,440,ESS+ELEC_HNR,2998,1740,0.087,0.013,0.009,,70650,0.087,0.325,0.41200000000000003
PEUGEOT,2008,2008,GAZOLE,1499,1270,0.067,0.0059999999999999915,0.07,0.076,33203,0.067,0.1499999999999998,0.2169999999999998
B.M.W.,SERIE_4,420,ESSENCE,1998,1620,0.255,0.022,0.014,,53833,0.255,0.5499999999999999,0.8049999999999999
DACIA,SANDERO,SANDERO,ESS+G.P.L.,999,1096,0.266,0.035,0.021,,15290,0.266,0.8750000000000001,1.141
MINI,MINI,COUNTRYMAN,ESSENCE,1499,1420,0.085,0.013,0.007,,35080,0.085,0.325,0.41000000000000003
B.M.W.,SERIE_X,X5,ELEC+ESSENC_HR,2998,2435,0.148,0.016,0.009,,91300,0.148,0.4,0.548
B.M.W.,SERIE_2,220,ESSENCE,1998,1430,0.156,0.017,0.011,,44133,0.156,0.42500000000000004,0.5810000000000001
KIA,RIO,RIO,ESSENCE,998,1125,0.145,0.024,0.027,,20765,0.145,0.6,0.745
MERCEDES,CLASSE_GLA,GLA_45_AMG,ESSENCE,1991,1690,0.164,0.017,0.021,,78700,0.164,0.42500000000000004,0.5890000000000001
MERCEDES,CLASSE_A,A_200,ESSENCE,1332,1300,0.12,0.024,0.025,,39475,0.12,0.6,0.72
B.M.W.,SERIE_2,218,ESSENCE,1499,1470,0.204,0.007,0.009,,36688,0.204,0.17500000000000002,0.379
VOLKSWAGEN,GOLF,GOLF,ESSENCE,1984,1388,0.285,0.036,0.022,,50570,0.285,0.8999999999999999,1.1849999999999998
PEUGEOT,308,308,ELEC+ESSENC_HR,1598,1603,0.229,0.022,0.004,,41150,0.229,0.5499999999999999,0.7789999999999999
FORD,GALAXY,GALAXY,ESS+ELEC_HNR,2488,1880,0.307,0.017,0.006,,51950,0.307,0.42500000000000004,0.732
B.M.W.,SERIE_5,530,ELEC+GAZOLE_HR,2993,1925,0.112,0.020999999999999998,0.052,0.073,72588,0.112,0.5249999999999999,0.6369999999999999
VOLKSWAGEN,GOLF,GOLF,GAZOLE,1968,1388,0.025,0.023,0.036,0.059,38220,0.025,0.575,0.6
FIAT,TIPO,TIPO,ESSENCE,999,1240,0.749,0.034,0.019,,21690,0.749,0.8500000000000001,1.5990000000000002
MERCEDES,CLASSE_GLC,GLC_300,ELEC+ESSENC_HR,1991,1965,0.234,0.013,0.009,,75925,0.234,0.325,0.559
RENAULT,CAPTUR,CAPTUR,ESSENCE,999,1199,0.294,0.039,0.034,,24867,0.294,0.975,1.269
FIAT,500X,500X,GAZOLE,1598,1430,0.037,0.013999999999999999,0.077,0.091,34173,0.037,0.35,0.38699999999999996
B.M.W.,SERIE_3,340,ELEC+GAZOLE_HR,2993,1870,0.102,0.013999999999999999,0.041,0.055,73650,0.102,0.35,0.45199999999999996
MERCEDES,CLASSE_V,V_220,GAZOLE,1950,2092,0.019,0.006999999999999999,0.019,0.026,67675,0.019,0.175,0.19399999999999998
B.M.W.,SERIE_X,X3,ELEC+GAZOLE_HR,1995,1840,0.165,0.044000000000000004,0.025,0.069,59100,0.165,1.1,1.2650000000000001
SKODA,OCTAVIA,OCTAVIA,ESS+ELEC_HNR,1498,1308,0.135,0.021,0.019,,35430,0.135,0.525,0.66
B.M.W.,SERIE_5,530,ELEC+ESSENC_HR,1998,1960,0.311,0.01,0.011,,70838,0.311,0.25,0.5609999999999999
FORD,TRANSIT_CUSTOM,TRANSIT_CUSTOM,GAZOLE,1995,2012,0.069,0.006,0.037,0.043,47858,0.069,0.15,0.219
VOLKSWAGEN,KOMBI,KOMBI,GAZOLE,1968,1919,0.015,0.013999999999999999,0.033,0.047,60740,0.015,0.35,0.365
VOLVO,XC60,XC60,ELEC+GAZOLE_HR,1969,1837,0.246,0.027999999999999997,0.031,0.059,63730,0.246,0.7,0.946
FIAT,PANDA,PANDA,ESSENCE,875,1090,0.621,0.047,0.03,,15840,0.621,1.175,1.796
B.M.W.,SERIE_4,440,ELEC+GAZOLE_HR,2993,1830,0.113,0.015,0.032,0.047,71750,0.113,0.375,0.488
MERCEDES,CLASSE_GLC,GLC_400,GAZOLE,2925,1860,0.087,0.023,0.03,0.053,80650,0.087,0.575,0.6619999999999999
FORD,ECOSPORT,ECOSPORT,ESSENCE,998,1284,0.271,0.02,0.016,,25900,0.271,0.5,0.771
DACIA,SANDERO,SANDERO,ESS+G.P.L.,999,1128,0.431,0.038,0.024,,15150,0.431,0.95,1.381
DACIA,SANDERO,SANDERO,ESS+G.P.L.,999,1128,0.434,0.023,0.032,,15150,0.434,0.575,1.009
MINI,MINI,COUNTRYMAN,ESSENCE,1499,1390,0.136,0.016,0.008,,32880,0.136,0.4,0.536
FORD,TRANSIT_CUSTOM,TRANSIT_CUSTOM,GAZOLE,1995,2045,0.077,0.008,0.021,0.027,51095,0.077,0.2,0.277
KIA,RIO,RIO,ESSENCE,998,1125,0.145,0.024,0.027,,20765,0.145,0.6,0.745
B.M.W.,SERIE_2,218,ESSENCE,1499,1375,0.273,0.023,0.015,,40663,0.273,0.575,0.848
VOLKSWAGEN,GOLF,GOLF,ESS+ELEC_HNR,1498,1290,0.135,0.021,0.019,,32478,0.135,0.525,0.66
RENAULT,KOLEOS,KOLEOS,ESSENCE,1332,1515,0.272,0.013,0.019,,45650,0.272,0.325,0.597
B.M.W.,SERIE_1,118,ESSENCE,1499,1320,0.273,0.023,0.015,,37510,0.273,0.575,0.848
FORD,FOCUS,FOCUS,ESS+ELEC_HNR,999,1269,0.351,0.051,0.021,,26333,0.351,1.275,1.626
B.M.W.,SERIE_1,120,ESSENCE,1998,1390,0.156,0.017,0.011,,41488,0.156,0.42500000000000004,0.5810000000000001
RENAULT,CLIO,CLIO,ESSENCE,1332,1115,0.247,0.01,0.012,,25075,0.247,0.25,0.497
MINI,MINI,MINI,ESSENCE,1499,1150,0.288,0.018,0.012,,28857,0.288,0.44999999999999996,0.738
B.M.W.,M3,M3,ESSENCE,2993,1730,0.206,0.013,0.017,,102000,0.206,0.325,0.531
FIAT,500X,500X,ESSENCE,999,1320,0.423,0.023,0.016,,24990,0.423,0.575,0.998
FORD,FIESTA,FIESTA,SUPERETHANOL,999,1114,0.393,0.036,0.01,,23090,0.393,0.8999999999999999,1.293
B.M.W.,SERIE_2,218,GAZOLE,1995,1470,0.178,0.053000000000000005,0.013,0.066,43563,0.178,1.3250000000000002,1.5030000000000001
MERCEDES,VITO_TOURER,VITO,GAZOLE,1950,1972,0.116,0.015,0.022,0.037,51378,0.116,0.375,0.491
MERCEDES,CLASSE_CLA,CLA_45_AMG,ESSENCE,1991,1620,0.177,0.016,0.021,,65350,0.177,0.4,0.577
RENAULT,SCENIC,SCENIC,ESSENCE,1332,1477,0.247,0.009,0.019,,41400,0.247,0.22499999999999998,0.472
MINI,MINI,CLUBMAN,ESSENCE,1499,1360,0.089,0.014,0.009,,32475,0.089,0.35000000000000003,0.43900000000000006
B.M.W.,SERIE_1,128,ESSENCE,1998,1445,0.102,0.009,0.016,,47600,0.102,0.22499999999999998,0.32699999999999996
KIA,STONIC,STONIC,ESS+ELEC_HNR,998,1150,0.079,0.016,0.025,,25270,0.079,0.4,0.47900000000000004
B.M.W.,SERIE_X,X2,ESSENCE,1998,1615,0.12,0.009,0.019,,58700,0.12,0.22499999999999998,0.345
JAGUAR,E_PACE,E_PACE,ELEC+GAZOLE_HR,1998,1914,0.121,0.016999999999999994,0.035,0.052,58620,0.121,0.4249999999999999,0.5459999999999998
FIAT,TIPO,TIPO,ESSENCE,999,1260,0.749,0.034,0.019,,23540,0.749,0.8500000000000001,1.5990000000000002
B.M.W.,SERIE_X,X6,ELEC+GAZOLE_HR,2993,2185,0.145,0.018000000000000002,0.045,0.063,84025,0.145,0.45000000000000007,0.5950000000000001
SKODA,KAROQ,KAROQ,ESSENCE,1498,1354,0.126,0.014,0.01,,37898,0.126,0.35000000000000003,0.47600000000000003
RENAULT,CLIO,CLIO,ESS+ELEC_HNR,1598,1266,0.445,0.022,0.002,,25133,0.445,0.5499999999999999,0.9949999999999999
B.M.W.,SERIE_4,420,ELEC+GAZOLE_HR,1995,1760,0.087,0.026,0.019,0.045,58783,0.087,0.65,0.737
B.M.W.,SERIE_X,X3,ELEC+GAZOLE_HR,1995,1810,0.159,0.038,0.023,0.061,55100,0.159,0.95,1.109
KIA,SPORTAGE,SPORTAGE,ELEC+GAZOLE_HR,1598,1527,0.13,0.031,0.014,0.045,40423,0.13,0.775,0.905
MERCEDES,CLASSE_E,E_200,ELEC+GAZOLE_HR,1993,1850,0.054,0.006999999999999999,0.006,0.013,58600,0.054,0.175,0.22899999999999998
VOLVO,XC90,XC90,ELEC+ESSENC_HR,1969,2252,0.706,0.006,0.009,,87338,0.706,0.15,0.856
CITROEN,JUMPY_SPACE_TOURER,SPACE_TOURER,GAZOLE,1997,1718,0.028,0.004,0.023,0.027,34750,0.028,0.1,0.128
VOLKSWAGEN,TIGUAN,TIGUAN,ESSENCE,1498,1466,0.234,0.024,0.024,,45809,0.234,0.6,0.834
KIA,NIRO,NIRO,ELEC+ESSENC_HR,1580,1519,0.037,0.008,0.006,,42050,0.037,0.2,0.23700000000000002
FORD,TOURNEO,TOURNEO_CONNECT,GAZOLE,1499,1699,0.045,0.005,0.03,0.034,29293,0.045,0.125,0.16999999999999998
MINI,MINI,CLUBMAN,ESSENCE,1998,1555,0.182,0.012,0.019,,51350,0.182,0.3,0.482
RENAULT,CLIO,CLIO,ESS+ELEC_HNR,1598,1266,0.416,0.023,0.005,,25133,0.416,0.575,0.9909999999999999
JAGUAR,F_PACE,F_PACE,ELEC+ESSENC_HR,1997,2147,0.601,0.025,0.02,,67870,0.601,0.625,1.226
PEUGEOT,508,508,ESSENCE,1199,1400,0.341,0.02,0.038,,42075,0.341,0.5,0.841
MERCEDES,CLASSE_V,V_220,GAZOLE,1950,2067,0.019,0.006999999999999999,0.019,0.026,75234,0.019,0.175,0.19399999999999998
B.M.W.,SERIE_3,320,ELEC+GAZOLE_HR,1995,1725,0.049,0.024999999999999998,0.018,0.043,56088,0.049,0.625,0.674
B.M.W.,SERIE_2,218,ESSENCE,1499,1350,0.291,0.024,0.018,,38363,0.291,0.6,0.891
SKODA,KODIAQ,KODIAQ,ESSENCE,1498,1525,0.243,0.025,0.02,,33820,0.243,0.625,0.868
FORD,PUMA,PUMA,ESS+ELEC_HNR,999,1259,0.243,0.038,0.017,,30570,0.243,0.95,1.193
CUPRA,FORMENTOR,FORMENTOR,ESSENCE,1498,1383,0.381,0.031,0.014,,38453,0.381,0.775,1.1560000000000001
RENAULT,KANGOO,KANGOO,GAZOLE,1461,1577,0.158,0.042,0.035,0.077,28050,0.158,1.05,1.208
B.M.W.,SERIE_4,440,ESS+ELEC_HNR,2998,1825,0.099,0.016,0.01,,71000,0.099,0.4,0.499
MERCEDES,CLASSE_S,S_580,ELEC+ESSENC_HR,2999,2325,0.247,0.013,0.004,,82525,0.247,0.325,0.5720000000000001
MAZDA,MAZDA_3,3,ESS+ELEC_HNR,1998,1421,0.16,0.014,0.021,,37050,0.16,0.35000000000000003,0.51
B.M.W.,SERIE_X,X2,ESSENCE,1998,1470,0.159,0.021,0.013,,46817,0.159,0.525,0.684
VOLKSWAGEN,ARTEON,ARTEON,GAZOLE,1968,1584,0.024,0.008,0.032,0.04,56970,0.024,0.2,0.224
ALFA_ROMEO,STELVIO,STELVIO,GAZOLE,2143,1745,0.04,0.0040000000000000036,0.044,0.048,64717,0.04,0.10000000000000009,0.1400000000000001
HYUNDAI,TUCSON,TUCSON,ESS+ELEC_HNR,1598,1491,0.418,0.043,0.032,,40300,0.418,1.075,1.4929999999999999
OPEL,GRANDLAND,GRANDLAND,ESSENCE,1199,1386,0.435,0.024,0.03,,39700,0.435,0.6,1.035
PORSCHE,911_CARRERA_4_GTS,911,ESSENCE,2981,1665,0.133,0.012,0.014,,171806,0.133,0.3,0.433
PEUGEOT,508,508,ELEC+ESSENC_HR,1598,1745,0.291,0.014,0.004,,49833,0.291,0.35000000000000003,0.641
DS,DS_4,4,ESSENCE,1598,1420,0.519,0.021,0.034,,42233,0.519,0.525,1.044
B.M.W.,SERIE_1,118,ESSENCE,1499,1290,0.291,0.024,0.018,,35210,0.291,0.6,0.891
MERCEDES,CLASSE_C,C_300,ELEC+ESSENC_HR,1999,2005,0.174,0.008,0.013,,60183,0.174,0.2,0.374
RENAULT,MEGANE_E_TECH_PLUG_IN_HYBRID,MEGANE,ELEC+ESSENC_HR,1598,1530,0.261,0.016,0.003,,39725,0.261,0.4,0.661
DACIA,SANDERO,SANDERO,ESSENCE,999,1015,0.308,0.031,0.027,,10990,0.308,0.775,1.083
FORD,PUMA,PUMA,ESS+ELEC_HNR,999,1259,0.243,0.038,0.017,,30570,0.243,0.95,1.193
B.M.W.,SERIE_4,440,ELEC+GAZOLE_HR,2993,1980,0.114,0.013999999999999999,0.033,0.047,78250,0.114,0.35,0.46399999999999997
VOLKSWAGEN,TIGUAN,TIGUAN,GAZOLE,1968,1556,0.026,0.009000000000000001,0.03,0.039,46752,0.026,0.22500000000000003,0.25100000000000006
VOLKSWAGEN,CADDY,CADDY,GAZOLE,1968,1646,0.023,0.020999999999999998,0.038,0.059,42483,0.023,0.5249999999999999,0.5479999999999999
MERCEDES,VITO_TOURER,VITO,GAZOLE,1950,1972,0.019,0.006999999999999999,0.019,0.026,49623,0.019,0.175,0.19399999999999998
VOLKSWAGEN,TIGUAN,TIGUAN,GAZOLE,1968,1551,0.026,0.009000000000000001,0.03,0.039,48739,0.026,0.22500000000000003,0.25100000000000006
RENAULT,KOLEOS,KOLEOS,ESSENCE,1332,1515,0.272,0.013,0.019,,44950,0.272,0.325,0.597
PEUGEOT,508,508,ESSENCE,1199,1400,0.341,0.02,0.038,,42075,0.341,0.5,0.841
B.M.W.,SERIE_2,220,ESSENCE,1998,1430,0.156,0.017,0.011,,44133,0.156,0.42500000000000004,0.5810000000000001
RENAULT,MEGANE,MEGANE,GAZOLE,1461,1373,0.171,0.061,0.021,0.082,32775,0.171,1.525,1.696
B.M.W.,SERIE_X,X4,ELEC+GAZOLE_HR,2993,2020,0.122,0.013999999999999999,0.038,0.052,79750,0.122,0.35,0.472
RENAULT,KANGOO,KANGOO,ESSENCE,1332,1475,0.291,0.012,0.011,,28900,0.291,0.3,0.591
VOLKSWAGEN,POLO,POLO,ESSENCE,999,1134,0.191,0.025,0.037,,26043,0.191,0.625,0.8160000000000001
MERCEDES,VITO_TOURER,VITO,GAZOLE,1950,1957,0.019,0.006999999999999999,0.019,0.026,46907,0.019,0.175,0.19399999999999998
B.M.W.,SERIE_X,X4,ELEC+GAZOLE_HR,1995,1840,0.165,0.044000000000000004,0.025,0.069,62150,0.165,1.1,1.2650000000000001
B.M.W.,SERIE_X,X3,ESS+ELEC_HNR,1998,1800,0.157,0.013,0.017,,54800,0.157,0.325,0.482
B.M.W.,SERIE_5,530,ELEC+GAZOLE_HR,2993,1925,0.112,0.020999999999999998,0.052,0.073,72588,0.112,0.5249999999999999,0.6369999999999999
MERCEDES,CLASSE_CLA,CLA_35_AMG,ESSENCE,1991,1540,0.287,0.018,0.016,,74875,0.287,0.44999999999999996,0.7369999999999999
HYUNDAI,KONA,KONA,ESS+ELEC_HNR,998,1265,0.223,0.025,0.022,,26450,0.223,0.625,0.848
B.M.W.,SERIE_X,X2,GAZOLE,1995,1605,0.071,0.036000000000000004,0.02,0.056,50717,0.071,0.9000000000000001,0.9710000000000001
RENAULT,MEGANE,MEGANE,ESSENCE,1332,1281,0.183,0.013,0.01,,30775,0.183,0.325,0.508
RENAULT,TRAFIC,TRAFIC,GAZOLE,1997,1962,0.04,0.006999999999999999,0.038,0.045,41350,0.04,0.175,0.215
RENAULT,KADJAR,KADJAR,ESSENCE,1332,1353,0.162,0.015,0.013,,33500,0.162,0.375,0.537
B.M.W.,SERIE_1,120,ESSENCE,1998,1390,0.156,0.017,0.011,,41488,0.156,0.42500000000000004,0.5810000000000001
MERCEDES,CLASSE_E,E_200,GAZOLE,1950,1725,0.022,0.006000000000000002,0.029,0.035,72300,0.022,0.15000000000000005,0.17200000000000004
VOLVO,XC40,XC40,ESS+ELEC_HNR,1969,1613,0.288,0.013,0.013,,51525,0.288,0.325,0.613
B.M.W.,SERIE_X,X2,GAZOLE,1995,1540,0.165,0.045000000000000005,0.013,0.058,45467,0.165,1.1250000000000002,1.2900000000000003
RENAULT,ARKANA,ARKANA,ESS+ELEC_HNR,1332,1336,0.278,0.013,0.022,,33288,0.278,0.325,0.603
B.M.W.,SERIE_4,420,ESSENCE,1998,1620,0.255,0.022,0.014,,53833,0.255,0.5499999999999999,0.8049999999999999
SKODA,KAMIQ,KAMIQ,ESSENCE,1498,1214,0.144,0.022,0.022,,31270,0.144,0.5499999999999999,0.694
FORD,FIESTA,FIESTA,ESSENCE,1496,1187,0.482,0.017,0.019,,27390,0.482,0.42500000000000004,0.907
B.M.W.,SERIE_2,220,ESSENCE,1998,1430,0.156,0.017,0.011,,44133,0.156,0.42500000000000004,0.5810000000000001
B.M.W.,SERIE_4,420,ESSENCE,1998,1525,0.355,0.027,0.014,,53100,0.355,0.675,1.03
RENAULT,SCENIC,SCENIC,ESSENCE,1332,1450,0.261,0.011,0.018,,35900,0.261,0.27499999999999997,0.536
OPEL,CROSSLAND,CROSSLAND_X,ESSENCE,1199,1179,0.32,0.026,0.03,,26933,0.32,0.65,0.97
VOLKSWAGEN,KOMBI,KOMBI,GAZOLE,1968,1824,0.026,0.017999999999999995,0.042,0.06,42000,0.026,0.4499999999999999,0.4759999999999999
VOLKSWAGEN,T_ROC,T_ROC,ESSENCE,999,1226,0.216,0.022,0.027,,29433,0.216,0.5499999999999999,0.7659999999999999
VOLKSWAGEN,TIGUAN,TIGUAN,GAZOLE,1968,1556,0.026,0.009000000000000001,0.03,0.039,48739,0.026,0.22500000000000003,0.25100000000000006
FORD,PUMA,PUMA,ESS+ELEC_HNR,999,1259,0.362,0.047,0.021,,33917,0.362,1.175,1.537
B.M.W.,SERIE_5,520,ELEC+GAZOLE_HR,1995,1840,0.1,0.029,0.019,0.048,63713,0.1,0.7250000000000001,0.8250000000000001
B.M.W.,SERIE_1,116,ESSENCE,1499,1320,0.179,0.019,0.011,,33960,0.179,0.475,0.6539999999999999
SKODA,KAROQ,KAROQ,ESSENCE,1498,1342,0.172,0.022,0.025,,37898,0.172,0.5499999999999999,0.722
VOLKSWAGEN,T_ROC,T_ROC,GAZOLE,1968,1380,0.036,0.009999999999999998,0.027,0.037,40975,0.036,0.24999999999999997,0.286
JEEP,RENEGADE,RENEGADE,ESSENCE,999,1320,0.465,0.026,0.016,,28600,0.465,0.65,1.115
MERCEDES,CLASSE_A,A_35_AMG,ESSENCE,1991,1505,0.287,0.018,0.016,,61550,0.287,0.44999999999999996,0.7369999999999999
HYUNDAI,BAYON,BAYON,ESS+ELEC_HNR,998,1120,0.222,0.024,0.02,,22688,0.222,0.6,0.822
PEUGEOT,508,508,ESSENCE,1199,1420,0.341,0.02,0.038,,43375,0.341,0.5,0.841
PEUGEOT,RIFTER,RIFTER,GAZOLE,1499,1430,0.053,0.003999999999999997,0.049,0.053,30575,0.053,0.09999999999999992,0.1529999999999999
B.M.W.,SERIE_X,X4,ELEC+GAZOLE_HR,1995,1840,0.165,0.044000000000000004,0.025,0.069,62150,0.165,1.1,1.2650000000000001
B.M.W.,SERIE_5,530,ELEC+GAZOLE_HR,2993,1925,0.112,0.020999999999999998,0.052,0.073,72588,0.112,0.5249999999999999,0.6369999999999999
B.M.W.,SERIE_X,X4,ELEC+GAZOLE_HR,2993,1935,0.131,0.017,0.043,0.06,68850,0.131,0.42500000000000004,0.556
HYUNDAI,KONA,KONA,ESS+ELEC_HNR,1580,1376,0.094,0.014,0.003,,29780,0.094,0.35000000000000003,0.44400000000000006
B.M.W.,SERIE_3,330,ELEC+ESSENC_HR,1998,1825,0.323,0.016,0.011,,60333,0.323,0.4,0.7230000000000001
PEUGEOT,3008,3008,ELEC+ESSENC_HR,1598,1833,0.237,0.013,0.005,,53150,0.237,0.325,0.562
B.M.W.,SERIE_2,218,ESSENCE,1499,1350,0.291,0.024,0.018,,38363,0.291,0.6,0.891
MERCEDES,CLASSE_GLE,GLE_350,ELEC+ESSENC_HR,1991,2530,0.382,0.025,0.015,,98800,0.382,0.625,1.0070000000000001
MERCEDES,CLASSE_V,V_300,GAZOLE,1950,2067,0.116,0.015,0.022,0.037,81025,0.116,0.375,0.491
B.M.W.,SERIE_3,320,ELEC+GAZOLE_HR,1995,1725,0.049,0.024999999999999998,0.018,0.043,56088,0.049,0.625,0.674
VOLKSWAGEN,GOLF,GOLF,GAZOLE,1968,1366,0.028,0.008999999999999998,0.028,0.037,35558,0.028,0.22499999999999995,0.25299999999999995
HYUNDAI,TUCSON,TUCSON,ESS+ELEC_HNR,1598,1564,0.129,0.011,0.028,,40610,0.129,0.27499999999999997,0.40399999999999997
PORSCHE,911_TARGA_4_GTS,911,ESSENCE,2981,1685,0.133,0.012,0.014,,171806,0.133,0.3,0.433
FIAT,PANDA,PANDA,ESS+ELEC_HNR,999,995,0.3,0.028,0.022,,15290,0.3,0.7000000000000001,1.0
OPEL,CROSSLAND,CROSSLAND_X,ESSENCE,1199,1179,0.32,0.026,0.03,,26933,0.32,0.65,0.97
VOLKSWAGEN,GOLF,GOLF,GAZOLE,1968,1391,0.028,0.011000000000000003,0.031,0.042,45610,0.028,0.2750000000000001,0.3030000000000001
RENAULT,SCENIC,SCENIC,ESSENCE,1332,1427,0.312,0.011,0.014,,33900,0.312,0.27499999999999997,0.587
PORSCHE,911_TARGA_4S,911,ESSENCE,2981,1675,0.13,0.014,0.013,,153576,0.13,0.35000000000000003,0.48000000000000004
NISSAN,JUKE,JUKE,ESSENCE,999,1187,0.276,0.021,0.021,,26354,0.276,0.525,0.801
VOLKSWAGEN,TIGUAN,TIGUAN,ESSENCE,1498,1429,0.233,0.033,0.025,,39135,0.233,0.8250000000000001,1.058
FIAT,PANDA,PANDA,ESS+ELEC_HNR,999,992,0.3,0.028,0.022,,15290,0.3,0.7000000000000001,1.0
PORSCHE,PANAMERA_4_E_HYBRID,PANAMERA,ELEC+ESSENC_HR,2894,2220,0.314,0.021,0.005,,125222,0.314,0.525,0.839
MERCEDES,CLASSE_C,C_220,ELEC+GAZOLE_HR,1993,1715,0.063,0.007,0.007,0.014,56383,0.063,0.17500000000000002,0.23800000000000002
MERCEDES,CLASSE_C,C_220,ELEC+GAZOLE_HR,1993,1765,0.055,0.008,0.006,0.014,58783,0.055,0.2,0.255
MINI,MINI,COUNTRYMAN,ESSENCE,1998,1480,0.135,0.018,0.014,,42588,0.135,0.44999999999999996,0.585
SKODA,FABIA,FABIA,ESSENCE,999,1141,0.191,0.025,0.037,,23997,0.191,0.625,0.8160000000000001
DACIA,DUSTER,DUSTER,GAZOLE,1461,1354,0.157,0.053000000000000005,0.029,0.082,21013,0.157,1.3250000000000002,1.4820000000000002
VOLKSWAGEN,TIGUAN,TIGUAN,GAZOLE,1968,1551,0.026,0.009000000000000001,0.03,0.039,48739,0.026,0.22500000000000003,0.25100000000000006
OPEL,ASTRA,ASTRA,GAZOLE,1499,1363,0.054,0.004,0.027,0.031,35317,0.054,0.1,0.154
PEUGEOT,508,508,ELEC+ESSENC_HR,1598,1745,0.291,0.014,0.004,,49833,0.291,0.35000000000000003,0.641
FIAT,TIPO,TIPO,GAZOLE,1598,1340,0.071,0.026999999999999996,0.05,0.077,26990,0.071,0.6749999999999999,0.7459999999999999
SKODA,KODIAQ,KODIAQ,GAZOLE,1968,1679,0.026,0.009000000000000001,0.03,0.039,33820,0.026,0.22500000000000003,0.25100000000000006
KIA,CEED,CEED,ESSENCE,1482,1332,0.187,0.025,0.042,,32189,0.187,0.625,0.812
HYUNDAI,TUCSON,TUCSON,ESS+ELEC_HNR,1598,1564,0.129,0.011,0.028,,40610,0.129,0.27499999999999997,0.40399999999999997
B.M.W.,SERIE_4,440,ELEC+GAZOLE_HR,2993,1980,0.114,0.013999999999999999,0.033,0.047,78250,0.114,0.35,0.46399999999999997
B.M.W.,SERIE_4,440,ESS+ELEC_HNR,2998,1740,0.087,0.013,0.009,,70650,0.087,0.325,0.41200000000000003
CITROEN,C4,C4,GAZOLE,1499,1260,0.048,0.003999999999999997,0.058,0.062,29020,0.048,0.09999999999999992,0.1479999999999999
PEUGEOT,EXPERT_TRAVELLER,TRAVELLER,GAZOLE,1499,1659,0.072,0.0049999999999999975,0.05,0.055,34350,0.072,0.12499999999999994,0.19699999999999995
RENAULT,TRAFIC,TRAFIC,GAZOLE,1997,1962,0.04,0.006999999999999999,0.038,0.045,41350,0.04,0.175,0.215
MERCEDES,CLASSE_GLC,GLC_43_AMG,ESSENCE,2996,1805,0.216,0.03,0.033,,80100,0.216,0.75,0.966
MERCEDES,CLASSE_G,G_63_AMG,ESSENCE,3982,2520,0.396,0.018,0.025,,254050,0.396,0.44999999999999996,0.846
DACIA,SANDERO,SANDERO,ESSENCE,999,1072,0.241,0.036,0.029,,13790,0.241,0.8999999999999999,1.141
MERCEDES,CLASSE_A,A_200,ESSENCE,1332,1315,0.12,0.024,0.025,,36500,0.12,0.6,0.72
B.M.W.,SERIE_X,X2,GAZOLE,1496,1495,0.038,0.024999999999999998,0.018,0.043,42917,0.038,0.625,0.663
RENAULT,CLIO,CLIO,ESS+ELEC_HNR,1598,1238,0.445,0.022,0.002,,25517,0.445,0.5499999999999999,0.9949999999999999
RENAULT,KANGOO,KANGOO,GAZOLE,1461,1577,0.164,0.045,0.035,0.078,28050,0.164,1.125,1.289
VOLKSWAGEN,TIGUAN,TIGUAN,GAZOLE,1968,1551,0.026,0.009000000000000001,0.03,0.039,48739,0.026,0.22500000000000003,0.25100000000000006
VOLKSWAGEN,GOLF,GOLF,ESSENCE,1984,1383,0.182,0.021,0.02,,45880,0.182,0.525,0.7070000000000001
DS,DS_3_CROSSBACK,3_CROSSBACK,GAZOLE,1499,1205,0.05,0.0050000000000000044,0.053,0.058,37067,0.05,0.1250000000000001,0.1750000000000001
MINI,MINI,CLUBMAN,ESSENCE,1499,1360,0.227,0.023,0.014,,38000,0.227,0.575,0.8019999999999999
SKODA,KAROQ,KAROQ,GAZOLE,1968,1409,0.025,0.023,0.036,0.059,39098,0.025,0.575,0.6
RENAULT,KANGOO,KANGOO,GAZOLE,1461,1588,0.17,0.048,0.039,0.086,29800,0.17,1.2,1.3699999999999999
RENAULT,SCENIC,SCENIC,ESSENCE,1332,1490,0.261,0.011,0.018,,34800,0.261,0.27499999999999997,0.536
CUPRA,FORMENTOR,FORMENTOR,ESSENCE,1984,1512,0.229,0.02,0.015,,42200,0.229,0.5,0.729
RENAULT,KANGOO,KANGOO,GAZOLE,1461,1579,0.17,0.048,0.039,0.086,29800,0.17,1.2,1.3699999999999999
VOLKSWAGEN,T_ROC,T_ROC,ESSENCE,999,1421,0.158,0.018,0.031,,37205,0.158,0.44999999999999996,0.608
PORSCHE,911_TARGA_4_GTS,911,ESSENCE,2981,1685,0.133,0.012,0.014,,171806,0.133,0.3,0.433
RENAULT,TRAFIC,TRAFIC,GAZOLE,1997,2058,0.017,0.006999999999999999,0.033,0.04,45500,0.017,0.175,0.192
MERCEDES,CLASSE_GLE,GLE_350,ELEC+GAZOLE_HR,1950,2580,0.031,0.0049999999999999975,0.038,0.043,90400,0.031,0.12499999999999994,0.15599999999999994
B.M.W.,SERIE_X,X2,GAZOLE,1995,1605,0.071,0.036000000000000004,0.02,0.056,50717,0.071,0.9000000000000001,0.9710000000000001
B.M.W.,SERIE_4,420,ELEC+GAZOLE_HR,1995,1670,0.087,0.027999999999999997,0.017,0.045,58050,0.087,0.7,0.7869999999999999
MERCEDES,CLASSE_A,A_250,ELEC+ESSENC_HR,1332,1600,0.078,0.016,0.013,,47875,0.078,0.4,0.47800000000000004
B.M.W.,SERIE_4,420,ESSENCE,1998,1620,0.255,0.022,0.014,,53833,0.255,0.5499999999999999,0.8049999999999999
OPEL,MOKKA,MOKKA,ESSENCE,1199,1200,0.369,0.026,0.018,,29163,0.369,0.65,1.0190000000000001
B.M.W.,SERIE_X,X5,ELEC+GAZOLE_HR,2993,2190,0.141,0.018000000000000002,0.045,0.063,79017,0.141,0.45000000000000007,0.5910000000000001
VOLKSWAGEN,T_ROC,T_ROC,ESSENCE,1498,1283,0.126,0.014,0.01,,36985,0.126,0.35000000000000003,0.47600000000000003
PEUGEOT,2008,2008,GAZOLE,1499,1205,0.058,0.005999999999999998,0.046,0.052,28979,0.058,0.14999999999999997,0.20799999999999996
B.M.W.,SERIE_2,218,GAZOLE,1995,1425,0.185,0.052,0.025,0.077,41263,0.185,1.3,1.485
B.M.W.,SERIE_4,430,ELEC+GAZOLE_HR,2993,1880,0.125,0.013000000000000005,0.044,0.057,67400,0.125,0.3250000000000001,0.4500000000000001
RENAULT,TWINGO,TWINGO,ESSENCE,999,940,0.225,0.018,0.022,,16900,0.225,0.44999999999999996,0.6749999999999999
VOLKSWAGEN,TIGUAN,TIGUAN,GAZOLE,1968,1556,0.026,0.009000000000000001,0.03,0.039,48739,0.026,0.22500000000000003,0.25100000000000006
B.M.W.,SERIE_X,X4,ESS+ELEC_HNR,2998,1920,0.109,0.015,0.013,,80750,0.109,0.375,0.484
MERCEDES,CLASSE_E,E_200,ELEC+GAZOLE_HR,1993,1755,0.054,0.006999999999999999,0.006,0.013,58383,0.054,0.175,0.22899999999999998
CITROEN,BERLINGO,BERLINGO,ESSENCE,1199,1482,0.588,0.024,0.035,,28175,0.588,0.6,1.188
B.M.W.,SERIE_5,530,ELEC+GAZOLE_HR,2993,1925,0.112,0.020999999999999998,0.052,0.073,72588,0.112,0.5249999999999999,0.6369999999999999
FORD,FIESTA,FIESTA,SUPERETHANOL,999,1114,0.393,0.036,0.01,,23090,0.393,0.8999999999999999,1.293
RENAULT,KOLEOS,KOLEOS,ESSENCE,1332,1515,0.272,0.013,0.019,,45850,0.272,0.325,0.597
MERCEDES,VITO_TOURER,VITO,GAZOLE,1950,1982,0.019,0.006999999999999999,0.019,0.026,49623,0.019,0.175,0.19399999999999998
SKODA,SCALA,SCALA,ESSENCE,1498,1198,0.156,0.021,0.019,,31315,0.156,0.525,0.681
MERCEDES,VITO_TOURER,VITO,GAZOLE,1950,1982,0.019,0.006999999999999999,0.019,0.026,47096,0.019,0.175,0.19399999999999998
DACIA,DUSTER,DUSTER,GAZOLE,1461,1443,0.15,0.044,0.027,0.071,22783,0.15,1.0999999999999999,1.2499999999999998
FORD,TRANSIT_CUSTOM,TRANSIT_CUSTOM,GAZOLE,1995,2012,0.117,0.014,0.049,0.065,33533,0.117,0.35000000000000003,0.467
FORD,TRANSIT_CUSTOM,TRANSIT_CUSTOM,GAZOLE,1995,2093,0.044,0.006,0.02,0.026,52346,0.044,0.15,0.194
SKODA,KAROQ,KAROQ,GAZOLE,1968,1430,0.025,0.023,0.036,0.059,39098,0.025,0.575,0.6
RENAULT,SCENIC,SCENIC,ESSENCE,1332,1477,0.247,0.009,0.019,,41400,0.247,0.22499999999999998,0.472
SEAT,ATECA,ATECA,ESSENCE,999,1284,0.216,0.022,0.035,,30622,0.216,0.5499999999999999,0.7659999999999999
B.M.W.,SERIE_3,340,ELEC+GAZOLE_HR,2993,1870,0.102,0.013999999999999999,0.041,0.055,73650,0.102,0.35,0.45199999999999996
B.M.W.,SERIE_X,X2,ESSENCE,1998,1470,0.159,0.021,0.013,,46817,0.159,0.525,0.684
MINI,MINI,CABRIO,ESSENCE,1499,1285,0.2,0.019,0.01,,36733,0.2,0.475,0.675
B.M.W.,SERIE_1,118,GAZOLE,1995,1405,0.185,0.052,0.023,0.075,38110,0.185,1.3,1.485
B.M.W.,SERIE_1,116,ESSENCE,1499,1340,0.072,0.014,0.008,,36260,0.072,0.35000000000000003,0.42200000000000004
SKODA,KAROQ,KAROQ,GAZOLE,1968,1402,0.015,0.012000000000000004,0.036,0.048,35185,0.015,0.3000000000000001,0.3150000000000001
SSANGYONG,TIVOLI,TIVOLI,GAZOLE,1597,1390,0.088,0.047,0.024,0.071,24990,0.088,1.175,1.2630000000000001
PORSCHE,PANAMERA_4_E_HYBRID,PANAMERA,ELEC+ESSENC_HR,2894,2220,0.22,0.015,0.005,,125222,0.22,0.375,0.595
B.M.W.,SERIE_X,X2,ESSENCE,1499,1430,0.312,0.031,0.016,,42517,0.312,0.775,1.087
SKODA,KAROQ,KAROQ,ESSENCE,1498,1330,0.172,0.022,0.025,,37898,0.172,0.5499999999999999,0.722
DS,DS_7_CROSSBACK,7_CROSSBACK,ELEC+ESSENC_HR,1598,1825,0.588,0.018,0.024,,64775,0.588,0.44999999999999996,1.0379999999999998
MERCEDES,CLASSE_V,V_300,GAZOLE,1950,2067,0.116,0.015,0.022,0.037,81025,0.116,0.375,0.491
PEUGEOT,208,208,ESSENCE,1199,1090,0.314,0.025,0.031,,26013,0.314,0.625,0.9390000000000001
FIAT,PANDA,PANDA,ESS+ELEC_HNR,999,995,0.281,0.031,0.048,,14790,0.281,0.775,1.056
NISSAN,QASHQAI,QASHQAI,ESS+ELEC_HNR,1332,1375,0.292,0.017,0.02,,39315,0.292,0.42500000000000004,0.7170000000000001
PEUGEOT,508,508,ESSENCE,1199,1420,0.341,0.02,0.038,,43375,0.341,0.5,0.841
MASERATI,GHIBLI_MODENA,GHIBLI,ESSENCE,2979,1850,0.416,0.037,0.019,,84983,0.416,0.9249999999999999,1.341
MINI,MINI,CLUBMAN,GAZOLE,1995,1435,0.171,0.046,0.017,0.063,37014,0.171,1.15,1.321
B.M.W.,SERIE_2,220,GAZOLE,1995,1565,0.071,0.037000000000000005,0.021,0.058,46200,0.071,0.9250000000000002,0.9960000000000001
VOLKSWAGEN,CADDY,CADDY,GAZOLE,1968,1620,0.023,0.020999999999999998,0.041,0.062,35330,0.023,0.5249999999999999,0.5479999999999999
RENAULT,SCENIC,SCENIC,ESSENCE,1332,1427,0.312,0.011,0.014,,33900,0.312,0.27499999999999997,0.587
FORD,TOURNEO,TOURNEO_CONNECT,GAZOLE,1499,1703,0.045,0.005,0.03,0.034,27695,0.045,0.125,0.16999999999999998
HYUNDAI,I_10,I_10,ESSENCE,998,924,0.219,0.02,0.009,,14613,0.219,0.5,0.719
KIA,NIRO,NIRO,ELEC+ESSENC_HR,1580,1519,0.037,0.008,0.006,,42050,0.037,0.2,0.23700000000000002
MINI,MINI,MINI,ESSENCE,1499,1175,0.2,0.019,0.01,,33300,0.2,0.475,0.675
VOLVO,XC90,XC90,ELEC+ESSENC_HR,1969,2252,0.706,0.006,0.009,,87338,0.706,0.15,0.856
B.M.W.,SERIE_X,X3,ESS+ELEC_HNR,1998,1800,0.157,0.013,0.017,,54800,0.157,0.325,0.482
B.M.W.,SERIE_3,316,ELEC+GAZOLE_HR,1995,1660,0.049,0.022000000000000002,0.018,0.04,48300,0.049,0.55,0.5990000000000001
MERCEDES,VITO_TOURER,VITO,GAZOLE,1950,1982,0.019,0.006999999999999999,0.019,0.026,49623,0.019,0.175,0.19399999999999998
PEUGEOT,2008,2008,GAZOLE,1499,1270,0.05,0.0050000000000000044,0.053,0.058,33203,0.05,0.1250000000000001,0.1750000000000001
KIA,PROCEED,PROCEED,ESSENCE,1482,1350,0.187,0.025,0.042,,33733,0.187,0.625,0.812
KIA,XCEED,XCEED,ELEC+GAZOLE_HR,1598,1370,0.123,0.039,0.017,0.056,34050,0.123,0.975,1.0979999999999999
RENAULT,MEGANE,MEGANE,ESSENCE,999,1197,0.218,0.019,0.022,0.027,25767,0.218,0.475,0.693
RENAULT,ESPACE,ESPACE,GAZOLE,1997,1848,0.014,0.008,0.021,0.029,57550,0.014,0.2,0.21400000000000002
RENAULT,CAPTUR,CAPTUR,ESS+G.P.L.,999,1280,0.266,0.038,0.027,,25250,0.266,0.95,1.216
RENAULT,CAPTUR,CAPTUR,ESS+G.P.L.,999,1280,0.239,0.045,0.029,,25250,0.239,1.125,1.3639999999999999
ALFA_ROMEO,STELVIO,STELVIO,GAZOLE,2143,1680,0.044,0.0049999999999999975,0.035,0.04,56350,0.044,0.12499999999999994,0.16899999999999993
PEUGEOT,508,508,ELEC+ESSENC_HR,1598,1720,0.599,0.018,0.017,,50100,0.599,0.44999999999999996,1.049
FORD,TRANSIT_CUSTOM,TRANSIT_CUSTOM,ELEC+GAZOLE_HR,1995,2119,0.061,0.008,0.025,0.033,48288,0.061,0.2,0.261
B.M.W.,SERIE_X,X4,ELEC+GAZOLE_HR,2993,1935,0.131,0.017,0.043,0.06,68850,0.131,0.42500000000000004,0.556
RENAULT,ESPACE,ESPACE,GAZOLE,1997,1802,0.016,0.006000000000000002,0.022,0.028,46600,0.016,0.15000000000000005,0.16600000000000004
MINI,MINI,COUNTRYMAN,ESSENCE,1499,1390,0.136,0.016,0.008,,32880,0.136,0.4,0.536
DACIA,JOGGER,JOGGER,ESSENCE,999,1176,0.234,0.024,0.023,,19350,0.234,0.6,0.834
VOLVO,XC40,XC40,ESS+ELEC_HNR,1969,1660,0.348,0.014,0.012,,56350,0.348,0.35000000000000003,0.698
MERCEDES,CLASSE_E,E_300,ESS+ELEC_HNR,1991,1780,0.332,0.017,0.015,,73850,0.332,0.42500000000000004,0.7570000000000001
DS,DS_3_CROSSBACK,3_CROSSBACK,GAZOLE,1499,1205,0.058,0.005999999999999998,0.046,0.052,30550,0.058,0.14999999999999997,0.20799999999999996
FORD,FOCUS,FOCUS,ESS+ELEC_HNR,999,1312,0.337,0.043,0.018,,33750,0.337,1.075,1.412
TOYOTA,YARIS_CROSS,YARIS_CROSS,ESS+ELEC_HNR,1490,1215,0.157,0.016,0.007,,29600,0.157,0.4,0.557
B.M.W.,SERIE_2,218,ESSENCE,1499,1350,0.291,0.024,0.018,,38363,0.291,0.6,0.891
RENAULT,ARKANA,ARKANA,ESS+ELEC_HNR,1332,1336,0.278,0.013,0.022,,33288,0.278,0.325,0.603
LAND_ROVER,DEFENDER,DEFENDER,ELEC+ESSENC_HR,1997,2618,0.214,0.018,0.025,,98133,0.214,0.44999999999999996,0.6639999999999999
FIAT,500X,500X,ESSENCE,999,1320,0.423,0.023,0.016,,24990,0.423,0.575,0.998
MERCEDES,CLASSE_GLE,GLE_350,ELEC+ESSENC_HR,1991,2530,0.382,0.025,0.015,,98800,0.382,0.625,1.0070000000000001
B.M.W.,SERIE_1,116,GAZOLE,1496,1385,0.037,0.02,0.019,0.039,37240,0.037,0.5,0.537
MINI,MINI,COUNTRYMAN,ESSENCE,1998,1480,0.135,0.018,0.014,,42588,0.135,0.44999999999999996,0.585
B.M.W.,SERIE_1,118,ESSENCE,1499,1320,0.273,0.023,0.015,,37510,0.273,0.575,0.848
ALFA_ROMEO,TONALE,TONALE,ESS+ELEC_HNR,1469,1525,0.28,0.041,0.013,,37433,0.28,1.0250000000000001,1.3050000000000002
B.M.W.,SERIE_4,420,ESSENCE,1998,1620,0.255,0.022,0.014,,53833,0.255,0.5499999999999999,0.8049999999999999
RENAULT,KANGOO,KANGOO,ESSENCE,1332,1475,0.291,0.012,0.011,,28900,0.291,0.3,0.591
B.M.W.,SERIE_4,420,ESSENCE,1998,1620,0.255,0.022,0.014,,53833,0.255,0.5499999999999999,0.8049999999999999
MINI,MINI,MINI,ESSENCE,1998,1205,0.252,0.016,0.013,,32871,0.252,0.4,0.652
TOYOTA,COROLLA,COROLLA,ESS+ELEC_HNR,1798,1370,0.101,0.015,0.002,,33308,0.101,0.375,0.476
MERCEDES,CLASSE_V,V_300,GAZOLE,1950,2092,0.116,0.015,0.022,0.037,91580,0.116,0.375,0.491
KIA,PROCEED,PROCEED,ESSENCE,1482,1323,0.354,0.027,0.025,,32033,0.354,0.675,1.029
MITSUBISHI,SPACE_STAR,SPACE_STAR,ESSENCE,1193,875,0.192,0.018,0.022,,14340,0.192,0.44999999999999996,0.6419999999999999
RENAULT,TRAFIC,TRAFIC,GAZOLE,1997,2035,0.04,0.006999999999999999,0.038,0.045,42550,0.04,0.175,0.215
RENAULT,CAPTUR,CAPTUR,ESS+ELEC_HNR,1332,1298,0.473,0.012,0.028,,27325,0.473,0.3,0.7729999999999999
CITROEN,JUMPY_SPACE_TOURER,SPACE_TOURER,GAZOLE,1997,1764,0.031,0.004,0.012,0.016,44070,0.031,0.1,0.131
PEUGEOT,308,308,GAZOLE,1499,1343,0.08,0.003999999999999997,0.056,0.06,32033,0.08,0.09999999999999992,0.17999999999999994
MINI,MINI,CLUBMAN,ESSENCE,1499,1335,0.217,0.021,0.015,,34014,0.217,0.525,0.742
OPEL,CORSA,CORSA,ESSENCE,1199,980,0.475,0.034,0.012,,19800,0.475,0.8500000000000001,1.3250000000000002
RENAULT,MEGANE,MEGANE,ESSENCE,1332,1308,0.246,0.012,0.02,,33750,0.246,0.3,0.546
RENAULT,AUSTRAL,AUSTRAL,ESS+ELEC_HNR,1332,1464,0.278,0.024,0.019,,38800,0.278,0.6,0.878
KIA,CEED,CEED,ELEC+GAZOLE_HR,1598,1370,0.108,0.038,0.009,0.047,33242,0.108,0.95,1.058
TOYOTA,COROLLA,COROLLA,ESS+ELEC_HNR,1987,1370,0.188,0.022,0.004,,37271,0.188,0.5499999999999999,0.738
JAGUAR,E_PACE,E_PACE,ELEC+ESSENC_HR,1498,2127,0.266,0.018,0.019,,53800,0.266,0.44999999999999996,0.716
VOLKSWAGEN,T_ROC,T_ROC,GAZOLE,1968,1485,0.019,0.006999999999999999,0.035,0.042,44513,0.019,0.175,0.19399999999999998
OPEL,COMBO_LIFE,COMBO,GAZOLE,1499,1430,0.052,0.0030000000000000027,0.051,0.054,25850,0.052,0.07500000000000007,0.12700000000000006
RENAULT,CAPTUR,CAPTUR,ESS+G.P.L.,999,1257,0.266,0.038,0.027,,25250,0.266,0.95,1.216
RENAULT,CAPTUR,CAPTUR,ESS+G.P.L.,999,1257,0.239,0.045,0.029,,25250,0.239,1.125,1.3639999999999999
B.M.W.,SERIE_4,420,ELEC+GAZOLE_HR,1995,1760,0.087,0.026,0.019,0.045,58783,0.087,0.65,0.737
B.M.W.,SERIE_X,X3,ELEC+GAZOLE_HR,2993,1935,0.131,0.017,0.043,0.06,65800,0.131,0.42500000000000004,0.556
B.M.W.,SERIE_2,220,GAZOLE,1995,1505,0.19,0.053000000000000005,0.016,0.069,47413,0.19,1.3250000000000002,1.5150000000000001
B.M.W.,SERIE_5,530,ELEC+ESSENC_HR,1998,1960,0.311,0.01,0.011,,70838,0.311,0.25,0.5609999999999999
MERCEDES,CLASSE_S,S_350,GAZOLE,2925,1965,0.044,0.023,0.033,0.056,119525,0.044,0.575,0.619
B.M.W.,SERIE_X,X4,ELEC+GAZOLE_HR,2993,2020,0.122,0.013999999999999999,0.038,0.052,79750,0.122,0.35,0.472
MERCEDES,CLASSE_C,C_220,ELEC+GAZOLE_HR,1993,1655,0.063,0.007,0.007,0.014,58383,0.063,0.17500000000000002,0.23800000000000002
PORSCHE,911_CARRERA_4S,911,ESSENCE,2981,1565,0.13,0.014,0.013,,139176,0.13,0.35000000000000003,0.48000000000000004
B.M.W.,SERIE_1,120,ESSENCE,1998,1390,0.156,0.017,0.011,,41488,0.156,0.42500000000000004,0.5810000000000001
MERCEDES,CLASSE_C,C_200,ESS+ELEC_HNR,1497,1515,0.151,0.013,0.017,,55100,0.151,0.325,0.476
SKODA,OCTAVIA,OCTAVIA,GAZOLE,1968,1412,0.026,0.008999999999999998,0.028,0.037,36598,0.026,0.22499999999999995,0.25099999999999995
B.M.W.,SERIE_X,X6,ELEC+GAZOLE_HR,2993,2185,0.145,0.018000000000000002,0.045,0.063,83550,0.145,0.45000000000000007,0.5950000000000001
B.M.W.,SERIE_1,120,ESSENCE,1998,1390,0.156,0.017,0.011,,41488,0.156,0.42500000000000004,0.5810000000000001
B.M.W.,SERIE_4,420,ESSENCE,1998,1620,0.255,0.022,0.014,,53833,0.255,0.5499999999999999,0.8049999999999999
FORD,PUMA,PUMA,SUPERETHANOL,999,1205,0.424,0.04,0.017,,29170,0.424,1.0,1.424
B.M.W.,SERIE_4,440,ESS+ELEC_HNR,2998,1740,0.087,0.013,0.009,,70650,0.087,0.325,0.41200000000000003
B.M.W.,SERIE_1,118,ESSENCE,1499,1320,0.273,0.023,0.015,,37510,0.273,0.575,0.848
B.M.W.,SERIE_X,X6,ELEC+GAZOLE_HR,2993,2215,0.096,0.012999999999999998,0.025,0.038,89225,0.096,0.32499999999999996,0.42099999999999993
B.M.W.,SERIE_1,118,ESSENCE,1499,1320,0.273,0.023,0.015,,37510,0.273,0.575,0.848
MINI,MINI,MINI,ESSENCE,1998,1205,0.252,0.016,0.013,,32871,0.252,0.4,0.652
SEAT,ATECA,ATECA,ESSENCE,1498,1361,0.126,0.014,0.01,,36991,0.126,0.35000000000000003,0.47600000000000003
MAZDA,MAZDA_CX_30,CX_30,ESS+ELEC_HNR,1998,1368,0.144,0.012,0.027,,34731,0.144,0.3,0.44399999999999995
B.M.W.,SERIE_1,118,ESSENCE,1499,1320,0.273,0.023,0.015,,37510,0.273,0.575,0.848
B.M.W.,SERIE_4,440,ESS+ELEC_HNR,2998,1740,0.087,0.013,0.009,,70650,0.087,0.325,0.41200000000000003
B.M.W.,SERIE_2,220,GAZOLE,1995,1505,0.19,0.053000000000000005,0.016,0.069,47413,0.19,1.3250000000000002,1.5150000000000001
B.M.W.,SERIE_X,X3,ELEC+GAZOLE_HR,1995,1840,0.165,0.044000000000000004,0.025,0.069,59100,0.165,1.1,1.2650000000000001
B.M.W.,SERIE_2,218,GAZOLE,1995,1545,0.05,0.005999999999999998,0.041,0.047,38888,0.05,0.14999999999999997,0.19999999999999996
MINI,MINI,CLUBMAN,ESSENCE,1998,1555,0.182,0.012,0.019,,51350,0.182,0.3,0.482
SKODA,OCTAVIA,OCTAVIA,ESSENCE,1498,1269,0.21,0.023,0.016,,30465,0.21,0.575,0.7849999999999999
B.M.W.,SERIE_X,X6,ELEC+GAZOLE_HR,2993,2185,0.141,0.018000000000000002,0.045,0.063,84025,0.141,0.45000000000000007,0.5910000000000001
DS,DS_4,4,ESSENCE,1598,1419,0.433,0.026,0.037,,46700,0.433,0.65,1.083
DACIA,JOGGER,JOGGER,ESSENCE,999,1205,0.234,0.024,0.023,,20150,0.234,0.6,0.834
MERCEDES,CLASSE_V,V_250,GAZOLE,1950,2092,0.116,0.015,0.022,0.037,74793,0.116,0.375,0.491
B.M.W.,SERIE_X,X2,ESSENCE,1499,1430,0.312,0.031,0.016,,42517,0.312,0.775,1.087
MERCEDES,CLASSE_V,V_250,GAZOLE,1950,2092,0.116,0.015,0.022,0.037,74793,0.116,0.375,0.491
FORD,PUMA,PUMA,ESS+ELEC_HNR,999,1259,0.362,0.047,0.021,,34100,0.362,1.175,1.537
MINI,MINI,MINI,ESSENCE,1499,1150,0.288,0.018,0.012,,28857,0.288,0.44999999999999996,0.738
TOYOTA,YARIS_CROSS,YARIS_CROSS,ESS+ELEC_HNR,1490,1300,0.098,0.01,0.003,,32678,0.098,0.25,0.348
RENAULT,CLIO,CLIO,ESSENCE,999,1099,0.216,0.03,0.025,,21183,0.216,0.75,0.966
B.M.W.,SERIE_X,X2,ESSENCE,1499,1430,0.312,0.031,0.016,,42517,0.312,0.775,1.087
PORSCHE,718_BOXSTER,BOXSTER,ESSENCE,1988,1335,0.151,0.023,0.031,,61731,0.151,0.575,0.726
MINI,MINI,CABRIO,ESSENCE,1998,1305,0.252,0.016,0.013,,37567,0.252,0.4,0.652
OPEL,CORSA,CORSA,ESSENCE,1199,1090,0.509,0.022,0.014,,21900,0.509,0.5499999999999999,1.059
OPEL,INSIGNIA_GRAND_SPORT,INSIGNIA,GAZOLE,1995,1540,0.049,0.013,0.014,0.027,44313,0.049,0.325,0.374
B.M.W.,SERIE_X,X3,ELEC+GAZOLE_HR,1995,1840,0.165,0.044000000000000004,0.025,0.069,59100,0.165,1.1,1.2650000000000001
VOLKSWAGEN,CADDY,CADDY,ESSENCE,1498,1497,0.212,0.028,0.029,,36003,0.212,0.7000000000000001,0.912
RENAULT,CLIO,CLIO,GAZOLE,1461,1173,0.134,0.038000000000000006,0.031,0.069,23000,0.134,0.9500000000000002,1.084
FORD,KUGA,KUGA,ESS+ELEC_HNR,2488,1626,0.205,0.011,0.01,,43590,0.205,0.27499999999999997,0.48
B.M.W.,SERIE_3,320,ELEC+GAZOLE_HR,1995,1665,0.047,0.016999999999999998,0.02,0.037,54300,0.047,0.42499999999999993,0.4719999999999999
MERCEDES,CLASSE_C,C_220,ELEC+GAZOLE_HR,1993,1655,0.063,0.007,0.007,0.014,58383,0.063,0.17500000000000002,0.23800000000000002
MINI,MINI,COUNTRYMAN,ESSENCE,1998,1465,0.17,0.022,0.017,,40388,0.17,0.5499999999999999,0.72
PORSCHE,CAYENNE_E_HYBRID,CAYENNE,ELEC+ESSENC_HR,2995,2360,0.42,0.021,0.021,,105929,0.42,0.525,0.9450000000000001
B.M.W.,SERIE_5,520,ESS+ELEC_HNR,1998,1715,0.111,0.012,0.022,,60063,0.111,0.3,0.411
B.M.W.,SERIE_2,220,GAZOLE,1995,1505,0.19,0.053000000000000005,0.016,0.069,47413,0.19,1.3250000000000002,1.5150000000000001
FORD,TOURNEO_CONNECT,TOURNEO_CONNECT,GAZOLE,1968,1607,0.025,0.019000000000000003,0.047,0.066,29293,0.025,0.4750000000000001,0.5000000000000001
B.M.W.,SERIE_X,X4,ELEC+GAZOLE_HR,2993,2020,0.122,0.013999999999999999,0.038,0.052,79750,0.122,0.35,0.472
FIAT,500,500,ESSENCE,1368,1090,0.791,0.054,0.02,,24523,0.791,1.35,2.141
HYUNDAI,BAYON,BAYON,ESS+ELEC_HNR,998,1120,0.222,0.024,0.02,,22688,0.222,0.6,0.822
B.M.W.,SERIE_X,X2,GAZOLE,1995,1605,0.071,0.035,0.021,0.056,47717,0.071,0.8750000000000001,0.9460000000000001
VOLKSWAGEN,TIGUAN,TIGUAN,GAZOLE,1968,1551,0.026,0.009000000000000001,0.03,0.039,48739,0.026,0.22500000000000003,0.25100000000000006
VOLVO,V90,V90,ELEC+ESSENC_HR,1969,2000,0.283,0.007,0.006,,84167,0.283,0.17500000000000002,0.45799999999999996
MINI,MINI,CLUBMAN,GAZOLE,1496,1400,0.072,0.02,0.018,0.038,33325,0.072,0.5,0.572
B.M.W.,SERIE_4,430,ELEC+GAZOLE_HR,2993,1880,0.125,0.013000000000000005,0.044,0.057,66300,0.125,0.3250000000000001,0.4500000000000001
RENAULT,MEGANE,MEGANE,GAZOLE,1461,1400,0.151,0.046,0.026,0.072,34775,0.151,1.15,1.301
B.M.W.,SERIE_5,520,ELEC+GAZOLE_HR,1995,1780,0.096,0.026,0.02,0.046,61063,0.096,0.65,0.746
MINI,MINI,CLUBMAN,ESSENCE,1998,1400,0.249,0.024,0.018,,36929,0.249,0.6,0.849
DACIA,DUSTER,DUSTER,GAZOLE,1461,1326,0.146,0.049,0.019,0.068,21013,0.146,1.225,1.371
MERCEDES,CLASSE_V,V_300,GAZOLE,1950,2135,0.211,0.018,0.027,0.045,86338,0.211,0.44999999999999996,0.6609999999999999
SEAT,ATECA,ATECA,GAZOLE,1968,1456,0.036,0.012,0.027,0.037,40423,0.036,0.3,0.33599999999999997
B.M.W.,SERIE_X,X4,ELEC+GAZOLE_HR,2993,2020,0.122,0.013999999999999999,0.038,0.052,79750,0.122,0.35,0.472
MERCEDES,CLASSE_E,E_200,GAZOLE,1950,1795,0.021,0.006000000000000002,0.029,0.035,70950,0.021,0.15000000000000005,0.17100000000000004
B.M.W.,SERIE_X,X6,ELEC+GAZOLE_HR,2993,2185,0.141,0.018000000000000002,0.045,0.063,83550,0.141,0.45000000000000007,0.5910000000000001
FORD,FIESTA,FIESTA,ESSENCE,1496,1205,0.575,0.019,0.007,,27390,0.575,0.475,1.0499999999999998
VOLKSWAGEN,GOLF,GOLF,ESS+ELEC_HNR,1498,1290,0.135,0.021,0.019,,32478,0.135,0.525,0.66
MERCEDES,CLASSE_S,S_400,GAZOLE,2925,2005,0.036,0.023,0.034,0.057,119725,0.036,0.575,0.611
MERCEDES,CLASSE_B,B_180,ESSENCE,1332,1310,0.111,0.023,0.027,,37225,0.111,0.575,0.6859999999999999
MERCEDES,CLASSE_C,C_220,ELEC+GAZOLE_HR,1993,1655,0.063,0.007,0.007,0.014,54883,0.063,0.17500000000000002,0.23800000000000002
CITROEN,C4,C4,GAZOLE,1499,1260,0.052,0.003999999999999997,0.056,0.06,29020,0.052,0.09999999999999992,0.1519999999999999
SUZUKI,SX4,SX4,ESS+ELEC_HNR,1373,1285,0.381,0.037,0.021,,32290,0.381,0.9249999999999999,1.306
FIAT,500,500,ESS+ELEC_HNR,999,975,0.3,0.028,0.022,,19640,0.3,0.7000000000000001,1.0
SKODA,OCTAVIA,OCTAVIA,ESS+ELEC_HNR,1498,1329,0.135,0.021,0.019,,35663,0.135,0.525,0.66
SUBARU,FORESTER,FORESTER,ESS+ELEC_HNR,1995,1672,0.164,0.01,0.017,,44740,0.164,0.25,0.41400000000000003
B.M.W.,SERIE_5,520,ELEC+GAZOLE_HR,1995,1675,0.116,0.024999999999999998,0.018,0.043,58463,0.116,0.625,0.741
VOLKSWAGEN,CADDY,CADDY,GAZOLE,1968,1620,0.025,0.019000000000000003,0.047,0.066,35100,0.025,0.4750000000000001,0.5000000000000001
B.M.W.,SERIE_2,225,ELEC+ESSENC_HR,1499,1825,0.123,0.01,0.012,,47338,0.123,0.25,0.373
LAND_ROVER,RANGE_ROVER_EVOQUE,RANGE_ROVER_EVOQUE,ELEC+ESSENC_HR,1498,2117,0.302,0.02,0.012,,62135,0.302,0.5,0.802
MERCEDES,CLASSE_C,C_200,ELEC+GAZOLE_HR,1993,1705,0.064,0.007,0.007,0.014,55683,0.064,0.17500000000000002,0.23900000000000002
B.M.W.,SERIE_1,120,ESSENCE,1998,1390,0.156,0.017,0.011,,41488,0.156,0.42500000000000004,0.5810000000000001
HYUNDAI,TUCSON,TUCSON,ESS+ELEC_HNR,1598,1564,0.129,0.011,0.028,,40610,0.129,0.27499999999999997,0.40399999999999997
FIAT,PANDA,PANDA,ESS+ELEC_HNR,999,1003,0.3,0.028,0.022,,14403,0.3,0.7000000000000001,1.0
B.M.W.,SERIE_4,420,ELEC+GAZOLE_HR,1995,1605,0.086,0.018000000000000002,0.017,0.035,55650,0.086,0.45000000000000007,0.536
B.M.W.,SERIE_4,420,ESSENCE,1998,1620,0.255,0.022,0.014,,53833,0.255,0.5499999999999999,0.8049999999999999
VOLKSWAGEN,PASSAT,PASSAT,GAZOLE,1968,1634,0.021,0.011000000000000003,0.038,0.049,58617,0.021,0.2750000000000001,0.2960000000000001
B.M.W.,SERIE_X,X4,ESS+ELEC_HNR,1998,1815,0.183,0.013,0.014,,63850,0.183,0.325,0.508
FORD,TOURNEO_CONNECT,TOURNEO_CONNECT,GAZOLE,1968,1535,0.023,0.020999999999999998,0.041,0.062,31427,0.023,0.5249999999999999,0.5479999999999999
JEEP,COMPASS,COMPASS,ESS+ELEC_HNR,1469,1500,0.28,0.041,0.013,,40533,0.28,1.0250000000000001,1.3050000000000002
B.M.W.,SERIE_2,220,ESSENCE,1998,1430,0.156,0.017,0.011,,44133,0.156,0.42500000000000004,0.5810000000000001
MERCEDES,CLASSE_E,E_400,GAZOLE,2925,1960,0.033,0.015999999999999993,0.035,0.051,86650,0.033,0.39999999999999986,0.43299999999999983
FORD,FIESTA,FIESTA,SUPERETHANOL,999,1114,0.393,0.036,0.01,,23090,0.393,0.8999999999999999,1.293
MERCEDES,CLASSE_GLE,GLE_350,ELEC+GAZOLE_HR,1950,2580,0.031,0.0040000000000000036,0.046,0.05,95650,0.031,0.10000000000000009,0.1310000000000001
B.M.W.,SERIE_4,420,ESSENCE,1998,1690,0.237,0.022,0.018,,60100,0.237,0.5499999999999999,0.7869999999999999
OPEL,INSIGNIA_SPORTS_TOURER,INSIGNIA,GAZOLE,1496,1519,0.053,0.018999999999999996,0.017,0.036,39250,0.053,0.4749999999999999,0.5279999999999999
SUZUKI,SX4,SX4,ESS+ELEC_HNR,1373,1240,0.313,0.034,0.017,,29790,0.313,0.8500000000000001,1.163
ALFA_ROMEO,GIULIA,GIULIA,GAZOLE,2143,1465,0.048,0.0029999999999999957,0.041,0.044,50883,0.048,0.0749999999999999,0.1229999999999999
RENAULT,CLIO,CLIO,ESS+ELEC_HNR,1598,1243,0.445,0.022,0.002,,25133,0.445,0.5499999999999999,0.9949999999999999
MERCEDES,CLASSE_E,E_53_AMG,ESS+ELEC_HNR,2999,1895,0.193,0.024,0.02,,96500,0.193,0.6,0.7929999999999999
JAGUAR,F_PACE,F_PACE,ELEC+GAZOLE_HR,1998,1916,0.102,0.018,0.024,0.042,72740,0.102,0.44999999999999996,0.5519999999999999
MAZDA,MAZDA_2,2,ESS+ELEC_HNR,1496,1035,0.095,0.029,0.029,,21280,0.095,0.7250000000000001,0.8200000000000001
PORSCHE,CAYENNE_E_HYBRID,CAYENNE,ELEC+ESSENC_HR,2995,2360,0.389,0.021,0.021,,105929,0.389,0.525,0.914
MERCEDES,CLASSE_E,E_200,GAZOLE,1950,1795,0.022,0.006000000000000002,0.029,0.035,70950,0.022,0.15000000000000005,0.17200000000000004
B.M.W.,SERIE_X,X4,ELEC+GAZOLE_HR,2993,2020,0.122,0.013999999999999999,0.038,0.052,79750,0.122,0.35,0.472
PEUGEOT,508,508,ESSENCE,1199,1420,0.341,0.02,0.038,,43375,0.341,0.5,0.841
KIA,CEED,CEED,ELEC+GAZOLE_HR,1598,1407,0.237,0.041999999999999996,0.021,0.063,33457,0.237,1.0499999999999998,1.287
HYUNDAI,TUCSON,TUCSON,ESS+ELEC_HNR,1598,1491,0.418,0.043,0.032,,40300,0.418,1.075,1.4929999999999999
SKODA,SUPERB,SUPERB,GAZOLE,1968,1573,0.025,0.008,0.032,0.04,47108,0.025,0.2,0.225
MERCEDES,CLASSE_C,C_200,ELEC+GAZOLE_HR,1993,1650,0.064,0.007,0.007,0.014,50934,0.064,0.17500000000000002,0.23900000000000002
CITROEN,C3,C3,ESSENCE,1199,980,0.669,0.034,0.018,,19273,0.669,0.8500000000000001,1.5190000000000001
B.M.W.,SERIE_4,420,ELEC+GAZOLE_HR,1995,1705,0.112,0.027999999999999997,0.017,0.045,56383,0.112,0.7,0.8119999999999999
FORD,FIESTA,FIESTA,SUPERETHANOL,999,1114,0.393,0.036,0.01,,23090,0.393,0.8999999999999999,1.293
JEEP,COMPASS,COMPASS,ESSENCE,1332,1430,0.319,0.027,0.01,,35475,0.319,0.675,0.994
B.M.W.,SERIE_1,118,GAZOLE,1995,1405,0.185,0.052,0.023,0.075,38110,0.185,1.3,1.485
RENAULT,MEGANE,MEGANE,ESSENCE,1332,1315,0.183,0.013,0.01,,30775,0.183,0.325,0.508
M.G.,MG_ZS,ZS,ESSENCE,999,1259,0.323,0.037,0.016,,20490,0.323,0.9249999999999999,1.248
MERCEDES,CLASSE_C,C_220,ELEC+GAZOLE_HR,1993,1765,0.055,0.008,0.006,0.014,62283,0.055,0.2,0.255
RENAULT,MEGANE,MEGANE,ESSENCE,1332,1308,0.246,0.012,0.02,,33750,0.246,0.3,0.546
MERCEDES,CLASSE_V,V_220,GAZOLE,1950,2077,0.019,0.006999999999999999,0.019,0.026,75234,0.019,0.175,0.19399999999999998
ALFA_ROMEO,STELVIO,STELVIO,ESSENCE,1995,1660,0.752,0.058,0.037,,58950,0.752,1.4500000000000002,2.202
TOYOTA,YARIS,YARIS,ESSENCE,998,960,0.306,0.034,0.025,,19733,0.306,0.8500000000000001,1.1560000000000001
MERCEDES,AMG_GT,AMG_GT_53,ESS+ELEC_HNR,2999,1970,0.239,0.019,0.02,,123500,0.239,0.475,0.714
VOLKSWAGEN,TIGUAN,TIGUAN,GAZOLE,1968,1748,0.019,0.008999999999999994,0.034,0.043,57980,0.019,0.22499999999999987,0.24399999999999986
B.M.W.,SERIE_1,118,ESSENCE,1499,1320,0.273,0.023,0.015,,37510,0.273,0.575,0.848
B.M.W.,SERIE_2,218,ESSENCE,1499,1375,0.273,0.023,0.015,,40663,0.273,0.575,0.848
MERCEDES,CLASSE_V,V_220,GAZOLE,1950,2042,0.019,0.006999999999999999,0.019,0.026,72856,0.019,0.175,0.19399999999999998
B.M.W.,SERIE_X,X6,ELEC+GAZOLE_HR,2993,2185,0.145,0.018000000000000002,0.045,0.063,83550,0.145,0.45000000000000007,0.5950000000000001
B.M.W.,SERIE_X,X2,ESSENCE,1998,1615,0.12,0.009,0.019,,58700,0.12,0.22499999999999998,0.345
VOLKSWAGEN,ARTEON,ARTEON,GAZOLE,1968,1658,0.021,0.011000000000000003,0.038,0.049,62440,0.021,0.2750000000000001,0.2960000000000001
TOYOTA,YARIS,YARIS,ESSENCE,998,960,0.306,0.034,0.025,,19733,0.306,0.8500000000000001,1.1560000000000001
PEUGEOT,308,308,GAZOLE,1499,1343,0.078,0.0050000000000000044,0.051,0.056,32033,0.078,0.1250000000000001,0.20300000000000012
MERCEDES,VITO_TOURER,VITO,GAZOLE,1950,1982,0.019,0.006999999999999999,0.019,0.026,46907,0.019,0.175,0.19399999999999998
RENAULT,AUSTRAL,AUSTRAL,ESS+ELEC_HNR,1199,1421,0.439,0.024,0.018,,34650,0.439,0.6,1.039
FIAT,500X,500X,ESSENCE,999,1320,0.423,0.023,0.016,,27832,0.423,0.575,0.998
VOLKSWAGEN,TIGUAN,TIGUAN,GAZOLE,1968,1556,0.026,0.009000000000000001,0.03,0.039,48739,0.026,0.22500000000000003,0.25100000000000006
B.M.W.,SERIE_X,X6,ELEC+GAZOLE_HR,2993,2185,0.141,0.018000000000000002,0.045,0.063,84025,0.141,0.45000000000000007,0.5910000000000001
FORD,PUMA,PUMA,ESS+ELEC_HNR,999,1259,0.243,0.038,0.017,,30570,0.243,0.95,1.193
NISSAN,QASHQAI,QASHQAI,ESS+ELEC_HNR,1332,1457,0.312,0.015,0.024,,42920,0.312,0.375,0.687
B.M.W.,SERIE_1,120,ESSENCE,1998,1390,0.156,0.017,0.011,,41488,0.156,0.42500000000000004,0.5810000000000001
B.M.W.,SERIE_X,X2,ESSENCE,1998,1470,0.159,0.021,0.013,,46817,0.159,0.525,0.684
MERCEDES,CLASSE_E,E_200,ELEC+GAZOLE_HR,1993,1850,0.054,0.006999999999999999,0.006,0.013,58600,0.054,0.175,0.22899999999999998
B.M.W.,SERIE_2,220,ESSENCE,1998,1490,0.226,0.024,0.013,,45650,0.226,0.6,0.826
FORD,PUMA,PUMA,ESS+ELEC_HNR,999,1259,0.362,0.047,0.021,,33600,0.362,1.175,1.537
B.M.W.,SERIE_4,420,ESSENCE,1998,1525,0.355,0.027,0.014,,53100,0.355,0.675,1.03
PEUGEOT,308,308,ESSENCE,1199,1289,0.302,0.022,0.041,,33280,0.302,0.5499999999999999,0.8519999999999999
ALFA_ROMEO,STELVIO,STELVIO,GAZOLE,2143,1680,0.044,0.0049999999999999975,0.035,0.04,52783,0.044,0.12499999999999994,0.16899999999999993
ALFA_ROMEO,GIULIA,GIULIA,ESSENCE,1995,1530,0.238,0.027,0.024,,66400,0.238,0.675,0.913
RENAULT,ARKANA,ARKANA,ESS+ELEC_HNR,1332,1336,0.54,0.014,0.022,,33288,0.54,0.35000000000000003,0.8900000000000001
SKODA,SCALA,SCALA,ESSENCE,1498,1203,0.156,0.021,0.019,,31315,0.156,0.525,0.681
DACIA,DUSTER,DUSTER,ESS+G.P.L.,1332,1246,0.252,0.015,0.013,,20975,0.252,0.375,0.627
FIAT,500X,500X,ESSENCE,1332,1320,0.291,0.033,0.012,,31413,0.291,0.8250000000000001,1.116
OPEL,ASTRA,ASTRA,ESSENCE,1199,1296,0.302,0.022,0.041,,32917,0.302,0.5499999999999999,0.8519999999999999
KIA,CEED,CEED,ESSENCE,1482,1255,0.354,0.027,0.025,,28522,0.354,0.675,1.029
KIA,PICANTO,PICANTO,ESSENCE,1197,908,0.286,0.028,0.014,,17173,0.286,0.7000000000000001,0.986
DACIA,DUSTER,DUSTER,GAZOLE,1461,1417,0.143,0.062000000000000006,0.023,0.085,22783,0.143,1.5500000000000003,1.6930000000000003
B.M.W.,SERIE_X,X6,ELEC+GAZOLE_HR,2993,2185,0.141,0.018000000000000002,0.045,0.063,84025,0.141,0.45000000000000007,0.5910000000000001
NISSAN,QASHQAI,QASHQAI,ESS+ELEC_HNR,1332,1375,0.292,0.017,0.02,,39315,0.292,0.42500000000000004,0.7170000000000001
FORD,FIESTA,FIESTA,SUPERETHANOL,999,1114,0.393,0.037,0.011,,23090,0.393,0.9249999999999999,1.318
PEUGEOT,RIFTER,RIFTER,GAZOLE,1499,1538,0.053,0.003999999999999997,0.049,0.053,31575,0.053,0.09999999999999992,0.1529999999999999
PORSCHE,PANAMERA_4S_E_HYBRID,PANAMERA,ELEC+ESSENC_HR,2894,2230,0.234,0.021,0.017,,137456,0.234,0.525,0.759
B.M.W.,SERIE_4,420,ELEC+GAZOLE_HR,1995,1760,0.087,0.026,0.019,0.045,58783,0.087,0.65,0.737
B.M.W.,SERIE_4,420,ESSENCE,1998,1620,0.255,0.022,0.014,,53833,0.255,0.5499999999999999,0.8049999999999999
FIAT,500,500,ESS+ELEC_HNR,999,1010,0.3,0.028,0.022,,18701,0.3,0.7000000000000001,1.0
MERCEDES,CLASSE_S,S_580,ELEC+ESSENC_HR,2999,2345,0.221,0.012,0.005,,82525,0.221,0.3,0.521
PORSCHE,PANAMERA_4_E_HYBRID,PANAMERA,ELEC+ESSENC_HR,2894,2220,0.314,0.021,0.005,,125222,0.314,0.525,0.839
B.M.W.,SERIE_X,X2,GAZOLE,1995,1540,0.177,0.049,0.016,0.065,45667,0.177,1.225,1.4020000000000001
RENAULT,CLIO,CLIO,ESSENCE,1332,1115,0.247,0.01,0.012,,25075,0.247,0.25,0.497
MINI,MINI,CLUBMAN,GAZOLE,1496,1400,0.072,0.02,0.018,0.038,33325,0.072,0.5,0.572
B.M.W.,SERIE_5,530,ELEC+GAZOLE_HR,2993,1925,0.112,0.020999999999999998,0.052,0.073,72588,0.112,0.5249999999999999,0.6369999999999999
MINI,MINI,MINI,ESSENCE,1998,1225,0.188,0.016,0.009,,36800,0.188,0.4,0.5880000000000001
RENAULT,KANGOO,KANGOO,ESSENCE,1332,1475,0.28,0.011,0.012,,25900,0.28,0.27499999999999997,0.5549999999999999
KIA,XCEED,XCEED,ESSENCE,1482,1295,0.569,0.043,0.028,,31915,0.569,1.075,1.644
FORD,TRANSIT_CUSTOM,TRANSIT_CUSTOM,GAZOLE,1995,1964,0.117,0.014,0.049,0.065,33533,0.117,0.35000000000000003,0.467
B.M.W.,SERIE_X,X2,GAZOLE,1995,1605,0.071,0.036000000000000004,0.02,0.056,50717,0.071,0.9000000000000001,0.9710000000000001
FORD,TRANSIT_CUSTOM,TRANSIT_CUSTOM,ELEC+GAZOLE_HR,1995,2039,0.096,0.009,0.047,0.057,41784,0.096,0.22499999999999998,0.32099999999999995
B.M.W.,SERIE_X,X2,GAZOLE,1995,1605,0.071,0.036000000000000004,0.02,0.056,50717,0.071,0.9000000000000001,0.9710000000000001
VOLKSWAGEN,POLO,POLO,ESSENCE,999,1134,0.191,0.025,0.037,,26043,0.191,0.625,0.8160000000000001
SKODA,KAMIQ,KAMIQ,ESSENCE,999,1152,0.23,0.026,0.034,,24607,0.23,0.65,0.88
JAGUAR,E_PACE,E_PACE,ELEC+ESSENC_HR,1498,2127,0.266,0.018,0.019,,53800,0.266,0.44999999999999996,0.716
ALFA_ROMEO,STELVIO,STELVIO,ESSENCE,1995,1660,0.752,0.058,0.037,,58950,0.752,1.4500000000000002,2.202
B.M.W.,SERIE_5,518,ELEC+GAZOLE_HR,1995,1755,0.095,0.029,0.021,0.05,57613,0.095,0.7250000000000001,0.8200000000000001
TOYOTA,COROLLA,COROLLA,ESS+ELEC_HNR,1798,1345,0.101,0.015,0.002,,32308,0.101,0.375,0.476
MERCEDES,CLASSE_V,V_250,GAZOLE,1950,2092,0.116,0.015,0.022,0.037,74793,0.116,0.375,0.491
B.M.W.,SERIE_2,220,ESSENCE,1998,1430,0.156,0.017,0.011,,44133,0.156,0.42500000000000004,0.5810000000000001
LAND_ROVER,RANGE_ROVER_EVOQUE,RANGE_ROVER_EVOQUE,ELEC+GAZOLE_HR,1998,1917,0.121,0.016999999999999994,0.035,0.052,39750,0.121,0.4249999999999999,0.5459999999999998
MAZDA,MAZDA_CX_5,CX_5,GAZOLE,2191,1648,0.071,0.010999999999999996,0.062,0.073,43708,0.071,0.2749999999999999,0.3459999999999999
B.M.W.,SERIE_X,X4,ELEC+GAZOLE_HR,2993,2020,0.122,0.013999999999999999,0.038,0.052,79750,0.122,0.35,0.472
VOLVO,XC90,XC90,ELEC+ESSENC_HR,1969,2252,0.706,0.006,0.009,,87338,0.706,0.15,0.856
FORD,FIESTA,FIESTA,SUPERETHANOL,999,1114,0.393,0.037,0.011,,23090,0.393,0.9249999999999999,1.318
SKODA,OCTAVIA,OCTAVIA,ESSENCE,999,1238,0.19,0.025,0.042,,27183,0.19,0.625,0.815
RENAULT,KANGOO,KANGOO,ESSENCE,1332,1519,0.234,0.012,0.022,,31000,0.234,0.3,0.534
PORSCHE,PANAMERA_TURBO_S_E_HYBRID,PANAMERA,ELEC+ESSENC_HR,3996,2365,0.177,0.017,0.005,,201474,0.177,0.42500000000000004,0.6020000000000001
B.M.W.,SERIE_2,220,ESSENCE,1998,1430,0.156,0.017,0.011,,44133,0.156,0.42500000000000004,0.5810000000000001
PORSCHE,911_CARRERA_GTS,911,ESSENCE,2981,1545,0.166,0.011,0.011,,149486,0.166,0.27499999999999997,0.44099999999999995
FORD,TOURNEO,TOURNEO_CONNECT,GAZOLE,1499,1635,0.045,0.005,0.03,0.034,28093,0.045,0.125,0.16999999999999998
MERCEDES,CLASSE_C,C_220,ELEC+GAZOLE_HR,1993,1655,0.063,0.007,0.007,0.014,58383,0.063,0.17500000000000002,0.23800000000000002
FORD,PUMA,PUMA,ESSENCE,1496,1283,0.416,0.015,0.007,,36150,0.416,0.375,0.7909999999999999
HYUNDAI,TUCSON,TUCSON,ELEC+GAZOLE_HR,1598,1531,0.12,0.041999999999999996,0.035,0.077,41825,0.12,1.0499999999999998,1.17
RENAULT,SCENIC,SCENIC,ESSENCE,1332,1450,0.261,0.011,0.018,,35900,0.261,0.27499999999999997,0.536
DS,DS_3_CROSSBACK,3_CROSSBACK,ESSENCE,1199,1170,0.63,0.023,0.031,,29550,0.63,0.575,1.205
MERCEDES,CLASSE_C,C_300,ELEC+ESSENC_HR,1999,2005,0.174,0.008,0.013,,60183,0.174,0.2,0.374
B.M.W.,SERIE_4,420,ELEC+GAZOLE_HR,1995,1705,0.112,0.027999999999999997,0.017,0.045,56383,0.112,0.7,0.8119999999999999
MERCEDES,CLASSE_E,E_300,ELEC+ESSENC_HR,1991,1915,0.155,0.017,0.009,,74875,0.155,0.42500000000000004,0.5800000000000001
HYUNDAI,SANTA_FE,SANTA_FE,ESS+ELEC_HNR,1598,1780,0.125,0.013,0.01,,49683,0.125,0.325,0.45
VOLKSWAGEN,CADDY,CADDY,ESSENCE,1498,1467,0.245,0.029,0.031,,29190,0.245,0.7250000000000001,0.9700000000000001
OPEL,GRANDLAND,GRANDLAND,ESSENCE,1199,1386,0.435,0.024,0.03,,39700,0.435,0.6,1.035
PEUGEOT,RIFTER,RIFTER,GAZOLE,1499,1430,0.053,0.003999999999999997,0.049,0.053,30575,0.053,0.09999999999999992,0.1529999999999999
DACIA,SANDERO,SANDERO,ESSENCE,999,1036,0.308,0.031,0.027,,13100,0.308,0.775,1.083
SKODA,KAROQ,KAROQ,ESSENCE,1498,1324,0.211,0.028,0.023,,33965,0.211,0.7000000000000001,0.911
B.M.W.,SERIE_X,X3,ELEC+GAZOLE_HR,2993,1935,0.131,0.017,0.043,0.06,65800,0.131,0.42500000000000004,0.556
HYUNDAI,KONA,KONA,ESS+ELEC_HNR,1580,1376,0.094,0.014,0.003,,29780,0.094,0.35000000000000003,0.44400000000000006
B.M.W.,SERIE_X,X2,ESSENCE,1998,1615,0.12,0.009,0.019,,58700,0.12,0.22499999999999998,0.345
SKODA,OCTAVIA,OCTAVIA,GAZOLE,1968,1359,0.026,0.009000000000000001,0.043,0.052,31595,0.026,0.22500000000000003,0.25100000000000006
B.M.W.,SERIE_Z,Z4,ESSENCE,1998,1430,0.213,0.015,0.014,,53900,0.213,0.375,0.588
RENAULT,CAPTUR,CAPTUR,ESS+ELEC_HNR,1598,1361,0.345,0.017,0.006,,31408,0.345,0.42500000000000004,0.77
RENAULT,KADJAR,KADJAR,ESSENCE,1332,1320,0.162,0.015,0.013,,33500,0.162,0.375,0.537
B.M.W.,SERIE_3,330,ELEC+GAZOLE_HR,2993,1825,0.121,0.012999999999999998,0.042,0.055,62725,0.121,0.32499999999999996,0.44599999999999995
B.M.W.,SERIE_2,220,GAZOLE,1995,1565,0.071,0.037000000000000005,0.021,0.058,49633,0.071,0.9250000000000002,0.9960000000000001
CITROEN,C3_AIRCROSS,C3_AIRCROSS,GAZOLE,1499,1260,0.055,0.002999999999999999,0.025,0.028,29340,0.055,0.07499999999999998,0.12999999999999998
B.M.W.,SERIE_1,118,ESSENCE,1499,1320,0.273,0.023,0.015,,37510,0.273,0.575,0.848
PEUGEOT,308,308,ESSENCE,1199,1254,0.27,0.027,0.046,,26400,0.27,0.675,0.9450000000000001
B.M.W.,SERIE_X,X5,ELEC+GAZOLE_HR,2993,2190,0.145,0.018000000000000002,0.045,0.063,79017,0.145,0.45000000000000007,0.5950000000000001
B.M.W.,SERIE_4,440,ELEC+GAZOLE_HR,2993,1830,0.113,0.015,0.032,0.047,71750,0.113,0.375,0.488
B.M.W.,SERIE_4,420,ELEC+GAZOLE_HR,1995,1760,0.087,0.026,0.019,0.045,58783,0.087,0.65,0.737
SKODA,KAROQ,KAROQ,ESSENCE,1498,1328,0.132,0.023,0.025,,36445,0.132,0.575,0.707
B.M.W.,SERIE_X,X1,ESSENCE,1499,1500,0.075,0.009,0.008,,42463,0.075,0.22499999999999998,0.3
SKODA,KAROQ,KAROQ,ESSENCE,999,1284,0.216,0.022,0.035,,30490,0.216,0.5499999999999999,0.7659999999999999
B.M.W.,SERIE_1,118,ESSENCE,1499,1290,0.291,0.024,0.018,,35210,0.291,0.6,0.891
NISSAN,QASHQAI,QASHQAI,ESS+ELEC_HNR,1332,1375,0.292,0.017,0.02,,39315,0.292,0.42500000000000004,0.7170000000000001
OPEL,CORSA,CORSA,ESSENCE,1199,1090,0.509,0.022,0.014,,21900,0.509,0.5499999999999999,1.059
VOLKSWAGEN,CADDY,CADDY,GAZOLE,1968,1568,0.023,0.020999999999999998,0.038,0.059,39443,0.023,0.5249999999999999,0.5479999999999999
MINI,MINI,COUNTRYMAN,ESSENCE,1499,1390,0.136,0.016,0.008,,32880,0.136,0.4,0.536
B.M.W.,SERIE_X,X5,ELEC+GAZOLE_HR,2993,2200,0.096,0.012999999999999998,0.025,0.038,84217,0.096,0.32499999999999996,0.42099999999999993
B.M.W.,SERIE_1,118,ESSENCE,1499,1320,0.273,0.023,0.015,,37510,0.273,0.575,0.848
RENAULT,CAPTUR,CAPTUR,ESS+G.P.L.,999,1257,0.266,0.038,0.027,,25250,0.266,0.95,1.216
RENAULT,CAPTUR,CAPTUR,ESS+G.P.L.,999,1257,0.239,0.045,0.029,,25250,0.239,1.125,1.3639999999999999
MINI,MINI,CLUBMAN,ESSENCE,1499,1360,0.227,0.023,0.014,,38000,0.227,0.575,0.8019999999999999
MINI,MINI,COUNTRYMAN,GAZOLE,1995,1600,0.07,0.036000000000000004,0.019,0.055,48633,0.07,0.9000000000000001,0.9700000000000002
MERCEDES,CLASSE_V,V_300,GAZOLE,1950,2092,0.116,0.015,0.022,0.037,91580,0.116,0.375,0.491
MERCEDES,CLASSE_GLE,GLE_350,ELEC+GAZOLE_HR,1950,2615,0.031,0.0040000000000000036,0.046,0.05,106650,0.031,0.10000000000000009,0.1310000000000001
LAND_ROVER,DISCOVERY_SPORT,DISCOVERY_SPORT,ELEC+GAZOLE_HR,1998,1951,0.121,0.016999999999999994,0.035,0.052,60241,0.121,0.4249999999999999,0.5459999999999998
B.M.W.,SERIE_1,118,ESSENCE,1499,1320,0.273,0.023,0.015,,37510,0.273,0.575,0.848
VOLKSWAGEN,TIGUAN,TIGUAN,GAZOLE,1968,1748,0.019,0.008999999999999994,0.034,0.043,57980,0.019,0.22499999999999987,0.24399999999999986
RENAULT,KADJAR,KADJAR,ESSENCE,1332,1372,0.207,0.016,0.022,,36200,0.207,0.4,0.607
PEUGEOT,5008,5008,GAZOLE,1997,1607,0.101,0.011000000000000003,0.03,0.041,47840,0.101,0.2750000000000001,0.3760000000000001
B.M.W.,SERIE_1,120,GAZOLE,1995,1515,0.071,0.037000000000000005,0.021,0.058,46988,0.071,0.9250000000000002,0.9960000000000001
VOLKSWAGEN,TOURAN,TOURAN,ESSENCE,1498,1455,0.144,0.015,0.01,,41295,0.144,0.375,0.519
PORSCHE,MACAN_GTS,MACAN,ESSENCE,2894,1960,0.38,0.014,0.015,,93699,0.38,0.35000000000000003,0.73
PEUGEOT,308,308,ESSENCE,1199,1345,0.302,0.022,0.041,,34280,0.302,0.5499999999999999,0.8519999999999999
MINI,MINI,MINI,ESSENCE,1499,1155,0.094,0.011,0.006,,24950,0.094,0.27499999999999997,0.369
RENAULT,TRAFIC,TRAFIC,GAZOLE,1997,2035,0.04,0.006999999999999999,0.038,0.045,42550,0.04,0.175,0.215
CITROEN,C3,C3,ESSENCE,1199,1090,0.353,0.025,0.024,,22600,0.353,0.625,0.978
ALFA_ROMEO,GIULIA,GIULIA,GAZOLE,2143,1465,0.048,0.0029999999999999957,0.041,0.044,50883,0.048,0.0749999999999999,0.1229999999999999
LEXUS,NX300H,NX,ESS+ELEC_HNR,2494,1720,0.125,0.01,0.006,,51490,0.125,0.25,0.375
MERCEDES,CLASSE_GLE,GLE_350,ELEC+GAZOLE_HR,1950,2580,0.031,0.0049999999999999975,0.038,0.043,95650,0.031,0.12499999999999994,0.15599999999999994
SKODA,SCALA,SCALA,ESSENCE,999,1121,0.206,0.025,0.037,,23495,0.206,0.625,0.831
RENAULT,KANGOO,KANGOO,GAZOLE,1461,1586,0.164,0.045,0.035,0.078,28050,0.164,1.125,1.289
PEUGEOT,508,508,ELEC+ESSENC_HR,1598,1745,0.599,0.018,0.017,,49833,0.599,0.44999999999999996,1.049
FIAT,500,500,ESSENCE,1368,1065,0.791,0.054,0.02,,23990,0.791,1.35,2.141
OPEL,CORSA,CORSA,ESSENCE,1199,980,0.475,0.034,0.012,,19800,0.475,0.8500000000000001,1.3250000000000002
B.M.W.,SERIE_1,120,ESSENCE,1998,1390,0.156,0.017,0.011,,40910,0.156,0.42500000000000004,0.5810000000000001
FORD,PUMA,PUMA,SUPERETHANOL,999,1205,0.424,0.04,0.017,,29170,0.424,1.0,1.424
B.M.W.,SERIE_X,X5,ELEC+ESSENC_HR,2998,2435,0.148,0.016,0.009,,91300,0.148,0.4,0.548
RENAULT,CLIO,CLIO,ESSENCE,999,1082,0.216,0.03,0.025,,20633,0.216,0.75,0.966
MINI,MINI,MINI,ESSENCE,1499,1200,0.288,0.018,0.012,,29757,0.288,0.44999999999999996,0.738
MERCEDES,CLASSE_E,E_200,GAZOLE,1950,1795,0.021,0.006000000000000002,0.029,0.035,70950,0.021,0.15000000000000005,0.17100000000000004
VOLKSWAGEN,ARTEON,ARTEON,GAZOLE,1968,1584,0.024,0.008,0.032,0.04,56970,0.024,0.2,0.224
VOLKSWAGEN,CADDY,CADDY,ESSENCE,1498,1552,0.245,0.029,0.031,,32890,0.245,0.7250000000000001,0.9700000000000001
CUPRA,FORMENTOR,FORMENTOR,GAZOLE,1968,1552,0.025,0.005,0.029,0.032,44453,0.025,0.125,0.15
RENAULT,KANGOO,KANGOO,ESSENCE,1332,1487,0.28,0.011,0.012,,25900,0.28,0.27499999999999997,0.5549999999999999
SKODA,KAMIQ,KAMIQ,ESSENCE,999,1165,0.167,0.02,0.037,,28070,0.167,0.5,0.667
SEAT,ATECA,ATECA,GAZOLE,1968,1422,0.033,0.009,0.032,0.04,37276,0.033,0.22499999999999998,0.258
DACIA,SANDERO,SANDERO,ESSENCE,999,1077,0.266,0.035,0.021,,14600,0.266,0.8750000000000001,1.141
SKODA,KAROQ,KAROQ,ESSENCE,1498,1342,0.124,0.013,0.008,,37898,0.124,0.325,0.449
MINI,MINI,CLUBMAN,ESSENCE,1499,1360,0.227,0.023,0.014,,38000,0.227,0.575,0.8019999999999999
RENAULT,SCENIC,SCENIC,ESSENCE,1332,1528,0.261,0.011,0.018,,38700,0.261,0.27499999999999997,0.536
OPEL,ASTRA,ASTRA,ESSENCE,1199,1296,0.302,0.022,0.041,,32917,0.302,0.5499999999999999,0.8519999999999999
MINI,MINI,CLUBMAN,GAZOLE,1995,1485,0.168,0.047,0.015,0.062,40633,0.168,1.175,1.343
PEUGEOT,208,208,ESSENCE,1199,1090,0.314,0.025,0.031,,25136,0.314,0.625,0.9390000000000001
MERCEDES,CLASSE_GLC,GLC_300,ELEC+ESSENC_HR,1991,1965,0.208,0.013,0.008,,75925,0.208,0.325,0.533
RENAULT,TRAFIC,TRAFIC,GAZOLE,1997,2033,0.04,0.006999999999999999,0.038,0.045,42550,0.04,0.175,0.215
MERCEDES,CLASSE_C,C_220,ELEC+GAZOLE_HR,1993,1705,0.055,0.008,0.006,0.014,60783,0.055,0.2,0.255
MERCEDES,CLASSE_E,E_400,GAZOLE,2925,1890,0.033,0.015999999999999993,0.035,0.051,83000,0.033,0.39999999999999986,0.43299999999999983
B.M.W.,SERIE_4,420,ELEC+GAZOLE_HR,1995,1775,0.089,0.022000000000000002,0.018,0.04,62650,0.089,0.55,0.639
B.M.W.,SERIE_1,118,ESSENCE,1499,1290,0.291,0.024,0.018,,35210,0.291,0.6,0.891
FIAT,TIPO,TIPO,ESSENCE,999,1240,0.749,0.034,0.019,,21690,0.749,0.8500000000000001,1.5990000000000002
B.M.W.,SERIE_X,X2,GAZOLE,1995,1540,0.177,0.049,0.016,0.065,45667,0.177,1.225,1.4020000000000001
SKODA,KODIAQ,KODIAQ,GAZOLE,1968,1707,0.026,0.009000000000000001,0.03,0.039,33820,0.026,0.22500000000000003,0.25100000000000006
MINI,MINI,COUNTRYMAN,GAZOLE,1995,1510,0.177,0.045,0.015,0.06,42567,0.177,1.125,1.302
B.M.W.,SERIE_1,118,ESSENCE,1499,1320,0.273,0.023,0.015,,37510,0.273,0.575,0.848
MERCEDES,CLASSE_S,S_400,GAZOLE,2925,1985,0.036,0.023,0.034,0.057,121725,0.036,0.575,0.611
RENAULT,MEGANE,MEGANE,GAZOLE,1461,1320,0.171,0.061,0.021,0.082,32275,0.171,1.525,1.696
B.M.W.,SERIE_X,X3,ELEC+ESSENC_HR,1998,1990,0.642,0.017,0.012,,64950,0.642,0.42500000000000004,1.0670000000000002
B.M.W.,SERIE_1,116,ESSENCE,1499,1320,0.179,0.019,0.011,,33960,0.179,0.475,0.6539999999999999
VOLVO,XC90,XC90,ELEC+ESSENC_HR,1969,2252,0.706,0.006,0.009,,87338,0.706,0.15,0.856
TOYOTA,AYGO_X,AYGO_X,ESSENCE,998,950,0.246,0.022,0.017,,19433,0.246,0.5499999999999999,0.7959999999999999
RENAULT,TRAFIC,TRAFIC,GAZOLE,1997,1981,0.04,0.006999999999999999,0.038,0.045,42550,0.04,0.175,0.215
MERCEDES,CLASSE_C,C_220,ELEC+GAZOLE_HR,1993,1765,0.055,0.008,0.006,0.014,62283,0.055,0.2,0.255
VOLKSWAGEN,KOMBI,KOMBI,GAZOLE,1968,1919,0.015,0.013999999999999999,0.033,0.047,60740,0.015,0.35,0.365
B.M.W.,SERIE_1,120,GAZOLE,1995,1515,0.071,0.037000000000000005,0.021,0.058,46988,0.071,0.9250000000000002,0.9960000000000001
B.M.W.,SERIE_5,520,ELEC+GAZOLE_HR,1995,1840,0.1,0.029,0.019,0.048,63713,0.1,0.7250000000000001,0.8250000000000001
MERCEDES,CLASSE_GLC,GLC_43_AMG,ESSENCE,2996,1805,0.216,0.03,0.033,,80100,0.216,0.75,0.966
VOLKSWAGEN,TIGUAN,TIGUAN,GAZOLE,1968,1556,0.026,0.009000000000000001,0.03,0.039,48739,0.026,0.22500000000000003,0.25100000000000006
KIA,RIO,RIO,ESSENCE,1197,1045,0.327,0.038,0.014,,17473,0.327,0.95,1.277
RENAULT,ARKANA,ARKANA,ESS+ELEC_HNR,1332,1347,0.263,0.012,0.02,,36125,0.263,0.3,0.563
KIA,PICANTO,PICANTO,ESSENCE,998,903,0.324,0.025,0.012,,14810,0.324,0.625,0.9490000000000001
RENAULT,CLIO,CLIO,ESSENCE,999,1088,0.216,0.03,0.025,,21183,0.216,0.75,0.966
SUZUKI,SWIFT,SWIFT,ESS+ELEC_HNR,1197,925,0.249,0.045,0.008,,19770,0.249,1.125,1.374
MERCEDES,CLASSE_GLC,GLC_220,GAZOLE,1950,1770,0.036,0.008,0.034,0.042,69575,0.036,0.2,0.23600000000000002
MAZDA,MAZDA_3,3,ESS+ELEC_HNR,1998,1305,0.409,0.051,0.02,,29400,0.409,1.275,1.684
RENAULT,KANGOO,KANGOO,ESSENCE,1332,1519,0.234,0.012,0.022,,31000,0.234,0.3,0.534
KIA,SORENTO,SORENTO,ELEC+ESSENC_HR,1598,1940,0.181,0.011,0.005,,59168,0.181,0.27499999999999997,0.45599999999999996
VOLKSWAGEN,POLO,POLO,ESSENCE,999,1134,0.191,0.025,0.037,,26043,0.191,0.625,0.8160000000000001
B.M.W.,SERIE_4,420,ELEC+GAZOLE_HR,1995,1705,0.112,0.027999999999999997,0.017,0.045,56383,0.112,0.7,0.8119999999999999
OPEL,INSIGNIA_GRAND_SPORT,INSIGNIA,GAZOLE,1995,1540,0.049,0.013,0.014,0.027,44313,0.049,0.325,0.374
VOLKSWAGEN,CADDY,CADDY,ESSENCE,1498,1552,0.245,0.029,0.031,,32330,0.245,0.7250000000000001,0.9700000000000001
LAND_ROVER,DISCOVERY_SPORT,DISCOVERY_SPORT,ELEC+GAZOLE_HR,1998,2019,0.121,0.016999999999999994,0.035,0.052,60241,0.121,0.4249999999999999,0.5459999999999998
MERCEDES,CLASSE_GLC,GLC_300,ELEC+GAZOLE_HR,1950,2060,0.034,0.004,0.028,0.032,77775,0.034,0.1,0.134
LAND_ROVER,DEFENDER,DEFENDER,ELEC+ESSENC_HR,1997,2618,0.214,0.018,0.025,,98133,0.214,0.44999999999999996,0.6639999999999999
FIAT,500C,500,ESS+ELEC_HNR,999,1011,0.3,0.028,0.022,,19150,0.3,0.7000000000000001,1.0
FORD,TOURNEO,TOURNEO_CONNECT,GAZOLE,1499,1589,0.045,0.005,0.03,0.034,28093,0.045,0.125,0.16999999999999998
NISSAN,QASHQAI,QASHQAI,ESS+ELEC_HNR,1332,1375,0.292,0.017,0.02,,39315,0.292,0.42500000000000004,0.7170000000000001
B.M.W.,SERIE_X,X6,ESSENCE,4395,2240,0.213,0.016,0.012,,101800,0.213,0.4,0.613
TOYOTA,AYGO,AYGO,ESSENCE,998,860,0.246,0.026,0.018,,16515,0.246,0.65,0.896
B.M.W.,SERIE_X,X2,ESSENCE,1499,1430,0.312,0.031,0.016,,42517,0.312,0.775,1.087
VOLKSWAGEN,TIGUAN,TIGUAN,ESSENCE,1498,1461,0.234,0.024,0.024,,45809,0.234,0.6,0.834
JAGUAR,XF,XF,ELEC+GAZOLE_HR,1998,1833,0.082,0.017,0.023,0.04,69820,0.082,0.42500000000000004,0.507
B.M.W.,SERIE_4,420,ESSENCE,1998,1525,0.355,0.027,0.014,,53100,0.355,0.675,1.03
VOLKSWAGEN,T_ROC,T_ROC,ESSENCE,1498,1270,0.115,0.013,0.018,,34790,0.115,0.325,0.44
B.M.W.,SERIE_4,420,ELEC+GAZOLE_HR,1995,1705,0.112,0.027999999999999997,0.017,0.045,56383,0.112,0.7,0.8119999999999999
B.M.W.,SERIE_2,220,GAZOLE,1995,1505,0.19,0.053000000000000005,0.016,0.069,47413,0.19,1.3250000000000002,1.5150000000000001
TOYOTA,CAMRY,CAMRY,ESS+ELEC_HNR,2487,1595,0.182,0.014,0.002,,45365,0.182,0.35000000000000003,0.532
KIA,PICANTO,PICANTO,ESSENCE,1197,909,0.24,0.029,0.021,,18073,0.24,0.7250000000000001,0.9650000000000001
MAZDA,MAZDA_3,3,ESS+ELEC_HNR,1998,1376,0.127,0.011,0.029,,35050,0.127,0.27499999999999997,0.40199999999999997
B.M.W.,SERIE_2,220,ESSENCE,1998,1430,0.156,0.017,0.011,,44133,0.156,0.42500000000000004,0.5810000000000001
CUPRA,FORMENTOR,FORMENTOR,ESSENCE,1498,1383,0.381,0.031,0.014,,38453,0.381,0.775,1.1560000000000001
B.M.W.,SERIE_5,520,ELEC+GAZOLE_HR,1995,1675,0.116,0.024999999999999998,0.018,0.043,58463,0.116,0.625,0.741
LAND_ROVER,RANGE_ROVER,RANGE_ROVER,ELEC+ESSENC_HR,2996,2695,0.482,0.03,0.032,,178075,0.482,0.75,1.232
FIAT,TIPO,TIPO,ESSENCE,999,1270,0.749,0.034,0.019,,21690,0.749,0.8500000000000001,1.5990000000000002
PEUGEOT,208,208,ESSENCE,1199,1090,0.509,0.022,0.014,,24256,0.509,0.5499999999999999,1.059
ALFA_ROMEO,GIULIA,GIULIA,GAZOLE,2143,1465,0.048,0.0029999999999999957,0.041,0.044,50883,0.048,0.0749999999999999,0.1229999999999999
SKODA,KODIAQ,KODIAQ,GAZOLE,1968,1734,0.021,0.010000000000000002,0.03,0.04,53727,0.021,0.25000000000000006,0.2710000000000001
OPEL,CORSA,CORSA,ESSENCE,1199,980,0.475,0.034,0.012,,19800,0.475,0.8500000000000001,1.3250000000000002
B.M.W.,SERIE_4,420,ELEC+GAZOLE_HR,1995,1670,0.087,0.027999999999999997,0.017,0.045,58050,0.087,0.7,0.7869999999999999
MERCEDES,CLASSE_S,S_400,GAZOLE,2925,1985,0.036,0.023,0.034,0.057,121725,0.036,0.575,0.611
MERCEDES,CLASSE_E,E_400,GAZOLE,2925,1845,0.033,0.015999999999999993,0.035,0.051,77425,0.033,0.39999999999999986,0.43299999999999983
MERCEDES,VITO_TOURER,VITO,GAZOLE,1950,1982,0.116,0.015,0.022,0.037,47096,0.116,0.375,0.491
FORD,PUMA,PUMA,ESSENCE,1496,1283,0.659,0.02,0.005,,36400,0.659,0.5,1.159
RENAULT,KOLEOS,KOLEOS,GAZOLE,1997,1773,0.08,0.024000000000000007,0.043,0.067,52300,0.08,0.6000000000000002,0.6800000000000002
MERCEDES,CLASSE_GLC,GLC_400,GAZOLE,2925,1860,0.087,0.023,0.03,0.053,80650,0.087,0.575,0.6619999999999999
MERCEDES,CLASSE_A,A_250,ELEC+ESSENC_HR,1332,1620,0.078,0.016,0.013,,42833,0.078,0.4,0.47800000000000004
SEAT,ATECA,ATECA,ESSENCE,1498,1338,0.115,0.013,0.018,,33748,0.115,0.325,0.44
SKODA,KAMIQ,KAMIQ,ESSENCE,1498,1226,0.159,0.027,0.022,,31270,0.159,0.675,0.8340000000000001
VOLKSWAGEN,TIGUAN,TIGUAN,GAZOLE,1968,1679,0.026,0.009000000000000001,0.03,0.039,52000,0.026,0.22500000000000003,0.25100000000000006
B.M.W.,SERIE_X,X5,ELEC+GAZOLE_HR,2993,2190,0.141,0.018000000000000002,0.045,0.063,79017,0.141,0.45000000000000007,0.5910000000000001
MERCEDES,CLASSE_GLC,GLC_300,ELEC+ESSENC_HR,1991,1965,0.208,0.013,0.008,,75925,0.208,0.325,0.533
MERCEDES,CLASSE_GLC,GLC_300,GAZOLE,1950,1800,0.104,0.011000000000000003,0.031,0.042,72750,0.104,0.2750000000000001,0.37900000000000006
FORD,KUGA,KUGA,ESS+ELEC_HNR,2488,1626,0.205,0.011,0.01,,43590,0.205,0.27499999999999997,0.48
FIAT,PANDA,PANDA,ESS+ELEC_HNR,999,980,0.281,0.031,0.048,,12665,0.281,0.775,1.056
B.M.W.,SERIE_X,X5,ELEC+GAZOLE_HR,2993,2190,0.141,0.018000000000000002,0.045,0.063,79017,0.141,0.45000000000000007,0.5910000000000001
VOLKSWAGEN,ARTEON,ARTEON,GAZOLE,1968,1571,0.024,0.008,0.032,0.04,56270,0.024,0.2,0.224
SKODA,KAROQ,KAROQ,ESSENCE,1498,1342,0.172,0.022,0.025,,37898,0.172,0.5499999999999999,0.722
RENAULT,TRAFIC,TRAFIC,GAZOLE,1997,1963,0.04,0.006999999999999999,0.038,0.045,42550,0.04,0.175,0.215
MERCEDES,CLASSE_C,C_220,ELEC+GAZOLE_HR,1993,1765,0.055,0.008,0.006,0.014,62283,0.055,0.2,0.255
SEAT,ATECA,ATECA,GAZOLE,1968,1422,0.033,0.009,0.032,0.04,37276,0.033,0.22499999999999998,0.258
B.M.W.,SERIE_X,X1,ESS+ELEC_HNR,1998,1655,0.206,0.016,0.01,,46050,0.206,0.4,0.606
RENAULT,ARKANA_E_TECH,ARKANA,ESS+ELEC_HNR,1598,1435,0.383,0.02,0.003,,35656,0.383,0.5,0.883
KIA,SORENTO,SORENTO,ESS+ELEC_HNR,1598,1783,0.118,0.012,0.008,,53103,0.118,0.3,0.418
B.M.W.,SERIE_1,116,ESSENCE,1499,1320,0.179,0.019,0.011,,33960,0.179,0.475,0.6539999999999999
DS,DS_7_CROSSBACK,7_CROSSBACK,ESSENCE,1598,1428,0.59,0.023,0.031,,49207,0.59,0.575,1.165
ALFA_ROMEO,GIULIA,GIULIA,GAZOLE,2143,1465,0.048,0.0029999999999999957,0.041,0.044,50883,0.048,0.0749999999999999,0.1229999999999999
RENAULT,MEGANE,MEGANE,GAZOLE,1461,1432,0.029,0.006000000000000002,0.011,0.017,34775,0.029,0.15000000000000005,0.17900000000000005
PEUGEOT,308,308,ESSENCE,1199,1254,0.27,0.027,0.046,,26400,0.27,0.675,0.9450000000000001
B.M.W.,SERIE_X,X1,ELEC+GAZOLE_HR,1995,1690,0.037,0.005999999999999998,0.03,0.036,49617,0.037,0.14999999999999997,0.18699999999999997
JEEP,COMPASS,COMPASS,ESSENCE,1332,1430,0.114,0.016,0.009,,37560,0.114,0.4,0.514
B.M.W.,SERIE_X,X3,ELEC+GAZOLE_HR,1995,1840,0.165,0.044000000000000004,0.025,0.069,59100,0.165,1.1,1.2650000000000001
FORD,FIESTA,FIESTA,ESSENCE,1084,1084,0.775,0.027,0.01,,20290,0.775,0.675,1.4500000000000002
VOLVO,XC90,XC90,ELEC+ESSENC_HR,1969,2222,0.258,0.007,0.005,,99353,0.258,0.17500000000000002,0.43300000000000005
FORD,TOURNEO_CONNECT,TOURNEO_CONNECT,GAZOLE,1968,1535,0.025,0.019000000000000003,0.047,0.066,32627,0.025,0.4750000000000001,0.5000000000000001
MINI,MINI,CLUBMAN,ESSENCE,1998,1415,0.187,0.02,0.009,,41400,0.187,0.5,0.687
MERCEDES,CLASSE_C,C_220,ELEC+GAZOLE_HR,1993,1655,0.063,0.007,0.007,0.014,58383,0.063,0.17500000000000002,0.23800000000000002
B.M.W.,SERIE_4,440,ESS+ELEC_HNR,2998,1825,0.099,0.016,0.01,,71000,0.099,0.4,0.499
B.M.W.,SERIE_4,420,ESSENCE,1998,1525,0.355,0.027,0.014,,53100,0.355,0.675,1.03
B.M.W.,SERIE_4,420,ELEC+GAZOLE_HR,1995,1705,0.112,0.027999999999999997,0.017,0.045,56383,0.112,0.7,0.8119999999999999
B.M.W.,SERIE_4,420,ESSENCE,1998,1620,0.255,0.022,0.014,,53833,0.255,0.5499999999999999,0.8049999999999999
JEEP,COMPASS,COMPASS,ESSENCE,1332,1430,0.114,0.016,0.009,,37560,0.114,0.4,0.514
NISSAN,JUKE,JUKE,ESSENCE,999,1211,0.236,0.018,0.023,,28890,0.236,0.44999999999999996,0.6859999999999999
FIAT,500_ABARTH,500,ESSENCE,1368,1075,0.576,0.024,0.018,,24523,0.576,0.6,1.176
MINI,MINI,CLUBMAN,ESSENCE,1499,1360,0.227,0.023,0.014,,38000,0.227,0.575,0.8019999999999999
FIAT,500X,500X,ESSENCE,1332,1320,0.291,0.033,0.012,,31413,0.291,0.8250000000000001,1.116
B.M.W.,SERIE_5,520,ELEC+GAZOLE_HR,1995,1780,0.096,0.026,0.02,0.046,61063,0.096,0.65,0.746
MINI,MINI,MINI,ESSENCE,1499,1155,0.094,0.011,0.006,,24950,0.094,0.27499999999999997,0.369
SEAT,ATECA,ATECA,GAZOLE,1968,1456,0.036,0.012,0.027,0.037,40423,0.036,0.3,0.33599999999999997
MERCEDES,CLASSE_A,A_180,ESSENCE,1332,1290,0.101,0.027,0.031,,37475,0.101,0.675,0.776
VOLVO,XC60,XC60,ELEC+GAZOLE_HR,1969,1892,0.241,0.026000000000000002,0.042,0.068,76530,0.241,0.65,0.891
MINI,MINI,CLUBMAN,GAZOLE,1496,1405,0.029,0.015,0.015,0.03,35525,0.029,0.375,0.404
B.M.W.,SERIE_2,240,ESSENCE,2998,1690,0.143,0.022,0.009,,61550,0.143,0.5499999999999999,0.693
MINI,MINI,COUNTRYMAN,GAZOLE,1995,1475,0.161,0.044,0.016,0.06,39238,0.161,1.0999999999999999,1.261
MERCEDES,CLASSE_C,C_220,ELEC+GAZOLE_HR,1993,1655,0.063,0.007,0.007,0.014,58383,0.063,0.17500000000000002,0.23800000000000002
B.M.W.,SERIE_X,X6,ELEC+GAZOLE_HR,2993,2185,0.141,0.018000000000000002,0.045,0.063,84025,0.141,0.45000000000000007,0.5910000000000001
MERCEDES,CLASSE_V,V_220,GAZOLE,1950,2092,0.019,0.006999999999999999,0.019,0.026,67675,0.019,0.175,0.19399999999999998
B.M.W.,SERIE_X,X2,ESSENCE,1499,1430,0.312,0.031,0.016,,42517,0.312,0.775,1.087
FORD,TOURNEO_CUSTOM,TOURNEO_CUSTOM,GAZOLE,1995,2228,0.117,0.014,0.049,0.065,45097,0.117,0.35000000000000003,0.467
DACIA,DUSTER,DUSTER,ESS+G.P.L.,999,1292,0.82,0.047,0.015,,18668,0.82,1.175,1.995
DACIA,DUSTER,DUSTER,ESS+G.P.L.,999,1292,0.295,0.024,0.039,,18668,0.295,0.6,0.895
B.M.W.,SERIE_4,440,ELEC+GAZOLE_HR,2993,1980,0.114,0.013999999999999999,0.033,0.047,78250,0.114,0.35,0.46399999999999997
PORSCHE,CAYENNE_E_HYBRID,CAYENNE,ELEC+ESSENC_HR,2995,2360,0.389,0.021,0.021,,105929,0.389,0.525,0.914
B.M.W.,SERIE_2,220,ESSENCE,1998,1490,0.226,0.024,0.013,,45650,0.226,0.6,0.826
B.M.W.,SERIE_X,X5,ELEC+GAZOLE_HR,2993,2190,0.141,0.018000000000000002,0.045,0.063,79017,0.141,0.45000000000000007,0.5910000000000001
SKODA,KODIAQ,KODIAQ,ESSENCE,1984,1751,0.331,0.018,0.01,,54840,0.331,0.44999999999999996,0.7809999999999999
ALFA_ROMEO,STELVIO,STELVIO,GAZOLE,2143,1680,0.044,0.0049999999999999975,0.035,0.04,52783,0.044,0.12499999999999994,0.16899999999999993
B.M.W.,SERIE_4,420,ESSENCE,1998,1620,0.255,0.022,0.014,,53833,0.255,0.5499999999999999,0.8049999999999999
PORSCHE,911_CARRERA_GTS,911,ESSENCE,2981,1615,0.166,0.011,0.011,,163886,0.166,0.27499999999999997,0.44099999999999995
MERCEDES,CLASSE_C,C_220,ELEC+GAZOLE_HR,1993,1800,0.056,0.005999999999999999,0.007,0.013,62283,0.056,0.15,0.206
OPEL,INSIGNIA_GRAND_SPORT,INSIGNIA,GAZOLE,1496,1524,0.051,0.016999999999999998,0.02,0.037,39008,0.051,0.42499999999999993,0.4759999999999999
VOLKSWAGEN,TIGUAN,TIGUAN,ESSENCE,1498,1461,0.234,0.024,0.024,,43962,0.234,0.6,0.834
MERCEDES,CLASSE_S,S_400,GAZOLE,2925,2005,0.037,0.022,0.032,0.054,126725,0.037,0.5499999999999999,0.587
VOLVO,XC40,XC40,ESS+ELEC_HNR,1969,1613,0.248,0.015,0.014,,45763,0.248,0.375,0.623
B.M.W.,SERIE_1,135,ESSENCE,1998,1525,0.136,0.009,0.015,,56150,0.136,0.22499999999999998,0.361
B.M.W.,SERIE_5,530,ELEC+ESSENC_HR,1998,1900,0.352,0.012,0.011,,68188,0.352,0.3,0.6519999999999999
B.M.W.,SERIE_X,X5,ELEC+GAZOLE_HR,2993,2190,0.141,0.018000000000000002,0.045,0.063,79017,0.141,0.45000000000000007,0.5910000000000001
RENAULT,CAPTUR,CAPTUR,ESS+ELEC_HNR,1332,1245,0.202,0.012,0.021,,28967,0.202,0.3,0.502
B.M.W.,SERIE_1,118,GAZOLE,1995,1430,0.171,0.049,0.013,0.062,40410,0.171,1.225,1.3960000000000001
JEEP,RENEGADE,RENEGADE,ESS+ELEC_HNR,1469,1420,0.381,0.063,0.018,,33438,0.381,1.575,1.956
B.M.W.,SERIE_2,218,GAZOLE,1995,1545,0.043,0.005999999999999998,0.025,0.031,38888,0.043,0.14999999999999997,0.19299999999999995
HYUNDAI,TUCSON,TUCSON,ESS+ELEC_HNR,1598,1463,0.193,0.023,0.027,,32400,0.193,0.575,0.768
B.M.W.,SERIE_4,420,ELEC+GAZOLE_HR,1995,1670,0.087,0.027999999999999997,0.017,0.045,58050,0.087,0.7,0.7869999999999999
B.M.W.,SERIE_X,X2,GAZOLE,1995,1605,0.071,0.035,0.021,0.056,47717,0.071,0.8750000000000001,0.9460000000000001
SUZUKI,SX4,SX4,ESS+ELEC_HNR,1373,1205,0.363,0.036,0.012,,29490,0.363,0.8999999999999999,1.263
RENAULT,CLIO,CLIO,GAZOLE,1461,1173,0.134,0.038000000000000006,0.031,0.069,23000,0.134,0.9500000000000002,1.084
MINI,MINI,COUNTRYMAN,GAZOLE,1995,1510,0.177,0.045,0.015,0.06,42567,0.177,1.125,1.302
VOLKSWAGEN,TIGUAN,TIGUAN,ELEC+ESSENC_HR,1395,1744,0.213,0.013,0.011,,50806,0.213,0.325,0.538
B.M.W.,SERIE_3,330,ELEC+GAZOLE_HR,2993,1825,0.121,0.012999999999999998,0.042,0.055,62725,0.121,0.32499999999999996,0.44599999999999995
RENAULT,KANGOO,KANGOO,ESSENCE,1332,1475,0.28,0.011,0.012,,25900,0.28,0.27499999999999997,0.5549999999999999
RENAULT,KADJAR,KADJAR,ESSENCE,1332,1353,0.162,0.015,0.013,,33500,0.162,0.375,0.537
RENAULT,ESPACE,ESPACE,GAZOLE,1997,1848,0.014,0.008,0.021,0.029,57550,0.014,0.2,0.21400000000000002
DS,DS_7_CROSSBACK,7_CROSSBACK,ESSENCE,1598,1428,0.59,0.023,0.031,,49207,0.59,0.575,1.165
MERCEDES,CLASSE_C,C_220,ELEC+GAZOLE_HR,1993,1715,0.063,0.007,0.007,0.014,59883,0.063,0.17500000000000002,0.23800000000000002
MERCEDES,CLASSE_E,E_300,ESS+ELEC_HNR,1991,1780,0.332,0.017,0.015,,73850,0.332,0.42500000000000004,0.7570000000000001
RENAULT,SCENIC,SCENIC,ESSENCE,1332,1505,0.312,0.011,0.014,,36700,0.312,0.27499999999999997,0.587
B.M.W.,SERIE_X,X5,ELEC+ESSENC_HR,2998,2435,0.148,0.016,0.009,,91300,0.148,0.4,0.548
RENAULT,MEGANE,MEGANE,ESSENCE,1332,1274,0.243,0.013,0.019,,35050,0.243,0.325,0.5680000000000001
MINI,MINI,COUNTRYMAN,ESSENCE,1998,1480,0.135,0.018,0.014,,42588,0.135,0.44999999999999996,0.585
KIA,PICANTO,PICANTO,ESSENCE,1197,909,0.24,0.029,0.021,,18073,0.24,0.7250000000000001,0.9650000000000001
LEXUS,UX250H,UX,ESS+ELEC_HNR,1987,1540,0.191,0.02,0.005,,46263,0.191,0.5,0.6910000000000001
B.M.W.,SERIE_1,116,ESSENCE,1499,1320,0.179,0.019,0.011,,33960,0.179,0.475,0.6539999999999999
FORD,FIESTA,FIESTA,SUPERETHANOL,999,1114,0.393,0.036,0.01,,23090,0.393,0.8999999999999999,1.293
KIA,CEED,CEED,ELEC+GAZOLE_HR,1598,1370,0.108,0.038,0.009,0.047,33242,0.108,0.95,1.058
B.M.W.,SERIE_4,440,ESS+ELEC_HNR,2998,1740,0.087,0.013,0.009,,70650,0.087,0.325,0.41200000000000003
B.M.W.,SERIE_2,220,ESSENCE,1998,1430,0.156,0.017,0.011,,44133,0.156,0.42500000000000004,0.5810000000000001
FORD,PUMA,PUMA,SUPERETHANOL,999,1205,0.424,0.04,0.017,,26150,0.424,1.0,1.424
KIA,STONIC,STONIC,ESSENCE,998,1120,0.321,0.022,0.018,,23390,0.321,0.5499999999999999,0.871
MERCEDES,CLASSE_GLE,GLE_300,ELEC+GAZOLE_HR,1993,2205,0.04,0.01,0.01,0.02,86350,0.04,0.25,0.29
MERCEDES,CLASSE_GLE,GLE_350,ELEC+ESSENC_HR,1991,2530,0.207,0.021,0.015,,106050,0.207,0.525,0.732
RENAULT,MEGANE,MEGANE,GAZOLE,1461,1372,0.029,0.006000000000000002,0.011,0.017,33775,0.029,0.15000000000000005,0.17900000000000005
MERCEDES,CLASSE_C,C_200,ELEC+GAZOLE_HR,1993,1650,0.064,0.007,0.007,0.014,50934,0.064,0.17500000000000002,0.23900000000000002
RENAULT,KADJAR,KADJAR,ESSENCE,1332,1372,0.156,0.012,0.021,,35500,0.156,0.3,0.45599999999999996
B.M.W.,SERIE_X,X4,ELEC+GAZOLE_HR,2993,2020,0.122,0.013999999999999999,0.038,0.052,79750,0.122,0.35,0.472
SKODA,KODIAQ,KODIAQ,ESSENCE,1984,1751,0.331,0.018,0.01,,54840,0.331,0.44999999999999996,0.7809999999999999
MERCEDES,CLASSE_C,C_220,ELEC+GAZOLE_HR,1993,1655,0.063,0.007,0.007,0.014,58383,0.063,0.17500000000000002,0.23800000000000002
VOLVO,XC40,XC40,ESSENCE,1477,1505,0.28,0.031,0.018,,38450,0.28,0.775,1.0550000000000002
B.M.W.,SERIE_2,220,ESSENCE,1998,1430,0.156,0.017,0.011,,44133,0.156,0.42500000000000004,0.5810000000000001
MERCEDES,CLASSE_GLE,GLE_350,ELEC+ESSENC_HR,1991,2530,0.382,0.025,0.015,,106050,0.382,0.625,1.0070000000000001
RENAULT,MEGANE,MEGANE,GAZOLE,1461,1320,0.171,0.061,0.021,0.082,32275,0.171,1.525,1.696
RENAULT,MEGANE,MEGANE,GAZOLE,1461,1347,0.151,0.046,0.026,0.072,33775,0.151,1.15,1.301
MERCEDES,CLASSE_S,S_580,ELEC+ESSENC_HR,2999,2365,0.278,0.01,0.004,,82525,0.278,0.25,0.528
MERCEDES,CLASSE_GLE,GLE_350,ELEC+GAZOLE_HR,1950,2580,0.031,0.0040000000000000036,0.046,0.05,95650,0.031,0.10000000000000009,0.1310000000000001
B.M.W.,SERIE_2,216,GAZOLE,1496,1430,0.037,0.02,0.019,0.039,37733,0.037,0.5,0.537
MERCEDES,CLASSE_B,B_180,GAZOLE,1950,1430,0.03,0.0049999999999999975,0.025,0.03,38525,0.03,0.12499999999999994,0.15499999999999994
B.M.W.,SERIE_1,118,GAZOLE,1995,1405,0.185,0.052,0.023,0.075,38110,0.185,1.3,1.485
VOLKSWAGEN,KOMBI,KOMBI,GAZOLE,1968,1932,0.015,0.013999999999999999,0.033,0.047,60740,0.015,0.35,0.365
B.M.W.,SERIE_2,218,ESSENCE,1499,1375,0.273,0.023,0.015,,40663,0.273,0.575,0.848
B.M.W.,M4,M4,ESSENCE,2993,1775,0.177,0.008,0.018,,104550,0.177,0.2,0.377
JEEP,COMPASS,COMPASS,GAZOLE,1598,1540,0.067,0.024000000000000007,0.044,0.068,38650,0.067,0.6000000000000002,0.6670000000000003
MINI,MINI,CABRIO,ESSENCE,1998,1325,0.188,0.016,0.009,,41233,0.188,0.4,0.5880000000000001
HYUNDAI,I_30,I_30,ESS+ELEC_HNR,998,1246,0.214,0.027,0.049,,29020,0.214,0.675,0.889
SKODA,FABIA,FABIA,ESSENCE,999,1097,0.193,0.021,0.042,,22347,0.193,0.525,0.718
VOLVO,XC40,XC40,ELEC+ESSENC_HR,1477,1737,0.11,0.006,0.008,,51525,0.11,0.15,0.26
B.M.W.,SERIE_1,118,ESSENCE,1499,1290,0.291,0.024,0.018,,32798,0.291,0.6,0.891
RENAULT,KANGOO,KANGOO,ESSENCE,1332,1475,0.291,0.012,0.011,,28900,0.291,0.3,0.591
CITROEN,JUMPY_SPACE_TOURER,SPACE_TOURER,GAZOLE,1499,1659,0.072,0.0049999999999999975,0.05,0.055,34350,0.072,0.12499999999999994,0.19699999999999995
MERCEDES,CLASSE_C,C_220,GAZOLE,1950,1575,0.059,0.009000000000000001,0.02,0.029,58600,0.059,0.22500000000000003,0.28400000000000003
NISSAN,JUKE,JUKE,ESSENCE,999,1187,0.276,0.021,0.022,,26354,0.276,0.525,0.801
SEAT,ATECA,ATECA,ESSENCE,1498,1361,0.126,0.014,0.01,,36991,0.126,0.35000000000000003,0.47600000000000003
B.M.W.,SERIE_4,440,ESS+ELEC_HNR,2998,1740,0.087,0.013,0.009,,70650,0.087,0.325,0.41200000000000003
VOLKSWAGEN,TIGUAN,TIGUAN,GAZOLE,1968,1630,0.019,0.009000000000000001,0.033,0.042,57595,0.019,0.22500000000000003,0.24400000000000002
MERCEDES,CLASSE_GLE,GLE_300,ELEC+GAZOLE_HR,1993,2205,0.049,0.007999999999999998,0.01,0.018,86350,0.049,0.19999999999999996,0.24899999999999994
NISSAN,PRIMASTAR,PRIMASTAR,GAZOLE,1997,2006,0.017,0.006999999999999999,0.033,0.04,46458,0.017,0.175,0.192
RENAULT,CLIO,CLIO,ESS+ELEC_HNR,1598,1238,0.445,0.022,0.002,,25517,0.445,0.5499999999999999,0.9949999999999999
FIAT,PANDA,PANDA,ESS+ELEC_HNR,999,1002,0.3,0.028,0.022,,15290,0.3,0.7000000000000001,1.0
FIAT,TIPO,TIPO,GAZOLE,1598,1340,0.071,0.026999999999999996,0.05,0.077,26990,0.071,0.6749999999999999,0.7459999999999999
B.M.W.,SERIE_X,X5,ELEC+GAZOLE_HR,2993,2190,0.141,0.018000000000000002,0.045,0.063,79017,0.141,0.45000000000000007,0.5910000000000001
B.M.W.,SERIE_5,520,ESS+ELEC_HNR,1998,1610,0.089,0.013,0.019,,57463,0.089,0.325,0.41400000000000003
MINI,MINI,CABRIO,ESSENCE,1998,1340,0.24,0.014,0.012,,44367,0.24,0.35000000000000003,0.5900000000000001
FORD,TOURNEO,TOURNEO_CONNECT,ESSENCE,999,1598,0.632,0.047,0.016,,26055,0.632,1.175,1.807
DACIA,SANDERO,SANDERO,ESSENCE,999,1077,0.266,0.035,0.021,,14600,0.266,0.8750000000000001,1.141
VOLVO,XC60,XC60,ELEC+ESSENC_HR,1969,2075,0.243,0.008,0.008,,76310,0.243,0.2,0.443
SKODA,KAROQ,KAROQ,ESSENCE,1498,1342,0.124,0.013,0.008,,37898,0.124,0.325,0.449
B.M.W.,SERIE_X,X4,ESS+ELEC_HNR,1998,1815,0.183,0.013,0.014,,63850,0.183,0.325,0.508
VOLKSWAGEN,T_ROC,T_ROC,GAZOLE,1968,1485,0.022,0.007999999999999997,0.029,0.037,44513,0.022,0.19999999999999993,0.22199999999999992
OPEL,ASTRA,ASTRA,GAZOLE,1499,1363,0.054,0.004,0.027,0.031,35317,0.054,0.1,0.154
DS,DS_3_CROSSBACK,3_CROSSBACK,ESSENCE,1199,1170,0.63,0.023,0.031,,29550,0.63,0.575,1.205
DACIA,DUSTER,DUSTER,ESSENCE,1332,1257,0.235,0.011,0.014,,20975,0.235,0.27499999999999997,0.51
VOLKSWAGEN,CADDY,CADDY,ESSENCE,1498,1581,0.212,0.028,0.029,,38273,0.212,0.7000000000000001,0.912
B.M.W.,SERIE_1,120,ESSENCE,1998,1390,0.156,0.017,0.011,,41488,0.156,0.42500000000000004,0.5810000000000001
B.M.W.,SERIE_4,430,ELEC+GAZOLE_HR,2993,1780,0.123,0.013999999999999999,0.041,0.055,62850,0.123,0.35,0.473
B.M.W.,SERIE_X,X3,ELEC+ESSENC_HR,1998,1990,0.642,0.017,0.012,,64950,0.642,0.42500000000000004,1.0670000000000002
VOLVO,V60,V60,ESS+ELEC_HNR,1969,1659,0.201,0.014,0.012,,53783,0.201,0.35000000000000003,0.551
B.M.W.,SERIE_4,420,ESSENCE,1998,1690,0.237,0.022,0.018,,60100,0.237,0.5499999999999999,0.7869999999999999
PORSCHE,CAYENNE_E_HYBRID,CAYENNE,ELEC+ESSENC_HR,2995,2360,0.389,0.021,0.021,,105929,0.389,0.525,0.914
B.M.W.,SERIE_2,220,GAZOLE,1995,1565,0.071,0.037000000000000005,0.021,0.058,49633,0.071,0.9250000000000002,0.9960000000000001
B.M.W.,SERIE_1,116,GAZOLE,1496,1385,0.037,0.02,0.019,0.039,38560,0.037,0.5,0.537
FORD,PUMA,PUMA,SUPERETHANOL,999,1205,0.424,0.04,0.017,,26150,0.424,1.0,1.424
VOLVO,XC60,XC60,ELEC+GAZOLE_HR,1969,1837,0.246,0.027999999999999997,0.031,0.059,63730,0.246,0.7,0.946
DS,DS_7_CROSSBACK,7_CROSSBACK,ELEC+ESSENC_HR,1598,1760,0.254,0.013,0.003,,57560,0.254,0.325,0.579
FORD,TOURNEO,TOURNEO_CONNECT,GAZOLE,1499,1695,0.04,0.005,0.022,0.027,30433,0.04,0.125,0.165
B.M.W.,M5,M5,ESSENCE,4395,1895,0.214,0.013,0.011,,138500,0.214,0.325,0.539
B.M.W.,M3,M3,ESSENCE,2993,1780,0.177,0.008,0.018,,102000,0.177,0.2,0.377
OPEL,INSIGNIA_SPORTS_TOURER,INSIGNIA,GAZOLE,1496,1544,0.051,0.016999999999999998,0.02,0.037,43725,0.051,0.42499999999999993,0.4759999999999999
B.M.W.,SERIE_3,340,ESS+ELEC_HNR,2998,1795,0.152,0.017,0.008,,71700,0.152,0.42500000000000004,0.5770000000000001
DS,DS_7_CROSSBACK,7_CROSSBACK,ELEC+ESSENC_HR,1598,1760,0.46,0.015,0.016,,57560,0.46,0.375,0.835
OPEL,ASTRA,ASTRA,ESSENCE,1199,1257,0.27,0.027,0.046,,24267,0.27,0.675,0.9450000000000001
OPEL,CORSA,CORSA,ESSENCE,1199,980,0.475,0.034,0.012,,19800,0.475,0.8500000000000001,1.3250000000000002
SKODA,KODIAQ,KODIAQ,GAZOLE,1968,1748,0.026,0.009999999999999998,0.029,0.039,33820,0.026,0.24999999999999997,0.27599999999999997
MERCEDES,CLASSE_C,C_220,ELEC+GAZOLE_HR,1993,1800,0.056,0.005999999999999999,0.007,0.013,62283,0.056,0.15,0.206
HYUNDAI,I_30,I_30,ESS+ELEC_HNR,1482,1382,0.622,0.053,0.025,,34240,0.622,1.325,1.947
B.M.W.,SERIE_X,X2,ESSENCE,1499,1410,0.267,0.025,0.014,,40217,0.267,0.625,0.892
B.M.W.,SERIE_1,118,ESSENCE,1499,1290,0.291,0.024,0.018,,35210,0.291,0.6,0.891
MERCEDES,CLASSE_V,V_250,GAZOLE,1950,2170,0.211,0.018,0.027,0.045,74793,0.211,0.44999999999999996,0.6609999999999999
HYUNDAI,KONA,KONA,ESS+ELEC_HNR,998,1265,0.223,0.025,0.022,,26450,0.223,0.625,0.848
PEUGEOT,5008,5008,GAZOLE,1997,1607,0.101,0.011000000000000003,0.03,0.041,47840,0.101,0.2750000000000001,0.3760000000000001
B.M.W.,SERIE_1,118,ESSENCE,1499,1320,0.273,0.023,0.015,,37510,0.273,0.575,0.848
FORD,FIESTA,FIESTA,ESSENCE,1496,1205,0.482,0.017,0.019,,27390,0.482,0.42500000000000004,0.907
